{
  "type": "FeatureCollection",
  "features": [
    {
      "type": "Feature",
      "geometry": {
        "type": "Point",
        "coordinates": [
          116.6031,
          40.0799
        ]
      },
      "properties": {
        "class": "airport",
        "icao": "ZBAA",
        "name": "BEIJING CAPITAL INTL",
        "elevation": 1165,
        "transition_alt": 9800,
        "marker-symbol": "airport"
      }
    },
    {
      "type": "Feature",
      "geometry": {
        "type": "Point",
        "coordinates": [
          121.8083,
          31.1443
        ]
      },
      "properties": {
        "class": "airport",
        "icao": "ZSPD",
        "name": "SHANGHAI PUDONG INTL",
        "elevation": 13,
        "transition_alt": 9800,
        "marker-symbol": "airport"
      }
    },
    {
      "type": "Feature",
      "geometry": {
        "type": "Point",
        "coordinates": [
          113.2988,
          23.3924
        ]
      },
      "properties": {
        "class": "airport",
        "icao": "ZGGG",
        "name": "GUANGZHOU BAIYUN INTL",
        "elevation": 36,
        "transition_alt": 9800,
        "marker-symbol": "airport"
      }
    },
    {
      "type": "Feature",
      "geometry": {
        "type": "Point",
        "coordinates": [
          103.947,
          30.5785
        ]
      },
      "properties": {
        "class": "airport",
        "icao": "ZUUU",
        "name": "CHENGDU SHUANGLIU INTL",
        "elevation": 1625,
        "transition_alt": 9800,
        "marker-symbol": "airport"
      }
    },
    {
      "type": "Feature",
      "geometry": {
        "type": "Point",
        "coordinates": [
          121.3363,
          31.1979
        ]
      },
      "properties": {
        "class": "airport",
        "icao": "ZSSS",
        "name": "SHANGHAI HONGQIAO INTL",
        "elevation": 10,
        "transition_alt": 9800,
        "marker-symbol": "airport"
      }
    },
    {
      "type": "Feature",
      "geometry": {
        "type": "Point",
        "coordinates": [
          108.7516,
          34.4471
        ]
      },
      "properties": {
        "class": "airport",
        "icao": "ZLXY",
        "name": "XI AN XIANYANG INTL",
        "elevation": 1572,
        "transition_alt": 9800,
        "marker-symbol": "airport"
      }
    },
    {
      "type": "Feature",
      "geometry": {
        "type": "Point",
        "coordinates": [
          139.77980000000002,
          35.5494
        ]
      },
      "properties": {
        "class": "airport",
        "icao": "RJTT",
        "name": "TOKYO HANEDA INTL",
        "elevation": 21,
        "transition_alt": 9800,
        "marker-symbol": "airport"
      }
    },
    {
      "type": "Feature",
      "geometry": {
        "type": "Point",
        "coordinates": [
          135.233,
          34.4347
        ]
      },
      "properties": {
        "class": "airport",
        "icao": "RJBB",
        "name": "OSAKA KANSAI INTL",
        "elevation": 26,
        "transition_alt": 9800,
        "marker-symbol": "airport"
      }
    },
    {
      "type": "Feature",
      "geometry": {
        "type": "Point",
        "coordinates": [
          126.4407,
          37.4602
        ]
      },
      "properties": {
        "class": "airport",
        "icao": "RKSI",
        "name": "SEOUL INCHEON INTL",
        "elevation": 23,
        "transition_alt": 9800,
        "marker-symbol": "airport"
      }
    },
    {
      "type": "Feature",
      "geometry": {
        "type": "Point",
        "coordinates": [
          113.91850000000001,
          22.308
        ]
      },
      "properties": {
        "class": "airport",
        "icao": "VHHH",
        "name": "HONG KONG INTL",
        "elevation": 28,
        "transition_alt": 9800,
        "marker-symbol": "airport"
      }
    },
    {
      "type": "Feature",
      "geometry": {
        "type": "Point",
        "coordinates": [
          103.9915,
          1.3644
        ]
      },
      "properties": {
        "class": "airport",
        "icao": "WSSS",
        "name": "SINGAPORE CHANGI INTL",
        "elevation": 22,
        "transition_alt": 9800,
        "marker-symbol": "airport"
      }
    },
    {
      "type": "Feature",
      "geometry": {
        "type": "Point",
        "coordinates": [
          100.7501,
          13.69
        ]
      },
      "properties": {
        "class": "airport",
        "icao": "VTBS",
        "name": "BANGKOK SUVARNABHUMI",
        "elevation": 5,
        "transition_alt": 9800,
        "marker-symbol": "airport"
      }
    },
    {
      "type": "Feature",
      "geometry": {
        "type": "Point",
        "coordinates": [
          101.7099,
          2.7456
        ]
      },
      "properties": {
        "class": "airport",
        "icao": "WMKK",
        "name": "KUALA LUMPUR INTL",
        "elevation": 70,
        "transition_alt": 9800,
        "marker-symbol": "airport"
      }
    },
    {
      "type": "Feature",
      "geometry": {
        "type": "Point",
        "coordinates": [
          121.0195,
          14.5086
        ]
      },
      "properties": {
        "class": "airport",
        "icao": "RPLL",
        "name": "MANILA NINOY AQUINO INTL",
        "elevation": 75,
        "transition_alt": 9800,
        "marker-symbol": "airport"
      }
    },
    {
      "type": "Feature",
      "geometry": {
        "type": "Point",
        "coordinates": [
          77.1,
          28.5562
        ]
      },
      "properties": {
        "class": "airport",
        "icao": "VIDP",
        "name": "DELHI INDIRA GANDHI INTL",
        "elevation": 776,
        "transition_alt": 9800,
        "marker-symbol": "airport"
      }
    },
    {
      "type": "Feature",
      "geometry": {
        "type": "Point",
        "coordinates": [
          72.8656,
          19.089599999999997
        ]
      },
      "properties": {
        "class": "airport",
        "icao": "VABB",
        "name": "MUMBAI CHHATRAPATI SHIVAJI",
        "elevation": 10,
        "transition_alt": 9800,
        "marker-symbol": "airport"
      }
    },
    {
      "type": "Feature",
      "geometry": {
        "type": "Point",
        "coordinates": [
          55.365700000000004,
          25.2532
        ]
      },
      "properties": {
        "class": "airport",
        "icao": "OMDB",
        "name": "DUBAI INTL",
        "elevation": 62,
        "transition_alt": 9800,
        "marker-symbol": "airport"
      }
    },
    {
      "type": "Feature",
      "geometry": {
        "type": "Point",
        "coordinates": [
          51.608000000000004,
          25.2731
        ]
      },
      "properties": {
        "class": "airport",
        "icao": "OTHH",
        "name": "DOHA HAMAD INTL",
        "elevation": 13,
        "transition_alt": 9800,
        "marker-symbol": "airport"
      }
    },
    {
      "type": "Feature",
      "geometry": {
        "type": "Point",
        "coordinates": [
          46.6992,
          24.9577
        ]
      },
      "properties": {
        "class": "airport",
        "icao": "OERK",
        "name": "RIYADH KING KHALID INTL",
        "elevation": 2050,
        "transition_alt": 9800,
        "marker-symbol": "airport"
      }
    },
    {
      "type": "Feature",
      "geometry": {
        "type": "Point",
        "coordinates": [
          -0.45430000000000004,
          51.47
        ]
      },
      "properties": {
        "class": "airport",
        "icao": "EGLL",
        "name": "LONDON HEATHROW",
        "elevation": 83,
        "transition_alt": 9800,
        "marker-symbol": "airport"
      }
    },
    {
      "type": "Feature",
      "geometry": {
        "type": "Point",
        "coordinates": [
          2.5479,
          49.0097
        ]
      },
      "properties": {
        "class": "airport",
        "icao": "LFPG",
        "name": "PARIS CHARLES DE GAULLE",
        "elevation": 392,
        "transition_alt": 9800,
        "marker-symbol": "airport"
      }
    },
    {
      "type": "Feature",
      "geometry": {
        "type": "Point",
        "coordinates": [
          8.5622,
          50.0379
        ]
      },
      "properties": {
        "class": "airport",
        "icao": "EDDF",
        "name": "FRANKFURT AM MAIN",
        "elevation": 364,
        "transition_alt": 9800,
        "marker-symbol": "airport"
      }
    },
    {
      "type": "Feature",
      "geometry": {
        "type": "Point",
        "coordinates": [
          4.7683,
          52.3105
        ]
      },
      "properties": {
        "class": "airport",
        "icao": "EHAM",
        "name": "AMSTERDAM SCHIPHOL",
        "elevation": -11,
        "transition_alt": 9800,
        "marker-symbol": "airport"
      }
    },
    {
      "type": "Feature",
      "geometry": {
        "type": "Point",
        "coordinates": [
          37.4146,
          55.9726
        ]
      },
      "properties": {
        "class": "airport",
        "icao": "UUEE",
        "name": "MOSCOW SHEREMETYEVO",
        "elevation": 748,
        "transition_alt": 9800,
        "marker-symbol": "airport"
      }
    },
    {
      "type": "Feature",
      "geometry": {
        "type": "Point",
        "coordinates": [
          12.2389,
          41.8003
        ]
      },
      "properties": {
        "class": "airport",
        "icao": "LIRF",
        "name": "ROME FIUMICINO",
        "elevation": 8,
        "transition_alt": 9800,
        "marker-symbol": "airport"
      }
    },
    {
      "type": "Feature",
      "geometry": {
        "type": "Point",
        "coordinates": [
          -3.5625999999999998,
          40.471900000000005
        ]
      },
      "properties": {
        "class": "airport",
        "icao": "LEMD",
        "name": "MADRID BARAJAS",
        "elevation": 1998,
        "transition_alt": 9800,
        "marker-symbol": "airport"
      }
    },
    {
      "type": "Feature",
      "geometry": {
        "type": "Point",
        "coordinates": [
          11.7861,
          48.3537
        ]
      },
      "properties": {
        "class": "airport",
        "icao": "EDDM",
        "name": "MUNICH FRANZ JOSEF STRAUSS",
        "elevation": 1487,
        "transition_alt": 9800,
        "marker-symbol": "airport"
      }
    },
    {
      "type": "Feature",
      "geometry": {
        "type": "Point",
        "coordinates": [
          -0.1903,
          51.1481
        ]
      },
      "properties": {
        "class": "airport",
        "icao": "EGKK",
        "name": "LONDON GATWICK",
        "elevation": 202,
        "transition_alt": 9800,
        "marker-symbol": "airport"
      }
    },
    {
      "type": "Feature",
      "geometry": {
        "type": "Point",
        "coordinates": [
          2.3794,
          48.7233
        ]
      },
      "properties": {
        "class": "airport",
        "icao": "LFPO",
        "name": "PARIS ORLY",
        "elevation": 290,
        "transition_alt": 9800,
        "marker-symbol": "airport"
      }
    },
    {
      "type": "Feature",
      "geometry": {
        "type": "Point",
        "coordinates": [
          -73.7781,
          40.6413
        ]
      },
      "properties": {
        "class": "airport",
        "icao": "KJFK",
        "name": "NEW YORK JOHN F KENNEDY INTL",
        "elevation": 13,
        "transition_alt": 9800,
        "marker-symbol": "airport"
      }
    },
    {
      "type": "Feature",
      "geometry": {
        "type": "Point",
        "coordinates": [
          -118.4085,
          33.941599999999994
        ]
      },
      "properties": {
        "class": "airport",
        "icao": "KLAX",
        "name": "LOS ANGELES INTL",
        "elevation": 126,
        "transition_alt": 9800,
        "marker-symbol": "airport"
      }
    },
    {
      "type": "Feature",
      "geometry": {
        "type": "Point",
        "coordinates": [
          -87.9073,
          41.9742
        ]
      },
      "properties": {
        "class": "airport",
        "icao": "KORD",
        "name": "CHICAGO OHARE INTL",
        "elevation": 668,
        "transition_alt": 9800,
        "marker-symbol": "airport"
      }
    },
    {
      "type": "Feature",
      "geometry": {
        "type": "Point",
        "coordinates": [
          -122.37899999999999,
          37.6213
        ]
      },
      "properties": {
        "class": "airport",
        "icao": "KSFO",
        "name": "SAN FRANCISCO INTL",
        "elevation": 13,
        "transition_alt": 9800,
        "marker-symbol": "airport"
      }
    },
    {
      "type": "Feature",
      "geometry": {
        "type": "Point",
        "coordinates": [
          -84.4277,
          33.6407
        ]
      },
      "properties": {
        "class": "airport",
        "icao": "KATL",
        "name": "ATLANTA HARTSFIELD JACKSON",
        "elevation": 1026,
        "transition_alt": 9800,
        "marker-symbol": "airport"
      }
    },
    {
      "type": "Feature",
      "geometry": {
        "type": "Point",
        "coordinates": [
          -97.0403,
          32.8998
        ]
      },
      "properties": {
        "class": "airport",
        "icao": "KDFW",
        "name": "DALLAS FORT WORTH INTL",
        "elevation": 607,
        "transition_alt": 9800,
        "marker-symbol": "airport"
      }
    },
    {
      "type": "Feature",
      "geometry": {
        "type": "Point",
        "coordinates": [
          -123.18390000000001,
          49.1947
        ]
      },
      "properties": {
        "class": "airport",
        "icao": "CYVR",
        "name": "VANCOUVER INTL",
        "elevation": 13,
        "transition_alt": 9800,
        "marker-symbol": "airport"
      }
    },
    {
      "type": "Feature",
      "geometry": {
        "type": "Point",
        "coordinates": [
          -79.6248,
          43.677699999999994
        ]
      },
      "properties": {
        "class": "airport",
        "icao": "CYYZ",
        "name": "TORONTO PEARSON INTL",
        "elevation": 569,
        "transition_alt": 9800,
        "marker-symbol": "airport"
      }
    },
    {
      "type": "Feature",
      "geometry": {
        "type": "Point",
        "coordinates": [
          151.1772,
          -33.946099999999994
        ]
      },
      "properties": {
        "class": "airport",
        "icao": "YSSY",
        "name": "SYDNEY KINGSFORD SMITH",
        "elevation": 21,
        "transition_alt": 9800,
        "marker-symbol": "airport"
      }
    },
    {
      "type": "Feature",
      "geometry": {
        "type": "Point",
        "coordinates": [
          144.841,
          -37.669
        ]
      },
      "properties": {
        "class": "airport",
        "icao": "YMML",
        "name": "MELBOURNE TULLAMARINE",
        "elevation": 434,
        "transition_alt": 9800,
        "marker-symbol": "airport"
      }
    },
    {
      "type": "Feature",
      "geometry": {
        "type": "Point",
        "coordinates": [
          174.785,
          -37.0082
        ]
      },
      "properties": {
        "class": "airport",
        "icao": "NZAA",
        "name": "AUCKLAND INTL",
        "elevation": 23,
        "transition_alt": 9800,
        "marker-symbol": "airport"
      }
    },
    {
      "type": "Feature",
      "geometry": {
        "type": "Point",
        "coordinates": [
          31.4056,
          30.1219
        ]
      },
      "properties": {
        "class": "airport",
        "icao": "HECA",
        "name": "CAIRO INTL",
        "elevation": 389,
        "transition_alt": 9800,
        "marker-symbol": "airport"
      }
    },
    {
      "type": "Feature",
      "geometry": {
        "type": "Point",
        "coordinates": [
          28.246000000000002,
          -26.1392
        ]
      },
      "properties": {
        "class": "airport",
        "icao": "FAOR",
        "name": "JOHANNESBURG OR TAMBO INTL",
        "elevation": 5558,
        "transition_alt": 9800,
        "marker-symbol": "airport"
      }
    },
    {
      "type": "Feature",
      "geometry": {
        "type": "Point",
        "coordinates": [
          36.9278,
          -1.3192
        ]
      },
      "properties": {
        "class": "airport",
        "icao": "HKJK",
        "name": "NAIROBI JOMO KENYATTA INTL",
        "elevation": 5327,
        "transition_alt": 9800,
        "marker-symbol": "airport"
      }
    },
    {
      "type": "Feature",
      "geometry": {
        "type": "Point",
        "coordinates": [
          -46.4731,
          -23.4356
        ]
      },
      "properties": {
        "class": "airport",
        "icao": "SBGR",
        "name": "SAO PAULO GUARULHOS INTL",
        "elevation": 2451,
        "transition_alt": 9800,
        "marker-symbol": "airport"
      }
    },
    {
      "type": "Feature",
      "geometry": {
        "type": "Point",
        "coordinates": [
          -58.535799999999995,
          -34.8222
        ]
      },
      "properties": {
        "class": "airport",
        "icao": "SAEZ",
        "name": "BUENOS AIRES EZEIZA INTL",
        "elevation": 67,
        "transition_alt": 9800,
        "marker-symbol": "airport"
      }
    },
    {
      "type": "Feature",
      "geometry": {
        "type": "Point",
        "coordinates": [
          -99.0719,
          19.4361
        ]
      },
      "properties": {
        "class": "airport",
        "icao": "MMMX",
        "name": "MEXICO CITY BENITO JUAREZ INTL",
        "elevation": 7316,
        "transition_alt": 9800,
        "marker-symbol": "airport"
      }
    },
    {
      "type": "Feature",
      "geometry": {
        "type": "Point",
        "coordinates": [
          103.8,
          31.5
        ]
      },
      "properties": {
        "class": "waypoint",
        "ident": "TARGO",
        "region": "ZZ",
        "usage": "E",
        "marker-symbol": "waypoint"
      }
    },
    {
      "type": "Feature",
      "geometry": {
        "type": "Point",
        "coordinates": [
          103.2,
          31.0
        ]
      },
      "properties": {
        "class": "waypoint",
        "ident": "GOSOD",
        "region": "ZZ",
        "usage": "E",
        "marker-symbol": "waypoint"
      }
    },
    {
      "type": "Feature",
      "geometry": {
        "type": "Point",
        "coordinates": [
          104.5,
          31.2
        ]
      },
      "properties": {
        "class": "waypoint",
        "ident": "DUMET",
        "region": "ZZ",
        "usage": "E",
        "marker-symbol": "waypoint"
      }
    },
    {
      "type": "Feature",
      "geometry": {
        "type": "Point",
        "coordinates": [
          104.8,
          30.8
        ]
      },
      "properties": {
        "class": "waypoint",
        "ident": "AGNAV",
        "region": "ZZ",
        "usage": "E",
        "marker-symbol": "waypoint"
      }
    },
    {
      "type": "Feature",
      "geometry": {
        "type": "Point",
        "coordinates": [
          105.2,
          30.2
        ]
      },
      "properties": {
        "class": "waypoint",
        "ident": "IGONO",
        "region": "ZZ",
        "usage": "E",
        "marker-symbol": "waypoint"
      }
    },
    {
      "type": "Feature",
      "geometry": {
        "type": "Point",
        "coordinates": [
          105.0,
          29.5
        ]
      },
      "properties": {
        "class": "waypoint",
        "ident": "OMBLI",
        "region": "ZZ",
        "usage": "E",
        "marker-symbol": "waypoint"
      }
    },
    {
      "type": "Feature",
      "geometry": {
        "type": "Point",
        "coordinates": [
          104.2,
          30.9
        ]
      },
      "properties": {
        "class": "waypoint",
        "ident": "WX203",
        "region": "ZZ",
        "usage": "E",
        "marker-symbol": "waypoint"
      }
    },
    {
      "type": "Feature",
      "geometry": {
        "type": "Point",
        "coordinates": [
          104.6,
          30.3
        ]
      },
      "properties": {
        "class": "waypoint",
        "ident": "WX108",
        "region": "ZZ",
        "usage": "E",
        "marker-symbol": "waypoint"
      }
    },
    {
      "type": "Feature",
      "geometry": {
        "type": "Point",
        "coordinates": [
          106.0,
          28.5
        ]
      },
      "properties": {
        "class": "waypoint",
        "ident": "SADER",
        "region": "ZZ",
        "usage": "E",
        "marker-symbol": "waypoint"
      }
    },
    {
      "type": "Feature",
      "geometry": {
        "type": "Point",
        "coordinates": [
          107.0,
          27.5
        ]
      },
      "properties": {
        "class": "waypoint",
        "ident": "KMR",
        "region": "ZZ",
        "usage": "E",
        "marker-symbol": "waypoint"
      }
    },
    {
      "type": "Feature",
      "geometry": {
        "type": "Point",
        "coordinates": [
          116.6,
          40.080000000000005
        ]
      },
      "properties": {
        "class": "waypoint",
        "ident": "PEK",
        "region": "ZZ",
        "usage": "E",
        "marker-symbol": "waypoint"
      }
    },
    {
      "type": "Feature",
      "geometry": {
        "type": "Point",
        "coordinates": [
          118.0,
          38.5
        ]
      },
      "properties": {
        "class": "waypoint",
        "ident": "DALIM",
        "region": "ZZ",
        "usage": "E",
        "marker-symbol": "waypoint"
      }
    },
    {
      "type": "Feature",
      "geometry": {
        "type": "Point",
        "coordinates": [
          117.5,
          36.8
        ]
      },
      "properties": {
        "class": "waypoint",
        "ident": "TNA",
        "region": "ZZ",
        "usage": "E",
        "marker-symbol": "waypoint"
      }
    },
    {
      "type": "Feature",
      "geometry": {
        "type": "Point",
        "coordinates": [
          121.81,
          31.14
        ]
      },
      "properties": {
        "class": "waypoint",
        "ident": "PVG",
        "region": "ZZ",
        "usage": "E",
        "marker-symbol": "waypoint"
      }
    },
    {
      "type": "Feature",
      "geometry": {
        "type": "Point",
        "coordinates": [
          123.0,
          29.0
        ]
      },
      "properties": {
        "class": "waypoint",
        "ident": "NIBOG",
        "region": "ZZ",
        "usage": "E",
        "marker-symbol": "waypoint"
      }
    },
    {
      "type": "Feature",
      "geometry": {
        "type": "Point",
        "coordinates": [
          139.78,
          35.55
        ]
      },
      "properties": {
        "class": "waypoint",
        "ident": "HND",
        "region": "ZZ",
        "usage": "E",
        "marker-symbol": "waypoint"
      }
    },
    {
      "type": "Feature",
      "geometry": {
        "type": "Point",
        "coordinates": [
          135.23,
          34.43
        ]
      },
      "properties": {
        "class": "waypoint",
        "ident": "KIX",
        "region": "ZZ",
        "usage": "E",
        "marker-symbol": "waypoint"
      }
    },
    {
      "type": "Feature",
      "geometry": {
        "type": "Point",
        "coordinates": [
          126.44,
          37.46
        ]
      },
      "properties": {
        "class": "waypoint",
        "ident": "ICN",
        "region": "ZZ",
        "usage": "E",
        "marker-symbol": "waypoint"
      }
    },
    {
      "type": "Feature",
      "geometry": {
        "type": "Point",
        "coordinates": [
          113.92,
          22.310000000000002
        ]
      },
      "properties": {
        "class": "waypoint",
        "ident": "HKG",
        "region": "ZZ",
        "usage": "E",
        "marker-symbol": "waypoint"
      }
    },
    {
      "type": "Feature",
      "geometry": {
        "type": "Point",
        "coordinates": [
          103.99,
          1.36
        ]
      },
      "properties": {
        "class": "waypoint",
        "ident": "SIN",
        "region": "ZZ",
        "usage": "E",
        "marker-symbol": "waypoint"
      }
    },
    {
      "type": "Feature",
      "geometry": {
        "type": "Point",
        "coordinates": [
          100.75,
          13.69
        ]
      },
      "properties": {
        "class": "waypoint",
        "ident": "BKK",
        "region": "ZZ",
        "usage": "E",
        "marker-symbol": "waypoint"
      }
    },
    {
      "type": "Feature",
      "geometry": {
        "type": "Point",
        "coordinates": [
          103.5,
          29.8
        ]
      },
      "properties": {
        "class": "waypoint",
        "ident": "BATUL",
        "region": "ZZ",
        "usage": "E",
        "marker-symbol": "waypoint"
      }
    },
    {
      "type": "Feature",
      "geometry": {
        "type": "Point",
        "coordinates": [
          102.8,
          30.0
        ]
      },
      "properties": {
        "class": "waypoint",
        "ident": "NOPDA",
        "region": "ZZ",
        "usage": "E",
        "marker-symbol": "waypoint"
      }
    },
    {
      "type": "Feature",
      "geometry": {
        "type": "Point",
        "coordinates": [
          77.1,
          28.560000000000002
        ]
      },
      "properties": {
        "class": "waypoint",
        "ident": "DEL",
        "region": "ZZ",
        "usage": "E",
        "marker-symbol": "waypoint"
      }
    },
    {
      "type": "Feature",
      "geometry": {
        "type": "Point",
        "coordinates": [
          55.37,
          25.25
        ]
      },
      "properties": {
        "class": "waypoint",
        "ident": "DXB",
        "region": "ZZ",
        "usage": "E",
        "marker-symbol": "waypoint"
      }
    },
    {
      "type": "Feature",
      "geometry": {
        "type": "Point",
        "coordinates": [
          31.41,
          30.12
        ]
      },
      "properties": {
        "class": "waypoint",
        "ident": "CAI",
        "region": "ZZ",
        "usage": "E",
        "marker-symbol": "waypoint"
      }
    },
    {
      "type": "Feature",
      "geometry": {
        "type": "Point",
        "coordinates": [
          51.61,
          25.27
        ]
      },
      "properties": {
        "class": "waypoint",
        "ident": "DOH",
        "region": "ZZ",
        "usage": "E",
        "marker-symbol": "waypoint"
      }
    },
    {
      "type": "Feature",
      "geometry": {
        "type": "Point",
        "coordinates": [
          50.63,
          26.27
        ]
      },
      "properties": {
        "class": "waypoint",
        "ident": "BAH",
        "region": "ZZ",
        "usage": "E",
        "marker-symbol": "waypoint"
      }
    },
    {
      "type": "Feature",
      "geometry": {
        "type": "Point",
        "coordinates": [
          8.56,
          50.04
        ]
      },
      "properties": {
        "class": "waypoint",
        "ident": "FRA",
        "region": "ZZ",
        "usage": "E",
        "marker-symbol": "waypoint"
      }
    },
    {
      "type": "Feature",
      "geometry": {
        "type": "Point",
        "coordinates": [
          2.55,
          49.01
        ]
      },
      "properties": {
        "class": "waypoint",
        "ident": "CDG",
        "region": "ZZ",
        "usage": "E",
        "marker-symbol": "waypoint"
      }
    },
    {
      "type": "Feature",
      "geometry": {
        "type": "Point",
        "coordinates": [
          -0.45,
          51.47
        ]
      },
      "properties": {
        "class": "waypoint",
        "ident": "LHR",
        "region": "ZZ",
        "usage": "E",
        "marker-symbol": "waypoint"
      }
    },
    {
      "type": "Feature",
      "geometry": {
        "type": "Point",
        "coordinates": [
          37.41,
          55.97
        ]
      },
      "properties": {
        "class": "waypoint",
        "ident": "SVO",
        "region": "ZZ",
        "usage": "E",
        "marker-symbol": "waypoint"
      }
    },
    {
      "type": "Feature",
      "geometry": {
        "type": "Point",
        "coordinates": [
          4.77,
          52.309999999999995
        ]
      },
      "properties": {
        "class": "waypoint",
        "ident": "AMS",
        "region": "ZZ",
        "usage": "E",
        "marker-symbol": "waypoint"
      }
    },
    {
      "type": "Feature",
      "geometry": {
        "type": "Point",
        "coordinates": [
          -20.0,
          52.0
        ]
      },
      "properties": {
        "class": "waypoint",
        "ident": "BOMRA",
        "region": "ZZ",
        "usage": "E",
        "marker-symbol": "waypoint"
      }
    },
    {
      "type": "Feature",
      "geometry": {
        "type": "Point",
        "coordinates": [
          -45.0,
          49.0
        ]
      },
      "properties": {
        "class": "waypoint",
        "ident": "GANDE",
        "region": "ZZ",
        "usage": "E",
        "marker-symbol": "waypoint"
      }
    },
    {
      "type": "Feature",
      "geometry": {
        "type": "Point",
        "coordinates": [
          -73.78,
          40.64
        ]
      },
      "properties": {
        "class": "waypoint",
        "ident": "JFK",
        "region": "ZZ",
        "usage": "E",
        "marker-symbol": "waypoint"
      }
    },
    {
      "type": "Feature",
      "geometry": {
        "type": "Point",
        "coordinates": [
          -25.0,
          50.0
        ]
      },
      "properties": {
        "class": "waypoint",
        "ident": "MALOT",
        "region": "ZZ",
        "usage": "E",
        "marker-symbol": "waypoint"
      }
    },
    {
      "type": "Feature",
      "geometry": {
        "type": "Point",
        "coordinates": [
          -50.0,
          47.0
        ]
      },
      "properties": {
        "class": "waypoint",
        "ident": "STEPT",
        "region": "ZZ",
        "usage": "E",
        "marker-symbol": "waypoint"
      }
    },
    {
      "type": "Feature",
      "geometry": {
        "type": "Point",
        "coordinates": [
          -79.61999999999999,
          43.68
        ]
      },
      "properties": {
        "class": "waypoint",
        "ident": "YYZ",
        "region": "ZZ",
        "usage": "E",
        "marker-symbol": "waypoint"
      }
    },
    {
      "type": "Feature",
      "geometry": {
        "type": "Point",
        "coordinates": [
          -87.91000000000001,
          41.97
        ]
      },
      "properties": {
        "class": "waypoint",
        "ident": "ORD",
        "region": "ZZ",
        "usage": "E",
        "marker-symbol": "waypoint"
      }
    },
    {
      "type": "Feature",
      "geometry": {
        "type": "Point",
        "coordinates": [
          -93.22,
          44.88
        ]
      },
      "properties": {
        "class": "waypoint",
        "ident": "MSP",
        "region": "ZZ",
        "usage": "E",
        "marker-symbol": "waypoint"
      }
    },
    {
      "type": "Feature",
      "geometry": {
        "type": "Point",
        "coordinates": [
          -123.18,
          49.19
        ]
      },
      "properties": {
        "class": "waypoint",
        "ident": "YVR",
        "region": "ZZ",
        "usage": "E",
        "marker-symbol": "waypoint"
      }
    },
    {
      "type": "Feature",
      "geometry": {
        "type": "Point",
        "coordinates": [
          -118.41000000000001,
          33.94
        ]
      },
      "properties": {
        "class": "waypoint",
        "ident": "LAX",
        "region": "ZZ",
        "usage": "E",
        "marker-symbol": "waypoint"
      }
    },
    {
      "type": "Feature",
      "geometry": {
        "type": "Point",
        "coordinates": [
          -122.38,
          37.62
        ]
      },
      "properties": {
        "class": "waypoint",
        "ident": "SFO",
        "region": "ZZ",
        "usage": "E",
        "marker-symbol": "waypoint"
      }
    },
    {
      "type": "Feature",
      "geometry": {
        "type": "Point",
        "coordinates": [
          -122.31,
          47.45
        ]
      },
      "properties": {
        "class": "waypoint",
        "ident": "SEA",
        "region": "ZZ",
        "usage": "E",
        "marker-symbol": "waypoint"
      }
    },
    {
      "type": "Feature",
      "geometry": {
        "type": "Point",
        "coordinates": [
          -84.43,
          33.64
        ]
      },
      "properties": {
        "class": "waypoint",
        "ident": "ATL",
        "region": "ZZ",
        "usage": "E",
        "marker-symbol": "waypoint"
      }
    },
    {
      "type": "Feature",
      "geometry": {
        "type": "Point",
        "coordinates": [
          -97.03999999999999,
          32.9
        ]
      },
      "properties": {
        "class": "waypoint",
        "ident": "DFW",
        "region": "ZZ",
        "usage": "E",
        "marker-symbol": "waypoint"
      }
    },
    {
      "type": "Feature",
      "geometry": {
        "type": "Point",
        "coordinates": [
          -80.28999999999999,
          25.790000000000003
        ]
      },
      "properties": {
        "class": "waypoint",
        "ident": "MIA",
        "region": "ZZ",
        "usage": "E",
        "marker-symbol": "waypoint"
      }
    },
    {
      "type": "Feature",
      "geometry": {
        "type": "Point",
        "coordinates": [
          -157.92,
          21.32
        ]
      },
      "properties": {
        "class": "waypoint",
        "ident": "HNL",
        "region": "ZZ",
        "usage": "E",
        "marker-symbol": "waypoint"
      }
    },
    {
      "type": "Feature",
      "geometry": {
        "type": "Point",
        "coordinates": [
          171.0,
          7.0
        ]
      },
      "properties": {
        "class": "waypoint",
        "ident": "MAJ",
        "region": "ZZ",
        "usage": "E",
        "marker-symbol": "waypoint"
      }
    },
    {
      "type": "Feature",
      "geometry": {
        "type": "Point",
        "coordinates": [
          144.8,
          13.48
        ]
      },
      "properties": {
        "class": "waypoint",
        "ident": "GUM",
        "region": "ZZ",
        "usage": "E",
        "marker-symbol": "waypoint"
      }
    },
    {
      "type": "Feature",
      "geometry": {
        "type": "Point",
        "coordinates": [
          151.17999999999998,
          -33.95
        ]
      },
      "properties": {
        "class": "waypoint",
        "ident": "SYD",
        "region": "ZZ",
        "usage": "E",
        "marker-symbol": "waypoint"
      }
    },
    {
      "type": "Feature",
      "geometry": {
        "type": "Point",
        "coordinates": [
          144.84,
          -37.669999999999995
        ]
      },
      "properties": {
        "class": "waypoint",
        "ident": "MEL",
        "region": "ZZ",
        "usage": "E",
        "marker-symbol": "waypoint"
      }
    },
    {
      "type": "Feature",
      "geometry": {
        "type": "Point",
        "coordinates": [
          174.79,
          -37.01
        ]
      },
      "properties": {
        "class": "waypoint",
        "ident": "AKL",
        "region": "ZZ",
        "usage": "E",
        "marker-symbol": "waypoint"
      }
    },
    {
      "type": "Feature",
      "geometry": {
        "type": "Point",
        "coordinates": [
          106.66000000000001,
          -6.13
        ]
      },
      "properties": {
        "class": "waypoint",
        "ident": "JKT",
        "region": "ZZ",
        "usage": "E",
        "marker-symbol": "waypoint"
      }
    },
    {
      "type": "Feature",
      "geometry": {
        "type": "Point",
        "coordinates": [
          115.97,
          -31.94
        ]
      },
      "properties": {
        "class": "waypoint",
        "ident": "PER",
        "region": "ZZ",
        "usage": "E",
        "marker-symbol": "waypoint"
      }
    },
    {
      "type": "Feature",
      "geometry": {
        "type": "Point",
        "coordinates": [
          28.25,
          -26.14
        ]
      },
      "properties": {
        "class": "waypoint",
        "ident": "JNB",
        "region": "ZZ",
        "usage": "E",
        "marker-symbol": "waypoint"
      }
    },
    {
      "type": "Feature",
      "geometry": {
        "type": "Point",
        "coordinates": [
          36.93,
          -1.32
        ]
      },
      "properties": {
        "class": "waypoint",
        "ident": "NBO",
        "region": "ZZ",
        "usage": "E",
        "marker-symbol": "waypoint"
      }
    },
    {
      "type": "Feature",
      "geometry": {
        "type": "Point",
        "coordinates": [
          -46.47,
          -23.44
        ]
      },
      "properties": {
        "class": "waypoint",
        "ident": "GRU",
        "region": "ZZ",
        "usage": "E",
        "marker-symbol": "waypoint"
      }
    },
    {
      "type": "Feature",
      "geometry": {
        "type": "Point",
        "coordinates": [
          -58.54,
          -34.82
        ]
      },
      "properties": {
        "class": "waypoint",
        "ident": "EZE",
        "region": "ZZ",
        "usage": "E",
        "marker-symbol": "waypoint"
      }
    },
    {
      "type": "Feature",
      "geometry": {
        "type": "Point",
        "coordinates": [
          -70.78999999999999,
          -33.39
        ]
      },
      "properties": {
        "class": "waypoint",
        "ident": "SCL",
        "region": "ZZ",
        "usage": "E",
        "marker-symbol": "waypoint"
      }
    },
    {
      "type": "Feature",
      "geometry": {
        "type": "Point",
        "coordinates": [
          -99.07,
          19.44
        ]
      },
      "properties": {
        "class": "waypoint",
        "ident": "MEX",
        "region": "ZZ",
        "usage": "E",
        "marker-symbol": "waypoint"
      }
    },
    {
      "type": "Feature",
      "geometry": {
        "type": "Point",
        "coordinates": [
          116.6031,
          40.57956111111111
        ]
      },
      "properties": {
        "class": "waypoint",
        "ident": "ZBAA.ZBAAN",
        "region": "ZBAA",
        "usage": "T",
        "marker-symbol": "waypoint"
      }
    },
    {
      "type": "Feature",
      "geometry": {
        "type": "Point",
        "coordinates": [
          116.6031,
          39.58023888888889
        ]
      },
      "properties": {
        "class": "waypoint",
        "ident": "ZBAA.ZBAAS",
        "region": "ZBAA",
        "usage": "T",
        "marker-symbol": "waypoint"
      }
    },
    {
      "type": "Feature",
      "geometry": {
        "type": "Point",
        "coordinates": [
          117.25611944444445,
          40.078069444444445
        ]
      },
      "properties": {
        "class": "waypoint",
        "ident": "ZBAA.ZBAAE",
        "region": "ZBAA",
        "usage": "T",
        "marker-symbol": "waypoint"
      }
    },
    {
      "type": "Feature",
      "geometry": {
        "type": "Point",
        "coordinates": [
          115.95008055555556,
          40.078069444444445
        ]
      },
      "properties": {
        "class": "waypoint",
        "ident": "ZBAA.ZBAAW",
        "region": "ZBAA",
        "usage": "T",
        "marker-symbol": "waypoint"
      }
    },
    {
      "type": "Feature",
      "geometry": {
        "type": "Point",
        "coordinates": [
          116.6031,
          39.88003055555556
        ]
      },
      "properties": {
        "class": "waypoint",
        "ident": "ZBAA.ZBAAI",
        "region": "ZBAA",
        "usage": "T",
        "marker-symbol": "waypoint"
      }
    },
    {
      "type": "Feature",
      "geometry": {
        "type": "Point",
        "coordinates": [
          116.6031,
          39.97996944444445
        ]
      },
      "properties": {
        "class": "waypoint",
        "ident": "ZBAA.ZBAAF",
        "region": "ZBAA",
        "usage": "T",
        "marker-symbol": "waypoint"
      }
    },
    {
      "type": "Feature",
      "geometry": {
        "type": "Point",
        "coordinates": [
          121.8083,
          31.64396111111111
        ]
      },
      "properties": {
        "class": "waypoint",
        "ident": "ZSPD.ZSPDN",
        "region": "ZSPD",
        "usage": "T",
        "marker-symbol": "waypoint"
      }
    },
    {
      "type": "Feature",
      "geometry": {
        "type": "Point",
        "coordinates": [
          121.8083,
          30.64463888888889
        ]
      },
      "properties": {
        "class": "waypoint",
        "ident": "ZSPD.ZSPDS",
        "region": "ZSPD",
        "usage": "T",
        "marker-symbol": "waypoint"
      }
    },
    {
      "type": "Feature",
      "geometry": {
        "type": "Point",
        "coordinates": [
          122.39210000000001,
          31.142980555555557
        ]
      },
      "properties": {
        "class": "waypoint",
        "ident": "ZSPD.ZSPDE",
        "region": "ZSPD",
        "usage": "T",
        "marker-symbol": "waypoint"
      }
    },
    {
      "type": "Feature",
      "geometry": {
        "type": "Point",
        "coordinates": [
          121.2245,
          31.142980555555557
        ]
      },
      "properties": {
        "class": "waypoint",
        "ident": "ZSPD.ZSPDW",
        "region": "ZSPD",
        "usage": "T",
        "marker-symbol": "waypoint"
      }
    },
    {
      "type": "Feature",
      "geometry": {
        "type": "Point",
        "coordinates": [
          121.8083,
          30.944430555555556
        ]
      },
      "properties": {
        "class": "waypoint",
        "ident": "ZSPD.ZSPDI",
        "region": "ZSPD",
        "usage": "T",
        "marker-symbol": "waypoint"
      }
    },
    {
      "type": "Feature",
      "geometry": {
        "type": "Point",
        "coordinates": [
          121.8083,
          31.044369444444445
        ]
      },
      "properties": {
        "class": "waypoint",
        "ident": "ZSPD.ZSPDF",
        "region": "ZSPD",
        "usage": "T",
        "marker-symbol": "waypoint"
      }
    },
    {
      "type": "Feature",
      "geometry": {
        "type": "Point",
        "coordinates": [
          113.2988,
          23.89206111111111
        ]
      },
      "properties": {
        "class": "waypoint",
        "ident": "ZGGG.ZGGGN",
        "region": "ZGGG",
        "usage": "T",
        "marker-symbol": "waypoint"
      }
    },
    {
      "type": "Feature",
      "geometry": {
        "type": "Point",
        "coordinates": [
          113.2988,
          22.89273888888889
        ]
      },
      "properties": {
        "class": "waypoint",
        "ident": "ZGGG.ZGGGS",
        "region": "ZGGG",
        "usage": "T",
        "marker-symbol": "waypoint"
      }
    },
    {
      "type": "Feature",
      "geometry": {
        "type": "Point",
        "coordinates": [
          113.8432111111111,
          23.39146111111111
        ]
      },
      "properties": {
        "class": "waypoint",
        "ident": "ZGGG.ZGGGE",
        "region": "ZGGG",
        "usage": "T",
        "marker-symbol": "waypoint"
      }
    },
    {
      "type": "Feature",
      "geometry": {
        "type": "Point",
        "coordinates": [
          112.75438888888888,
          23.39146111111111
        ]
      },
      "properties": {
        "class": "waypoint",
        "ident": "ZGGG.ZGGGW",
        "region": "ZGGG",
        "usage": "T",
        "marker-symbol": "waypoint"
      }
    },
    {
      "type": "Feature",
      "geometry": {
        "type": "Point",
        "coordinates": [
          113.2988,
          23.192530555555557
        ]
      },
      "properties": {
        "class": "waypoint",
        "ident": "ZGGG.ZGGGI",
        "region": "ZGGG",
        "usage": "T",
        "marker-symbol": "waypoint"
      }
    },
    {
      "type": "Feature",
      "geometry": {
        "type": "Point",
        "coordinates": [
          113.2988,
          23.292469444444446
        ]
      },
      "properties": {
        "class": "waypoint",
        "ident": "ZGGG.ZGGGF",
        "region": "ZGGG",
        "usage": "T",
        "marker-symbol": "waypoint"
      }
    },
    {
      "type": "Feature",
      "geometry": {
        "type": "Point",
        "coordinates": [
          103.947,
          31.07816111111111
        ]
      },
      "properties": {
        "class": "waypoint",
        "ident": "ZUUU.ZUUUN",
        "region": "ZUUU",
        "usage": "T",
        "marker-symbol": "waypoint"
      }
    },
    {
      "type": "Feature",
      "geometry": {
        "type": "Point",
        "coordinates": [
          103.947,
          30.07883888888889
        ]
      },
      "properties": {
        "class": "waypoint",
        "ident": "ZUUU.ZUUUS",
        "region": "ZUUU",
        "usage": "T",
        "marker-symbol": "waypoint"
      }
    },
    {
      "type": "Feature",
      "geometry": {
        "type": "Point",
        "coordinates": [
          104.52736944444445,
          30.57721111111111
        ]
      },
      "properties": {
        "class": "waypoint",
        "ident": "ZUUU.ZUUUE",
        "region": "ZUUU",
        "usage": "T",
        "marker-symbol": "waypoint"
      }
    },
    {
      "type": "Feature",
      "geometry": {
        "type": "Point",
        "coordinates": [
          103.36663055555555,
          30.57721111111111
        ]
      },
      "properties": {
        "class": "waypoint",
        "ident": "ZUUU.ZUUUW",
        "region": "ZUUU",
        "usage": "T",
        "marker-symbol": "waypoint"
      }
    },
    {
      "type": "Feature",
      "geometry": {
        "type": "Point",
        "coordinates": [
          103.947,
          30.378630555555556
        ]
      },
      "properties": {
        "class": "waypoint",
        "ident": "ZUUU.ZUUUI",
        "region": "ZUUU",
        "usage": "T",
        "marker-symbol": "waypoint"
      }
    },
    {
      "type": "Feature",
      "geometry": {
        "type": "Point",
        "coordinates": [
          103.947,
          30.478569444444442
        ]
      },
      "properties": {
        "class": "waypoint",
        "ident": "ZUUU.ZUUUF",
        "region": "ZUUU",
        "usage": "T",
        "marker-symbol": "waypoint"
      }
    },
    {
      "type": "Feature",
      "geometry": {
        "type": "Point",
        "coordinates": [
          121.3363,
          31.69756111111111
        ]
      },
      "properties": {
        "class": "waypoint",
        "ident": "ZSSS.ZSSSN",
        "region": "ZSSS",
        "usage": "T",
        "marker-symbol": "waypoint"
      }
    },
    {
      "type": "Feature",
      "geometry": {
        "type": "Point",
        "coordinates": [
          121.3363,
          30.698238888888888
        ]
      },
      "properties": {
        "class": "waypoint",
        "ident": "ZSSS.ZSSSS",
        "region": "ZSSS",
        "usage": "T",
        "marker-symbol": "waypoint"
      }
    },
    {
      "type": "Feature",
      "geometry": {
        "type": "Point",
        "coordinates": [
          121.92043055555555,
          31.196580555555556
        ]
      },
      "properties": {
        "class": "waypoint",
        "ident": "ZSSS.ZSSSE",
        "region": "ZSSS",
        "usage": "T",
        "marker-symbol": "waypoint"
      }
    },
    {
      "type": "Feature",
      "geometry": {
        "type": "Point",
        "coordinates": [
          120.75216944444445,
          31.196580555555556
        ]
      },
      "properties": {
        "class": "waypoint",
        "ident": "ZSSS.ZSSSW",
        "region": "ZSSS",
        "usage": "T",
        "marker-symbol": "waypoint"
      }
    },
    {
      "type": "Feature",
      "geometry": {
        "type": "Point",
        "coordinates": [
          121.3363,
          30.998030555555555
        ]
      },
      "properties": {
        "class": "waypoint",
        "ident": "ZSSS.ZSSSI",
        "region": "ZSSS",
        "usage": "T",
        "marker-symbol": "waypoint"
      }
    },
    {
      "type": "Feature",
      "geometry": {
        "type": "Point",
        "coordinates": [
          121.3363,
          31.097969444444445
        ]
      },
      "properties": {
        "class": "waypoint",
        "ident": "ZSSS.ZSSSF",
        "region": "ZSSS",
        "usage": "T",
        "marker-symbol": "waypoint"
      }
    },
    {
      "type": "Feature",
      "geometry": {
        "type": "Point",
        "coordinates": [
          108.7516,
          34.94676111111111
        ]
      },
      "properties": {
        "class": "waypoint",
        "ident": "ZLXY.ZLXYN",
        "region": "ZLXY",
        "usage": "T",
        "marker-symbol": "waypoint"
      }
    },
    {
      "type": "Feature",
      "geometry": {
        "type": "Point",
        "coordinates": [
          108.7516,
          33.94743888888888
        ]
      },
      "properties": {
        "class": "waypoint",
        "ident": "ZLXY.ZLXYS",
        "region": "ZLXY",
        "usage": "T",
        "marker-symbol": "waypoint"
      }
    },
    {
      "type": "Feature",
      "geometry": {
        "type": "Point",
        "coordinates": [
          109.35749999999999,
          34.445611111111106
        ]
      },
      "properties": {
        "class": "waypoint",
        "ident": "ZLXY.ZLXYE",
        "region": "ZLXY",
        "usage": "T",
        "marker-symbol": "waypoint"
      }
    },
    {
      "type": "Feature",
      "geometry": {
        "type": "Point",
        "coordinates": [
          108.1457,
          34.445611111111106
        ]
      },
      "properties": {
        "class": "waypoint",
        "ident": "ZLXY.ZLXYW",
        "region": "ZLXY",
        "usage": "T",
        "marker-symbol": "waypoint"
      }
    },
    {
      "type": "Feature",
      "geometry": {
        "type": "Point",
        "coordinates": [
          108.7516,
          34.247230555555554
        ]
      },
      "properties": {
        "class": "waypoint",
        "ident": "ZLXY.ZLXYI",
        "region": "ZLXY",
        "usage": "T",
        "marker-symbol": "waypoint"
      }
    },
    {
      "type": "Feature",
      "geometry": {
        "type": "Point",
        "coordinates": [
          108.7516,
          34.34716944444445
        ]
      },
      "properties": {
        "class": "waypoint",
        "ident": "ZLXY.ZLXYF",
        "region": "ZLXY",
        "usage": "T",
        "marker-symbol": "waypoint"
      }
    },
    {
      "type": "Feature",
      "geometry": {
        "type": "Point",
        "coordinates": [
          139.77980000000002,
          36.04906111111111
        ]
      },
      "properties": {
        "class": "waypoint",
        "ident": "RJTT.RJTTN",
        "region": "RJTT",
        "usage": "T",
        "marker-symbol": "waypoint"
      }
    },
    {
      "type": "Feature",
      "geometry": {
        "type": "Point",
        "coordinates": [
          139.77980000000002,
          35.04973888888889
        ]
      },
      "properties": {
        "class": "waypoint",
        "ident": "RJTT.RJTTS",
        "region": "RJTT",
        "usage": "T",
        "marker-symbol": "waypoint"
      }
    },
    {
      "type": "Feature",
      "geometry": {
        "type": "Point",
        "coordinates": [
          140.39391944444444,
          35.54783888888889
        ]
      },
      "properties": {
        "class": "waypoint",
        "ident": "RJTT.RJTTE",
        "region": "RJTT",
        "usage": "T",
        "marker-symbol": "waypoint"
      }
    },
    {
      "type": "Feature",
      "geometry": {
        "type": "Point",
        "coordinates": [
          139.16568055555555,
          35.54783888888889
        ]
      },
      "properties": {
        "class": "waypoint",
        "ident": "RJTT.RJTTW",
        "region": "RJTT",
        "usage": "T",
        "marker-symbol": "waypoint"
      }
    },
    {
      "type": "Feature",
      "geometry": {
        "type": "Point",
        "coordinates": [
          139.77980000000002,
          35.34953055555556
        ]
      },
      "properties": {
        "class": "waypoint",
        "ident": "RJTT.RJTTI",
        "region": "RJTT",
        "usage": "T",
        "marker-symbol": "waypoint"
      }
    },
    {
      "type": "Feature",
      "geometry": {
        "type": "Point",
        "coordinates": [
          139.77980000000002,
          35.44946944444444
        ]
      },
      "properties": {
        "class": "waypoint",
        "ident": "RJTT.RJTTF",
        "region": "RJTT",
        "usage": "T",
        "marker-symbol": "waypoint"
      }
    },
    {
      "type": "Feature",
      "geometry": {
        "type": "Point",
        "coordinates": [
          135.233,
          34.93436111111111
        ]
      },
      "properties": {
        "class": "waypoint",
        "ident": "RJBB.RJBBN",
        "region": "RJBB",
        "usage": "T",
        "marker-symbol": "waypoint"
      }
    },
    {
      "type": "Feature",
      "geometry": {
        "type": "Point",
        "coordinates": [
          135.233,
          33.93503888888888
        ]
      },
      "properties": {
        "class": "waypoint",
        "ident": "RJBB.RJBBS",
        "region": "RJBB",
        "usage": "T",
        "marker-symbol": "waypoint"
      }
    },
    {
      "type": "Feature",
      "geometry": {
        "type": "Point",
        "coordinates": [
          135.8388111111111,
          34.433211111111106
        ]
      },
      "properties": {
        "class": "waypoint",
        "ident": "RJBB.RJBBE",
        "region": "RJBB",
        "usage": "T",
        "marker-symbol": "waypoint"
      }
    },
    {
      "type": "Feature",
      "geometry": {
        "type": "Point",
        "coordinates": [
          134.6271888888889,
          34.433211111111106
        ]
      },
      "properties": {
        "class": "waypoint",
        "ident": "RJBB.RJBBW",
        "region": "RJBB",
        "usage": "T",
        "marker-symbol": "waypoint"
      }
    },
    {
      "type": "Feature",
      "geometry": {
        "type": "Point",
        "coordinates": [
          135.233,
          34.234830555555554
        ]
      },
      "properties": {
        "class": "waypoint",
        "ident": "RJBB.RJBBI",
        "region": "RJBB",
        "usage": "T",
        "marker-symbol": "waypoint"
      }
    },
    {
      "type": "Feature",
      "geometry": {
        "type": "Point",
        "coordinates": [
          135.233,
          34.33476944444445
        ]
      },
      "properties": {
        "class": "waypoint",
        "ident": "RJBB.RJBBF",
        "region": "RJBB",
        "usage": "T",
        "marker-symbol": "waypoint"
      }
    },
    {
      "type": "Feature",
      "geometry": {
        "type": "Point",
        "coordinates": [
          126.4407,
          37.95986111111112
        ]
      },
      "properties": {
        "class": "waypoint",
        "ident": "RKSI.RKSIN",
        "region": "RKSI",
        "usage": "T",
        "marker-symbol": "waypoint"
      }
    },
    {
      "type": "Feature",
      "geometry": {
        "type": "Point",
        "coordinates": [
          126.4407,
          36.96053888888889
        ]
      },
      "properties": {
        "class": "waypoint",
        "ident": "RKSI.RKSIS",
        "region": "RKSI",
        "usage": "T",
        "marker-symbol": "waypoint"
      }
    },
    {
      "type": "Feature",
      "geometry": {
        "type": "Point",
        "coordinates": [
          127.07016944444445,
          37.458530555555555
        ]
      },
      "properties": {
        "class": "waypoint",
        "ident": "RKSI.RKSIE",
        "region": "RKSI",
        "usage": "T",
        "marker-symbol": "waypoint"
      }
    },
    {
      "type": "Feature",
      "geometry": {
        "type": "Point",
        "coordinates": [
          125.81123055555555,
          37.458530555555555
        ]
      },
      "properties": {
        "class": "waypoint",
        "ident": "RKSI.RKSIW",
        "region": "RKSI",
        "usage": "T",
        "marker-symbol": "waypoint"
      }
    },
    {
      "type": "Feature",
      "geometry": {
        "type": "Point",
        "coordinates": [
          126.4407,
          37.260330555555555
        ]
      },
      "properties": {
        "class": "waypoint",
        "ident": "RKSI.RKSII",
        "region": "RKSI",
        "usage": "T",
        "marker-symbol": "waypoint"
      }
    },
    {
      "type": "Feature",
      "geometry": {
        "type": "Point",
        "coordinates": [
          126.4407,
          37.36026944444445
        ]
      },
      "properties": {
        "class": "waypoint",
        "ident": "RKSI.RKSIF",
        "region": "RKSI",
        "usage": "T",
        "marker-symbol": "waypoint"
      }
    },
    {
      "type": "Feature",
      "geometry": {
        "type": "Point",
        "coordinates": [
          113.91850000000001,
          22.807661111111113
        ]
      },
      "properties": {
        "class": "waypoint",
        "ident": "VHHH.VHHHN",
        "region": "VHHH",
        "usage": "T",
        "marker-symbol": "waypoint"
      }
    },
    {
      "type": "Feature",
      "geometry": {
        "type": "Point",
        "coordinates": [
          113.91850000000001,
          21.80833888888889
        ]
      },
      "properties": {
        "class": "waypoint",
        "ident": "VHHH.VHHHS",
        "region": "VHHH",
        "usage": "T",
        "marker-symbol": "waypoint"
      }
    },
    {
      "type": "Feature",
      "geometry": {
        "type": "Point",
        "coordinates": [
          114.45858055555556,
          22.307111111111112
        ]
      },
      "properties": {
        "class": "waypoint",
        "ident": "VHHH.VHHHE",
        "region": "VHHH",
        "usage": "T",
        "marker-symbol": "waypoint"
      }
    },
    {
      "type": "Feature",
      "geometry": {
        "type": "Point",
        "coordinates": [
          113.37841944444443,
          22.307111111111112
        ]
      },
      "properties": {
        "class": "waypoint",
        "ident": "VHHH.VHHHW",
        "region": "VHHH",
        "usage": "T",
        "marker-symbol": "waypoint"
      }
    },
    {
      "type": "Feature",
      "geometry": {
        "type": "Point",
        "coordinates": [
          113.91850000000001,
          22.108130555555558
        ]
      },
      "properties": {
        "class": "waypoint",
        "ident": "VHHH.VHHHI",
        "region": "VHHH",
        "usage": "T",
        "marker-symbol": "waypoint"
      }
    },
    {
      "type": "Feature",
      "geometry": {
        "type": "Point",
        "coordinates": [
          113.91850000000001,
          22.208069444444444
        ]
      },
      "properties": {
        "class": "waypoint",
        "ident": "VHHH.VHHHF",
        "region": "VHHH",
        "usage": "T",
        "marker-symbol": "waypoint"
      }
    },
    {
      "type": "Feature",
      "geometry": {
        "type": "Point",
        "coordinates": [
          103.9915,
          1.8640611111111112
        ]
      },
      "properties": {
        "class": "waypoint",
        "ident": "WSSS.WSSSN",
        "region": "WSSS",
        "usage": "T",
        "marker-symbol": "waypoint"
      }
    },
    {
      "type": "Feature",
      "geometry": {
        "type": "Point",
        "coordinates": [
          103.9915,
          0.8647388888888888
        ]
      },
      "properties": {
        "class": "waypoint",
        "ident": "WSSS.WSSSS",
        "region": "WSSS",
        "usage": "T",
        "marker-symbol": "waypoint"
      }
    },
    {
      "type": "Feature",
      "geometry": {
        "type": "Point",
        "coordinates": [
          104.4913,
          1.3643500000000002
        ]
      },
      "properties": {
        "class": "waypoint",
        "ident": "WSSS.WSSSE",
        "region": "WSSS",
        "usage": "T",
        "marker-symbol": "waypoint"
      }
    },
    {
      "type": "Feature",
      "geometry": {
        "type": "Point",
        "coordinates": [
          103.4917,
          1.3643500000000002
        ]
      },
      "properties": {
        "class": "waypoint",
        "ident": "WSSS.WSSSW",
        "region": "WSSS",
        "usage": "T",
        "marker-symbol": "waypoint"
      }
    },
    {
      "type": "Feature",
      "geometry": {
        "type": "Point",
        "coordinates": [
          103.9915,
          1.1645305555555554
        ]
      },
      "properties": {
        "class": "waypoint",
        "ident": "WSSS.WSSSI",
        "region": "WSSS",
        "usage": "T",
        "marker-symbol": "waypoint"
      }
    },
    {
      "type": "Feature",
      "geometry": {
        "type": "Point",
        "coordinates": [
          103.9915,
          1.2644694444444444
        ]
      },
      "properties": {
        "class": "waypoint",
        "ident": "WSSS.WSSSF",
        "region": "WSSS",
        "usage": "T",
        "marker-symbol": "waypoint"
      }
    },
    {
      "type": "Feature",
      "geometry": {
        "type": "Point",
        "coordinates": [
          100.7501,
          14.18966111111111
        ]
      },
      "properties": {
        "class": "waypoint",
        "ident": "VTBS.VTBSN",
        "region": "VTBS",
        "usage": "T",
        "marker-symbol": "waypoint"
      }
    },
    {
      "type": "Feature",
      "geometry": {
        "type": "Point",
        "coordinates": [
          100.7501,
          13.190338888888888
        ]
      },
      "properties": {
        "class": "waypoint",
        "ident": "VTBS.VTBSS",
        "region": "VTBS",
        "usage": "T",
        "marker-symbol": "waypoint"
      }
    },
    {
      "type": "Feature",
      "geometry": {
        "type": "Point",
        "coordinates": [
          101.26436944444444,
          13.689469444444445
        ]
      },
      "properties": {
        "class": "waypoint",
        "ident": "VTBS.VTBSE",
        "region": "VTBS",
        "usage": "T",
        "marker-symbol": "waypoint"
      }
    },
    {
      "type": "Feature",
      "geometry": {
        "type": "Point",
        "coordinates": [
          100.23583055555555,
          13.689469444444445
        ]
      },
      "properties": {
        "class": "waypoint",
        "ident": "VTBS.VTBSW",
        "region": "VTBS",
        "usage": "T",
        "marker-symbol": "waypoint"
      }
    },
    {
      "type": "Feature",
      "geometry": {
        "type": "Point",
        "coordinates": [
          100.7501,
          13.490130555555554
        ]
      },
      "properties": {
        "class": "waypoint",
        "ident": "VTBS.VTBSI",
        "region": "VTBS",
        "usage": "T",
        "marker-symbol": "waypoint"
      }
    },
    {
      "type": "Feature",
      "geometry": {
        "type": "Point",
        "coordinates": [
          100.7501,
          13.590069444444445
        ]
      },
      "properties": {
        "class": "waypoint",
        "ident": "VTBS.VTBSF",
        "region": "VTBS",
        "usage": "T",
        "marker-symbol": "waypoint"
      }
    },
    {
      "type": "Feature",
      "geometry": {
        "type": "Point",
        "coordinates": [
          101.7099,
          3.245261111111111
        ]
      },
      "properties": {
        "class": "waypoint",
        "ident": "WMKK.WMKKN",
        "region": "WMKK",
        "usage": "T",
        "marker-symbol": "waypoint"
      }
    },
    {
      "type": "Feature",
      "geometry": {
        "type": "Point",
        "coordinates": [
          101.7099,
          2.245938888888889
        ]
      },
      "properties": {
        "class": "waypoint",
        "ident": "WMKK.WMKKS",
        "region": "WMKK",
        "usage": "T",
        "marker-symbol": "waypoint"
      }
    },
    {
      "type": "Feature",
      "geometry": {
        "type": "Point",
        "coordinates": [
          102.21013888888889,
          2.7455000000000003
        ]
      },
      "properties": {
        "class": "waypoint",
        "ident": "WMKK.WMKKE",
        "region": "WMKK",
        "usage": "T",
        "marker-symbol": "waypoint"
      }
    },
    {
      "type": "Feature",
      "geometry": {
        "type": "Point",
        "coordinates": [
          101.20966111111112,
          2.7455000000000003
        ]
      },
      "properties": {
        "class": "waypoint",
        "ident": "WMKK.WMKKW",
        "region": "WMKK",
        "usage": "T",
        "marker-symbol": "waypoint"
      }
    },
    {
      "type": "Feature",
      "geometry": {
        "type": "Point",
        "coordinates": [
          101.7099,
          2.5457305555555556
        ]
      },
      "properties": {
        "class": "waypoint",
        "ident": "WMKK.WMKKI",
        "region": "WMKK",
        "usage": "T",
        "marker-symbol": "waypoint"
      }
    },
    {
      "type": "Feature",
      "geometry": {
        "type": "Point",
        "coordinates": [
          101.7099,
          2.6456694444444446
        ]
      },
      "properties": {
        "class": "waypoint",
        "ident": "WMKK.WMKKF",
        "region": "WMKK",
        "usage": "T",
        "marker-symbol": "waypoint"
      }
    },
    {
      "type": "Feature",
      "geometry": {
        "type": "Point",
        "coordinates": [
          121.0195,
          15.00826111111111
        ]
      },
      "properties": {
        "class": "waypoint",
        "ident": "RPLL.RPLLN",
        "region": "RPLL",
        "usage": "T",
        "marker-symbol": "waypoint"
      }
    },
    {
      "type": "Feature",
      "geometry": {
        "type": "Point",
        "coordinates": [
          121.0195,
          14.008938888888888
        ]
      },
      "properties": {
        "class": "waypoint",
        "ident": "RPLL.RPLLS",
        "region": "RPLL",
        "usage": "T",
        "marker-symbol": "waypoint"
      }
    },
    {
      "type": "Feature",
      "geometry": {
        "type": "Point",
        "coordinates": [
          121.53561944444444,
          14.508038888888889
        ]
      },
      "properties": {
        "class": "waypoint",
        "ident": "RPLL.RPLLE",
        "region": "RPLL",
        "usage": "T",
        "marker-symbol": "waypoint"
      }
    },
    {
      "type": "Feature",
      "geometry": {
        "type": "Point",
        "coordinates": [
          120.50338055555555,
          14.508038888888889
        ]
      },
      "properties": {
        "class": "waypoint",
        "ident": "RPLL.RPLLW",
        "region": "RPLL",
        "usage": "T",
        "marker-symbol": "waypoint"
      }
    },
    {
      "type": "Feature",
      "geometry": {
        "type": "Point",
        "coordinates": [
          121.0195,
          14.308730555555556
        ]
      },
      "properties": {
        "class": "waypoint",
        "ident": "RPLL.RPLLI",
        "region": "RPLL",
        "usage": "T",
        "marker-symbol": "waypoint"
      }
    },
    {
      "type": "Feature",
      "geometry": {
        "type": "Point",
        "coordinates": [
          121.0195,
          14.408669444444445
        ]
      },
      "properties": {
        "class": "waypoint",
        "ident": "RPLL.RPLLF",
        "region": "RPLL",
        "usage": "T",
        "marker-symbol": "waypoint"
      }
    },
    {
      "type": "Feature",
      "geometry": {
        "type": "Point",
        "coordinates": [
          77.1,
          29.055861111111113
        ]
      },
      "properties": {
        "class": "waypoint",
        "ident": "VIDP.VIDPN",
        "region": "VIDP",
        "usage": "T",
        "marker-symbol": "waypoint"
      }
    },
    {
      "type": "Feature",
      "geometry": {
        "type": "Point",
        "coordinates": [
          77.1,
          28.05653888888889
        ]
      },
      "properties": {
        "class": "waypoint",
        "ident": "VIDP.VIDPS",
        "region": "VIDP",
        "usage": "T",
        "marker-symbol": "waypoint"
      }
    },
    {
      "type": "Feature",
      "geometry": {
        "type": "Point",
        "coordinates": [
          77.66886111111111,
          28.555011111111114
        ]
      },
      "properties": {
        "class": "waypoint",
        "ident": "VIDP.VIDPE",
        "region": "VIDP",
        "usage": "T",
        "marker-symbol": "waypoint"
      }
    },
    {
      "type": "Feature",
      "geometry": {
        "type": "Point",
        "coordinates": [
          76.53113888888889,
          28.555011111111114
        ]
      },
      "properties": {
        "class": "waypoint",
        "ident": "VIDP.VIDPW",
        "region": "VIDP",
        "usage": "T",
        "marker-symbol": "waypoint"
      }
    },
    {
      "type": "Feature",
      "geometry": {
        "type": "Point",
        "coordinates": [
          77.1,
          28.35633055555556
        ]
      },
      "properties": {
        "class": "waypoint",
        "ident": "VIDP.VIDPI",
        "region": "VIDP",
        "usage": "T",
        "marker-symbol": "waypoint"
      }
    },
    {
      "type": "Feature",
      "geometry": {
        "type": "Point",
        "coordinates": [
          77.1,
          28.456269444444445
        ]
      },
      "properties": {
        "class": "waypoint",
        "ident": "VIDP.VIDPF",
        "region": "VIDP",
        "usage": "T",
        "marker-symbol": "waypoint"
      }
    },
    {
      "type": "Feature",
      "geometry": {
        "type": "Point",
        "coordinates": [
          72.8656,
          19.58926111111111
        ]
      },
      "properties": {
        "class": "waypoint",
        "ident": "VABB.VABBN",
        "region": "VABB",
        "usage": "T",
        "marker-symbol": "waypoint"
      }
    },
    {
      "type": "Feature",
      "geometry": {
        "type": "Point",
        "coordinates": [
          72.8656,
          18.589938888888888
        ]
      },
      "properties": {
        "class": "waypoint",
        "ident": "VABB.VABBS",
        "region": "VABB",
        "usage": "T",
        "marker-symbol": "waypoint"
      }
    },
    {
      "type": "Feature",
      "geometry": {
        "type": "Point",
        "coordinates": [
          73.3943388888889,
          19.088849999999997
        ]
      },
      "properties": {
        "class": "waypoint",
        "ident": "VABB.VABBE",
        "region": "VABB",
        "usage": "T",
        "marker-symbol": "waypoint"
      }
    },
    {
      "type": "Feature",
      "geometry": {
        "type": "Point",
        "coordinates": [
          72.3368611111111,
          19.088849999999997
        ]
      },
      "properties": {
        "class": "waypoint",
        "ident": "VABB.VABBW",
        "region": "VABB",
        "usage": "T",
        "marker-symbol": "waypoint"
      }
    },
    {
      "type": "Feature",
      "geometry": {
        "type": "Point",
        "coordinates": [
          72.8656,
          18.889730555555555
        ]
      },
      "properties": {
        "class": "waypoint",
        "ident": "VABB.VABBI",
        "region": "VABB",
        "usage": "T",
        "marker-symbol": "waypoint"
      }
    },
    {
      "type": "Feature",
      "geometry": {
        "type": "Point",
        "coordinates": [
          72.8656,
          18.989669444444445
        ]
      },
      "properties": {
        "class": "waypoint",
        "ident": "VABB.VABBF",
        "region": "VABB",
        "usage": "T",
        "marker-symbol": "waypoint"
      }
    },
    {
      "type": "Feature",
      "geometry": {
        "type": "Point",
        "coordinates": [
          55.365700000000004,
          25.752861111111113
        ]
      },
      "properties": {
        "class": "waypoint",
        "ident": "OMDB.OMDBN",
        "region": "OMDB",
        "usage": "T",
        "marker-symbol": "waypoint"
      }
    },
    {
      "type": "Feature",
      "geometry": {
        "type": "Point",
        "coordinates": [
          55.365700000000004,
          24.75353888888889
        ]
      },
      "properties": {
        "class": "waypoint",
        "ident": "OMDB.OMDBS",
        "region": "OMDB",
        "usage": "T",
        "marker-symbol": "waypoint"
      }
    },
    {
      "type": "Feature",
      "geometry": {
        "type": "Point",
        "coordinates": [
          55.91816111111111,
          25.252169444444444
        ]
      },
      "properties": {
        "class": "waypoint",
        "ident": "OMDB.OMDBE",
        "region": "OMDB",
        "usage": "T",
        "marker-symbol": "waypoint"
      }
    },
    {
      "type": "Feature",
      "geometry": {
        "type": "Point",
        "coordinates": [
          54.81323888888888,
          25.252169444444444
        ]
      },
      "properties": {
        "class": "waypoint",
        "ident": "OMDB.OMDBW",
        "region": "OMDB",
        "usage": "T",
        "marker-symbol": "waypoint"
      }
    },
    {
      "type": "Feature",
      "geometry": {
        "type": "Point",
        "coordinates": [
          55.365700000000004,
          25.053330555555558
        ]
      },
      "properties": {
        "class": "waypoint",
        "ident": "OMDB.OMDBI",
        "region": "OMDB",
        "usage": "T",
        "marker-symbol": "waypoint"
      }
    },
    {
      "type": "Feature",
      "geometry": {
        "type": "Point",
        "coordinates": [
          55.365700000000004,
          25.153269444444444
        ]
      },
      "properties": {
        "class": "waypoint",
        "ident": "OMDB.OMDBF",
        "region": "OMDB",
        "usage": "T",
        "marker-symbol": "waypoint"
      }
    },
    {
      "type": "Feature",
      "geometry": {
        "type": "Point",
        "coordinates": [
          51.608000000000004,
          25.77276111111111
        ]
      },
      "properties": {
        "class": "waypoint",
        "ident": "OTHH.OTHHN",
        "region": "OTHH",
        "usage": "T",
        "marker-symbol": "waypoint"
      }
    },
    {
      "type": "Feature",
      "geometry": {
        "type": "Point",
        "coordinates": [
          51.608000000000004,
          24.773438888888887
        ]
      },
      "properties": {
        "class": "waypoint",
        "ident": "OTHH.OTHHS",
        "region": "OTHH",
        "usage": "T",
        "marker-symbol": "waypoint"
      }
    },
    {
      "type": "Feature",
      "geometry": {
        "type": "Point",
        "coordinates": [
          52.16055,
          25.272069444444444
        ]
      },
      "properties": {
        "class": "waypoint",
        "ident": "OTHH.OTHHE",
        "region": "OTHH",
        "usage": "T",
        "marker-symbol": "waypoint"
      }
    },
    {
      "type": "Feature",
      "geometry": {
        "type": "Point",
        "coordinates": [
          51.05545,
          25.272069444444444
        ]
      },
      "properties": {
        "class": "waypoint",
        "ident": "OTHH.OTHHW",
        "region": "OTHH",
        "usage": "T",
        "marker-symbol": "waypoint"
      }
    },
    {
      "type": "Feature",
      "geometry": {
        "type": "Point",
        "coordinates": [
          51.608000000000004,
          25.073230555555554
        ]
      },
      "properties": {
        "class": "waypoint",
        "ident": "OTHH.OTHHI",
        "region": "OTHH",
        "usage": "T",
        "marker-symbol": "waypoint"
      }
    },
    {
      "type": "Feature",
      "geometry": {
        "type": "Point",
        "coordinates": [
          51.608000000000004,
          25.173169444444447
        ]
      },
      "properties": {
        "class": "waypoint",
        "ident": "OTHH.OTHHF",
        "region": "OTHH",
        "usage": "T",
        "marker-symbol": "waypoint"
      }
    },
    {
      "type": "Feature",
      "geometry": {
        "type": "Point",
        "coordinates": [
          46.6992,
          25.457361111111112
        ]
      },
      "properties": {
        "class": "waypoint",
        "ident": "OERK.OERKN",
        "region": "OERK",
        "usage": "T",
        "marker-symbol": "waypoint"
      }
    },
    {
      "type": "Feature",
      "geometry": {
        "type": "Point",
        "coordinates": [
          46.6992,
          24.45803888888889
        ]
      },
      "properties": {
        "class": "waypoint",
        "ident": "OERK.OERKS",
        "region": "OERK",
        "usage": "T",
        "marker-symbol": "waypoint"
      }
    },
    {
      "type": "Feature",
      "geometry": {
        "type": "Point",
        "coordinates": [
          47.25031944444444,
          24.956688888888888
        ]
      },
      "properties": {
        "class": "waypoint",
        "ident": "OERK.OERKE",
        "region": "OERK",
        "usage": "T",
        "marker-symbol": "waypoint"
      }
    },
    {
      "type": "Feature",
      "geometry": {
        "type": "Point",
        "coordinates": [
          46.14808055555555,
          24.956688888888888
        ]
      },
      "properties": {
        "class": "waypoint",
        "ident": "OERK.OERKW",
        "region": "OERK",
        "usage": "T",
        "marker-symbol": "waypoint"
      }
    },
    {
      "type": "Feature",
      "geometry": {
        "type": "Point",
        "coordinates": [
          46.6992,
          24.757830555555554
        ]
      },
      "properties": {
        "class": "waypoint",
        "ident": "OERK.OERKI",
        "region": "OERK",
        "usage": "T",
        "marker-symbol": "waypoint"
      }
    },
    {
      "type": "Feature",
      "geometry": {
        "type": "Point",
        "coordinates": [
          46.6992,
          24.857769444444447
        ]
      },
      "properties": {
        "class": "waypoint",
        "ident": "OERK.OERKF",
        "region": "OERK",
        "usage": "T",
        "marker-symbol": "waypoint"
      }
    },
    {
      "type": "Feature",
      "geometry": {
        "type": "Point",
        "coordinates": [
          -0.45430000000000004,
          51.969661111111115
        ]
      },
      "properties": {
        "class": "waypoint",
        "ident": "EGLL.EGLLN",
        "region": "EGLL",
        "usage": "T",
        "marker-symbol": "waypoint"
      }
    },
    {
      "type": "Feature",
      "geometry": {
        "type": "Point",
        "coordinates": [
          -0.45430000000000004,
          50.97033888888889
        ]
      },
      "properties": {
        "class": "waypoint",
        "ident": "EGLL.EGLLS",
        "region": "EGLL",
        "usage": "T",
        "marker-symbol": "waypoint"
      }
    },
    {
      "type": "Feature",
      "geometry": {
        "type": "Point",
        "coordinates": [
          0.34778888888888887,
          51.467261111111114
        ]
      },
      "properties": {
        "class": "waypoint",
        "ident": "EGLL.EGLLE",
        "region": "EGLL",
        "usage": "T",
        "marker-symbol": "waypoint"
      }
    },
    {
      "type": "Feature",
      "geometry": {
        "type": "Point",
        "coordinates": [
          -1.256388888888889,
          51.467261111111114
        ]
      },
      "properties": {
        "class": "waypoint",
        "ident": "EGLL.EGLLW",
        "region": "EGLL",
        "usage": "T",
        "marker-symbol": "waypoint"
      }
    },
    {
      "type": "Feature",
      "geometry": {
        "type": "Point",
        "coordinates": [
          -0.45430000000000004,
          51.27013055555555
        ]
      },
      "properties": {
        "class": "waypoint",
        "ident": "EGLL.EGLLI",
        "region": "EGLL",
        "usage": "T",
        "marker-symbol": "waypoint"
      }
    },
    {
      "type": "Feature",
      "geometry": {
        "type": "Point",
        "coordinates": [
          -0.45430000000000004,
          51.37006944444445
        ]
      },
      "properties": {
        "class": "waypoint",
        "ident": "EGLL.EGLLF",
        "region": "EGLL",
        "usage": "T",
        "marker-symbol": "waypoint"
      }
    },
    {
      "type": "Feature",
      "geometry": {
        "type": "Point",
        "coordinates": [
          2.5479,
          49.50936111111111
        ]
      },
      "properties": {
        "class": "waypoint",
        "ident": "LFPG.LFPGN",
        "region": "LFPG",
        "usage": "T",
        "marker-symbol": "waypoint"
      }
    },
    {
      "type": "Feature",
      "geometry": {
        "type": "Point",
        "coordinates": [
          2.5479,
          48.510038888888886
        ]
      },
      "properties": {
        "class": "waypoint",
        "ident": "LFPG.LFPGS",
        "region": "LFPG",
        "usage": "T",
        "marker-symbol": "waypoint"
      }
    },
    {
      "type": "Feature",
      "geometry": {
        "type": "Point",
        "coordinates": [
          3.309638888888889,
          49.00718888888889
        ]
      },
      "properties": {
        "class": "waypoint",
        "ident": "LFPG.LFPGE",
        "region": "LFPG",
        "usage": "T",
        "marker-symbol": "waypoint"
      }
    },
    {
      "type": "Feature",
      "geometry": {
        "type": "Point",
        "coordinates": [
          1.786161111111111,
          49.00718888888889
        ]
      },
      "properties": {
        "class": "waypoint",
        "ident": "LFPG.LFPGW",
        "region": "LFPG",
        "usage": "T",
        "marker-symbol": "waypoint"
      }
    },
    {
      "type": "Feature",
      "geometry": {
        "type": "Point",
        "coordinates": [
          2.5479,
          48.80983055555555
        ]
      },
      "properties": {
        "class": "waypoint",
        "ident": "LFPG.LFPGI",
        "region": "LFPG",
        "usage": "T",
        "marker-symbol": "waypoint"
      }
    },
    {
      "type": "Feature",
      "geometry": {
        "type": "Point",
        "coordinates": [
          2.5479,
          48.90976944444444
        ]
      },
      "properties": {
        "class": "waypoint",
        "ident": "LFPG.LFPGF",
        "region": "LFPG",
        "usage": "T",
        "marker-symbol": "waypoint"
      }
    },
    {
      "type": "Feature",
      "geometry": {
        "type": "Point",
        "coordinates": [
          8.5622,
          50.53756111111111
        ]
      },
      "properties": {
        "class": "waypoint",
        "ident": "EDDF.EDDFN",
        "region": "EDDF",
        "usage": "T",
        "marker-symbol": "waypoint"
      }
    },
    {
      "type": "Feature",
      "geometry": {
        "type": "Point",
        "coordinates": [
          8.5622,
          49.538238888888884
        ]
      },
      "properties": {
        "class": "waypoint",
        "ident": "EDDF.EDDFS",
        "region": "EDDF",
        "usage": "T",
        "marker-symbol": "waypoint"
      }
    },
    {
      "type": "Feature",
      "geometry": {
        "type": "Point",
        "coordinates": [
          9.340119444444445,
          50.0353
        ]
      },
      "properties": {
        "class": "waypoint",
        "ident": "EDDF.EDDFE",
        "region": "EDDF",
        "usage": "T",
        "marker-symbol": "waypoint"
      }
    },
    {
      "type": "Feature",
      "geometry": {
        "type": "Point",
        "coordinates": [
          7.784280555555555,
          50.0353
        ]
      },
      "properties": {
        "class": "waypoint",
        "ident": "EDDF.EDDFW",
        "region": "EDDF",
        "usage": "T",
        "marker-symbol": "waypoint"
      }
    },
    {
      "type": "Feature",
      "geometry": {
        "type": "Point",
        "coordinates": [
          8.5622,
          49.838030555555555
        ]
      },
      "properties": {
        "class": "waypoint",
        "ident": "EDDF.EDDFI",
        "region": "EDDF",
        "usage": "T",
        "marker-symbol": "waypoint"
      }
    },
    {
      "type": "Feature",
      "geometry": {
        "type": "Point",
        "coordinates": [
          8.5622,
          49.93796944444444
        ]
      },
      "properties": {
        "class": "waypoint",
        "ident": "EDDF.EDDFF",
        "region": "EDDF",
        "usage": "T",
        "marker-symbol": "waypoint"
      }
    },
    {
      "type": "Feature",
      "geometry": {
        "type": "Point",
        "coordinates": [
          4.7683,
          52.81016111111111
        ]
      },
      "properties": {
        "class": "waypoint",
        "ident": "EHAM.EHAMN",
        "region": "EHAM",
        "usage": "T",
        "marker-symbol": "waypoint"
      }
    },
    {
      "type": "Feature",
      "geometry": {
        "type": "Point",
        "coordinates": [
          4.7683,
          51.81083888888889
        ]
      },
      "properties": {
        "class": "waypoint",
        "ident": "EHAM.EHAMS",
        "region": "EHAM",
        "usage": "T",
        "marker-symbol": "waypoint"
      }
    },
    {
      "type": "Feature",
      "geometry": {
        "type": "Point",
        "coordinates": [
          5.585530555555556,
          52.30768055555555
        ]
      },
      "properties": {
        "class": "waypoint",
        "ident": "EHAM.EHAME",
        "region": "EHAM",
        "usage": "T",
        "marker-symbol": "waypoint"
      }
    },
    {
      "type": "Feature",
      "geometry": {
        "type": "Point",
        "coordinates": [
          3.9510694444444447,
          52.30768055555555
        ]
      },
      "properties": {
        "class": "waypoint",
        "ident": "EHAM.EHAMW",
        "region": "EHAM",
        "usage": "T",
        "marker-symbol": "waypoint"
      }
    },
    {
      "type": "Feature",
      "geometry": {
        "type": "Point",
        "coordinates": [
          4.7683,
          52.11063055555556
        ]
      },
      "properties": {
        "class": "waypoint",
        "ident": "EHAM.EHAMI",
        "region": "EHAM",
        "usage": "T",
        "marker-symbol": "waypoint"
      }
    },
    {
      "type": "Feature",
      "geometry": {
        "type": "Point",
        "coordinates": [
          4.7683,
          52.210569444444445
        ]
      },
      "properties": {
        "class": "waypoint",
        "ident": "EHAM.EHAMF",
        "region": "EHAM",
        "usage": "T",
        "marker-symbol": "waypoint"
      }
    },
    {
      "type": "Feature",
      "geometry": {
        "type": "Point",
        "coordinates": [
          37.4146,
          56.472261111111116
        ]
      },
      "properties": {
        "class": "waypoint",
        "ident": "UUEE.UUEEN",
        "region": "UUEE",
        "usage": "T",
        "marker-symbol": "waypoint"
      }
    },
    {
      "type": "Feature",
      "geometry": {
        "type": "Point",
        "coordinates": [
          37.4146,
          55.47293888888889
        ]
      },
      "properties": {
        "class": "waypoint",
        "ident": "UUEE.UUEES",
        "region": "UUEE",
        "usage": "T",
        "marker-symbol": "waypoint"
      }
    },
    {
      "type": "Feature",
      "geometry": {
        "type": "Point",
        "coordinates": [
          38.30746111111111,
          55.969369444444446
        ]
      },
      "properties": {
        "class": "waypoint",
        "ident": "UUEE.UUEEE",
        "region": "UUEE",
        "usage": "T",
        "marker-symbol": "waypoint"
      }
    },
    {
      "type": "Feature",
      "geometry": {
        "type": "Point",
        "coordinates": [
          36.52173888888889,
          55.969369444444446
        ]
      },
      "properties": {
        "class": "waypoint",
        "ident": "UUEE.UUEEW",
        "region": "UUEE",
        "usage": "T",
        "marker-symbol": "waypoint"
      }
    },
    {
      "type": "Feature",
      "geometry": {
        "type": "Point",
        "coordinates": [
          37.4146,
          55.772730555555555
        ]
      },
      "properties": {
        "class": "waypoint",
        "ident": "UUEE.UUEEI",
        "region": "UUEE",
        "usage": "T",
        "marker-symbol": "waypoint"
      }
    },
    {
      "type": "Feature",
      "geometry": {
        "type": "Point",
        "coordinates": [
          37.4146,
          55.87266944444445
        ]
      },
      "properties": {
        "class": "waypoint",
        "ident": "UUEE.UUEEF",
        "region": "UUEE",
        "usage": "T",
        "marker-symbol": "waypoint"
      }
    },
    {
      "type": "Feature",
      "geometry": {
        "type": "Point",
        "coordinates": [
          12.2389,
          42.29996111111111
        ]
      },
      "properties": {
        "class": "waypoint",
        "ident": "LIRF.LIRFN",
        "region": "LIRF",
        "usage": "T",
        "marker-symbol": "waypoint"
      }
    },
    {
      "type": "Feature",
      "geometry": {
        "type": "Point",
        "coordinates": [
          12.2389,
          41.300638888888884
        ]
      },
      "properties": {
        "class": "waypoint",
        "ident": "LIRF.LIRFS",
        "region": "LIRF",
        "usage": "T",
        "marker-symbol": "waypoint"
      }
    },
    {
      "type": "Feature",
      "geometry": {
        "type": "Point",
        "coordinates": [
          12.90915,
          41.79835
        ]
      },
      "properties": {
        "class": "waypoint",
        "ident": "LIRF.LIRFE",
        "region": "LIRF",
        "usage": "T",
        "marker-symbol": "waypoint"
      }
    },
    {
      "type": "Feature",
      "geometry": {
        "type": "Point",
        "coordinates": [
          11.56865,
          41.79835
        ]
      },
      "properties": {
        "class": "waypoint",
        "ident": "LIRF.LIRFW",
        "region": "LIRF",
        "usage": "T",
        "marker-symbol": "waypoint"
      }
    },
    {
      "type": "Feature",
      "geometry": {
        "type": "Point",
        "coordinates": [
          12.2389,
          41.600430555555555
        ]
      },
      "properties": {
        "class": "waypoint",
        "ident": "LIRF.LIRFI",
        "region": "LIRF",
        "usage": "T",
        "marker-symbol": "waypoint"
      }
    },
    {
      "type": "Feature",
      "geometry": {
        "type": "Point",
        "coordinates": [
          12.2389,
          41.70036944444445
        ]
      },
      "properties": {
        "class": "waypoint",
        "ident": "LIRF.LIRFF",
        "region": "LIRF",
        "usage": "T",
        "marker-symbol": "waypoint"
      }
    },
    {
      "type": "Feature",
      "geometry": {
        "type": "Point",
        "coordinates": [
          -3.5625999999999998,
          40.971561111111114
        ]
      },
      "properties": {
        "class": "waypoint",
        "ident": "LEMD.LEMDN",
        "region": "LEMD",
        "usage": "T",
        "marker-symbol": "waypoint"
      }
    },
    {
      "type": "Feature",
      "geometry": {
        "type": "Point",
        "coordinates": [
          -3.5625999999999998,
          39.97223888888889
        ]
      },
      "properties": {
        "class": "waypoint",
        "ident": "LEMD.LEMDS",
        "region": "LEMD",
        "usage": "T",
        "marker-symbol": "waypoint"
      }
    },
    {
      "type": "Feature",
      "geometry": {
        "type": "Point",
        "coordinates": [
          -2.905788888888889,
          40.470038888888894
        ]
      },
      "properties": {
        "class": "waypoint",
        "ident": "LEMD.LEMDE",
        "region": "LEMD",
        "usage": "T",
        "marker-symbol": "waypoint"
      }
    },
    {
      "type": "Feature",
      "geometry": {
        "type": "Point",
        "coordinates": [
          -4.2194111111111114,
          40.470038888888894
        ]
      },
      "properties": {
        "class": "waypoint",
        "ident": "LEMD.LEMDW",
        "region": "LEMD",
        "usage": "T",
        "marker-symbol": "waypoint"
      }
    },
    {
      "type": "Feature",
      "geometry": {
        "type": "Point",
        "coordinates": [
          -3.5625999999999998,
          40.27203055555555
        ]
      },
      "properties": {
        "class": "waypoint",
        "ident": "LEMD.LEMDI",
        "region": "LEMD",
        "usage": "T",
        "marker-symbol": "waypoint"
      }
    },
    {
      "type": "Feature",
      "geometry": {
        "type": "Point",
        "coordinates": [
          -3.5625999999999998,
          40.371969444444446
        ]
      },
      "properties": {
        "class": "waypoint",
        "ident": "LEMD.LEMDF",
        "region": "LEMD",
        "usage": "T",
        "marker-symbol": "waypoint"
      }
    },
    {
      "type": "Feature",
      "geometry": {
        "type": "Point",
        "coordinates": [
          11.7861,
          48.85336111111111
        ]
      },
      "properties": {
        "class": "waypoint",
        "ident": "EDDM.EDDMN",
        "region": "EDDM",
        "usage": "T",
        "marker-symbol": "waypoint"
      }
    },
    {
      "type": "Feature",
      "geometry": {
        "type": "Point",
        "coordinates": [
          11.7861,
          47.85403888888889
        ]
      },
      "properties": {
        "class": "waypoint",
        "ident": "EDDM.EDDMS",
        "region": "EDDM",
        "usage": "T",
        "marker-symbol": "waypoint"
      }
    },
    {
      "type": "Feature",
      "geometry": {
        "type": "Point",
        "coordinates": [
          12.537980555555555,
          48.35125
        ]
      },
      "properties": {
        "class": "waypoint",
        "ident": "EDDM.EDDME",
        "region": "EDDM",
        "usage": "T",
        "marker-symbol": "waypoint"
      }
    },
    {
      "type": "Feature",
      "geometry": {
        "type": "Point",
        "coordinates": [
          11.034219444444444,
          48.35125
        ]
      },
      "properties": {
        "class": "waypoint",
        "ident": "EDDM.EDDMW",
        "region": "EDDM",
        "usage": "T",
        "marker-symbol": "waypoint"
      }
    },
    {
      "type": "Feature",
      "geometry": {
        "type": "Point",
        "coordinates": [
          11.7861,
          48.15383055555555
        ]
      },
      "properties": {
        "class": "waypoint",
        "ident": "EDDM.EDDMI",
        "region": "EDDM",
        "usage": "T",
        "marker-symbol": "waypoint"
      }
    },
    {
      "type": "Feature",
      "geometry": {
        "type": "Point",
        "coordinates": [
          11.7861,
          48.253769444444444
        ]
      },
      "properties": {
        "class": "waypoint",
        "ident": "EDDM.EDDMF",
        "region": "EDDM",
        "usage": "T",
        "marker-symbol": "waypoint"
      }
    },
    {
      "type": "Feature",
      "geometry": {
        "type": "Point",
        "coordinates": [
          -0.1903,
          51.64776111111111
        ]
      },
      "properties": {
        "class": "waypoint",
        "ident": "EGKK.EGKKN",
        "region": "EGKK",
        "usage": "T",
        "marker-symbol": "waypoint"
      }
    },
    {
      "type": "Feature",
      "geometry": {
        "type": "Point",
        "coordinates": [
          -0.1903,
          50.64843888888889
        ]
      },
      "properties": {
        "class": "waypoint",
        "ident": "EGKK.EGKKS",
        "region": "EGKK",
        "usage": "T",
        "marker-symbol": "waypoint"
      }
    },
    {
      "type": "Feature",
      "geometry": {
        "type": "Point",
        "coordinates": [
          0.6061888888888889,
          51.1454
        ]
      },
      "properties": {
        "class": "waypoint",
        "ident": "EGKK.EGKKE",
        "region": "EGKK",
        "usage": "T",
        "marker-symbol": "waypoint"
      }
    },
    {
      "type": "Feature",
      "geometry": {
        "type": "Point",
        "coordinates": [
          -0.9867888888888888,
          51.1454
        ]
      },
      "properties": {
        "class": "waypoint",
        "ident": "EGKK.EGKKW",
        "region": "EGKK",
        "usage": "T",
        "marker-symbol": "waypoint"
      }
    },
    {
      "type": "Feature",
      "geometry": {
        "type": "Point",
        "coordinates": [
          -0.1903,
          50.948230555555554
        ]
      },
      "properties": {
        "class": "waypoint",
        "ident": "EGKK.EGKKI",
        "region": "EGKK",
        "usage": "T",
        "marker-symbol": "waypoint"
      }
    },
    {
      "type": "Feature",
      "geometry": {
        "type": "Point",
        "coordinates": [
          -0.1903,
          51.04816944444444
        ]
      },
      "properties": {
        "class": "waypoint",
        "ident": "EGKK.EGKKF",
        "region": "EGKK",
        "usage": "T",
        "marker-symbol": "waypoint"
      }
    },
    {
      "type": "Feature",
      "geometry": {
        "type": "Point",
        "coordinates": [
          2.3794,
          49.22296111111111
        ]
      },
      "properties": {
        "class": "waypoint",
        "ident": "LFPO.LFPON",
        "region": "LFPO",
        "usage": "T",
        "marker-symbol": "waypoint"
      }
    },
    {
      "type": "Feature",
      "geometry": {
        "type": "Point",
        "coordinates": [
          2.3794,
          48.22363888888889
        ]
      },
      "properties": {
        "class": "waypoint",
        "ident": "LFPO.LFPOS",
        "region": "LFPO",
        "usage": "T",
        "marker-symbol": "waypoint"
      }
    },
    {
      "type": "Feature",
      "geometry": {
        "type": "Point",
        "coordinates": [
          3.136788888888889,
          48.720819444444444
        ]
      },
      "properties": {
        "class": "waypoint",
        "ident": "LFPO.LFPOE",
        "region": "LFPO",
        "usage": "T",
        "marker-symbol": "waypoint"
      }
    },
    {
      "type": "Feature",
      "geometry": {
        "type": "Point",
        "coordinates": [
          1.622011111111111,
          48.720819444444444
        ]
      },
      "properties": {
        "class": "waypoint",
        "ident": "LFPO.LFPOW",
        "region": "LFPO",
        "usage": "T",
        "marker-symbol": "waypoint"
      }
    },
    {
      "type": "Feature",
      "geometry": {
        "type": "Point",
        "coordinates": [
          2.3794,
          48.52343055555556
        ]
      },
      "properties": {
        "class": "waypoint",
        "ident": "LFPO.LFPOI",
        "region": "LFPO",
        "usage": "T",
        "marker-symbol": "waypoint"
      }
    },
    {
      "type": "Feature",
      "geometry": {
        "type": "Point",
        "coordinates": [
          2.3794,
          48.62336944444444
        ]
      },
      "properties": {
        "class": "waypoint",
        "ident": "LFPO.LFPOF",
        "region": "LFPO",
        "usage": "T",
        "marker-symbol": "waypoint"
      }
    },
    {
      "type": "Feature",
      "geometry": {
        "type": "Point",
        "coordinates": [
          -73.7781,
          41.14096111111111
        ]
      },
      "properties": {
        "class": "waypoint",
        "ident": "KJFK.KJFKN",
        "region": "KJFK",
        "usage": "T",
        "marker-symbol": "waypoint"
      }
    },
    {
      "type": "Feature",
      "geometry": {
        "type": "Point",
        "coordinates": [
          -73.7781,
          40.14163888888889
        ]
      },
      "properties": {
        "class": "waypoint",
        "ident": "KJFK.KJFKS",
        "region": "KJFK",
        "usage": "T",
        "marker-symbol": "waypoint"
      }
    },
    {
      "type": "Feature",
      "geometry": {
        "type": "Point",
        "coordinates": [
          -73.11961944444444,
          40.639430555555556
        ]
      },
      "properties": {
        "class": "waypoint",
        "ident": "KJFK.KJFKE",
        "region": "KJFK",
        "usage": "T",
        "marker-symbol": "waypoint"
      }
    },
    {
      "type": "Feature",
      "geometry": {
        "type": "Point",
        "coordinates": [
          -74.43658055555557,
          40.639430555555556
        ]
      },
      "properties": {
        "class": "waypoint",
        "ident": "KJFK.KJFKW",
        "region": "KJFK",
        "usage": "T",
        "marker-symbol": "waypoint"
      }
    },
    {
      "type": "Feature",
      "geometry": {
        "type": "Point",
        "coordinates": [
          -73.7781,
          40.441430555555556
        ]
      },
      "properties": {
        "class": "waypoint",
        "ident": "KJFK.KJFKI",
        "region": "KJFK",
        "usage": "T",
        "marker-symbol": "waypoint"
      }
    },
    {
      "type": "Feature",
      "geometry": {
        "type": "Point",
        "coordinates": [
          -73.7781,
          40.54136944444444
        ]
      },
      "properties": {
        "class": "waypoint",
        "ident": "KJFK.KJFKF",
        "region": "KJFK",
        "usage": "T",
        "marker-symbol": "waypoint"
      }
    },
    {
      "type": "Feature",
      "geometry": {
        "type": "Point",
        "coordinates": [
          -118.4085,
          34.44126111111111
        ]
      },
      "properties": {
        "class": "waypoint",
        "ident": "KLAX.KLAXN",
        "region": "KLAX",
        "usage": "T",
        "marker-symbol": "waypoint"
      }
    },
    {
      "type": "Feature",
      "geometry": {
        "type": "Point",
        "coordinates": [
          -118.4085,
          33.441938888888885
        ]
      },
      "properties": {
        "class": "waypoint",
        "ident": "KLAX.KLAXS",
        "region": "KLAX",
        "usage": "T",
        "marker-symbol": "waypoint"
      }
    },
    {
      "type": "Feature",
      "geometry": {
        "type": "Point",
        "coordinates": [
          -117.80621944444444,
          33.940130555555555
        ]
      },
      "properties": {
        "class": "waypoint",
        "ident": "KLAX.KLAXE",
        "region": "KLAX",
        "usage": "T",
        "marker-symbol": "waypoint"
      }
    },
    {
      "type": "Feature",
      "geometry": {
        "type": "Point",
        "coordinates": [
          -119.01078055555556,
          33.940130555555555
        ]
      },
      "properties": {
        "class": "waypoint",
        "ident": "KLAX.KLAXW",
        "region": "KLAX",
        "usage": "T",
        "marker-symbol": "waypoint"
      }
    },
    {
      "type": "Feature",
      "geometry": {
        "type": "Point",
        "coordinates": [
          -118.4085,
          33.741730555555556
        ]
      },
      "properties": {
        "class": "waypoint",
        "ident": "KLAX.KLAXI",
        "region": "KLAX",
        "usage": "T",
        "marker-symbol": "waypoint"
      }
    },
    {
      "type": "Feature",
      "geometry": {
        "type": "Point",
        "coordinates": [
          -118.4085,
          33.84166944444445
        ]
      },
      "properties": {
        "class": "waypoint",
        "ident": "KLAX.KLAXF",
        "region": "KLAX",
        "usage": "T",
        "marker-symbol": "waypoint"
      }
    },
    {
      "type": "Feature",
      "geometry": {
        "type": "Point",
        "coordinates": [
          -87.9073,
          42.47386111111111
        ]
      },
      "properties": {
        "class": "waypoint",
        "ident": "KORD.KORDN",
        "region": "KORD",
        "usage": "T",
        "marker-symbol": "waypoint"
      }
    },
    {
      "type": "Feature",
      "geometry": {
        "type": "Point",
        "coordinates": [
          -87.9073,
          41.474538888888894
        ]
      },
      "properties": {
        "class": "waypoint",
        "ident": "KORD.KORDS",
        "region": "KORD",
        "usage": "T",
        "marker-symbol": "waypoint"
      }
    },
    {
      "type": "Feature",
      "geometry": {
        "type": "Point",
        "coordinates": [
          -87.23521944444444,
          41.97223888888889
        ]
      },
      "properties": {
        "class": "waypoint",
        "ident": "KORD.KORDE",
        "region": "KORD",
        "usage": "T",
        "marker-symbol": "waypoint"
      }
    },
    {
      "type": "Feature",
      "geometry": {
        "type": "Point",
        "coordinates": [
          -88.57938055555555,
          41.97223888888889
        ]
      },
      "properties": {
        "class": "waypoint",
        "ident": "KORD.KORDW",
        "region": "KORD",
        "usage": "T",
        "marker-symbol": "waypoint"
      }
    },
    {
      "type": "Feature",
      "geometry": {
        "type": "Point",
        "coordinates": [
          -87.9073,
          41.77433055555556
        ]
      },
      "properties": {
        "class": "waypoint",
        "ident": "KORD.KORDI",
        "region": "KORD",
        "usage": "T",
        "marker-symbol": "waypoint"
      }
    },
    {
      "type": "Feature",
      "geometry": {
        "type": "Point",
        "coordinates": [
          -87.9073,
          41.874269444444444
        ]
      },
      "properties": {
        "class": "waypoint",
        "ident": "KORD.KORDF",
        "region": "KORD",
        "usage": "T",
        "marker-symbol": "waypoint"
      }
    },
    {
      "type": "Feature",
      "geometry": {
        "type": "Point",
        "coordinates": [
          -122.37899999999999,
          38.120961111111114
        ]
      },
      "properties": {
        "class": "waypoint",
        "ident": "KSFO.KSFON",
        "region": "KSFO",
        "usage": "T",
        "marker-symbol": "waypoint"
      }
    },
    {
      "type": "Feature",
      "geometry": {
        "type": "Point",
        "coordinates": [
          -122.37899999999999,
          37.12163888888889
        ]
      },
      "properties": {
        "class": "waypoint",
        "ident": "KSFO.KSFOS",
        "region": "KSFO",
        "usage": "T",
        "marker-symbol": "waypoint"
      }
    },
    {
      "type": "Feature",
      "geometry": {
        "type": "Point",
        "coordinates": [
          -121.74816944444444,
          37.619619444444446
        ]
      },
      "properties": {
        "class": "waypoint",
        "ident": "KSFO.KSFOE",
        "region": "KSFO",
        "usage": "T",
        "marker-symbol": "waypoint"
      }
    },
    {
      "type": "Feature",
      "geometry": {
        "type": "Point",
        "coordinates": [
          -123.00983055555555,
          37.619619444444446
        ]
      },
      "properties": {
        "class": "waypoint",
        "ident": "KSFO.KSFOW",
        "region": "KSFO",
        "usage": "T",
        "marker-symbol": "waypoint"
      }
    },
    {
      "type": "Feature",
      "geometry": {
        "type": "Point",
        "coordinates": [
          -122.37899999999999,
          37.42143055555555
        ]
      },
      "properties": {
        "class": "waypoint",
        "ident": "KSFO.KSFOI",
        "region": "KSFO",
        "usage": "T",
        "marker-symbol": "waypoint"
      }
    },
    {
      "type": "Feature",
      "geometry": {
        "type": "Point",
        "coordinates": [
          -122.37899999999999,
          37.521369444444446
        ]
      },
      "properties": {
        "class": "waypoint",
        "ident": "KSFO.KSFOF",
        "region": "KSFO",
        "usage": "T",
        "marker-symbol": "waypoint"
      }
    },
    {
      "type": "Feature",
      "geometry": {
        "type": "Point",
        "coordinates": [
          -84.4277,
          34.14036111111111
        ]
      },
      "properties": {
        "class": "waypoint",
        "ident": "KATL.KATLN",
        "region": "KATL",
        "usage": "T",
        "marker-symbol": "waypoint"
      }
    },
    {
      "type": "Feature",
      "geometry": {
        "type": "Point",
        "coordinates": [
          -84.4277,
          33.141038888888886
        ]
      },
      "properties": {
        "class": "waypoint",
        "ident": "KATL.KATLS",
        "region": "KATL",
        "usage": "T",
        "marker-symbol": "waypoint"
      }
    },
    {
      "type": "Feature",
      "geometry": {
        "type": "Point",
        "coordinates": [
          -83.82753055555555,
          33.63925
        ]
      },
      "properties": {
        "class": "waypoint",
        "ident": "KATL.KATLE",
        "region": "KATL",
        "usage": "T",
        "marker-symbol": "waypoint"
      }
    },
    {
      "type": "Feature",
      "geometry": {
        "type": "Point",
        "coordinates": [
          -85.02786944444445,
          33.63925
        ]
      },
      "properties": {
        "class": "waypoint",
        "ident": "KATL.KATLW",
        "region": "KATL",
        "usage": "T",
        "marker-symbol": "waypoint"
      }
    },
    {
      "type": "Feature",
      "geometry": {
        "type": "Point",
        "coordinates": [
          -84.4277,
          33.44083055555555
        ]
      },
      "properties": {
        "class": "waypoint",
        "ident": "KATL.KATLI",
        "region": "KATL",
        "usage": "T",
        "marker-symbol": "waypoint"
      }
    },
    {
      "type": "Feature",
      "geometry": {
        "type": "Point",
        "coordinates": [
          -84.4277,
          33.54076944444444
        ]
      },
      "properties": {
        "class": "waypoint",
        "ident": "KATL.KATLF",
        "region": "KATL",
        "usage": "T",
        "marker-symbol": "waypoint"
      }
    },
    {
      "type": "Feature",
      "geometry": {
        "type": "Point",
        "coordinates": [
          -97.0403,
          33.39946111111111
        ]
      },
      "properties": {
        "class": "waypoint",
        "ident": "KDFW.KDFWN",
        "region": "KDFW",
        "usage": "T",
        "marker-symbol": "waypoint"
      }
    },
    {
      "type": "Feature",
      "geometry": {
        "type": "Point",
        "coordinates": [
          -97.0403,
          32.40013888888889
        ]
      },
      "properties": {
        "class": "waypoint",
        "ident": "KDFW.KDFWS",
        "region": "KDFW",
        "usage": "T",
        "marker-symbol": "waypoint"
      }
    },
    {
      "type": "Feature",
      "geometry": {
        "type": "Point",
        "coordinates": [
          -96.4452,
          32.89838888888889
        ]
      },
      "properties": {
        "class": "waypoint",
        "ident": "KDFW.KDFWE",
        "region": "KDFW",
        "usage": "T",
        "marker-symbol": "waypoint"
      }
    },
    {
      "type": "Feature",
      "geometry": {
        "type": "Point",
        "coordinates": [
          -97.6354,
          32.89838888888889
        ]
      },
      "properties": {
        "class": "waypoint",
        "ident": "KDFW.KDFWW",
        "region": "KDFW",
        "usage": "T",
        "marker-symbol": "waypoint"
      }
    },
    {
      "type": "Feature",
      "geometry": {
        "type": "Point",
        "coordinates": [
          -97.0403,
          32.699930555555554
        ]
      },
      "properties": {
        "class": "waypoint",
        "ident": "KDFW.KDFWI",
        "region": "KDFW",
        "usage": "T",
        "marker-symbol": "waypoint"
      }
    },
    {
      "type": "Feature",
      "geometry": {
        "type": "Point",
        "coordinates": [
          -97.0403,
          32.79986944444444
        ]
      },
      "properties": {
        "class": "waypoint",
        "ident": "KDFW.KDFWF",
        "region": "KDFW",
        "usage": "T",
        "marker-symbol": "waypoint"
      }
    },
    {
      "type": "Feature",
      "geometry": {
        "type": "Point",
        "coordinates": [
          -123.18390000000001,
          49.69436111111111
        ]
      },
      "properties": {
        "class": "waypoint",
        "ident": "CYVR.CYVRN",
        "region": "CYVR",
        "usage": "T",
        "marker-symbol": "waypoint"
      }
    },
    {
      "type": "Feature",
      "geometry": {
        "type": "Point",
        "coordinates": [
          -123.18390000000001,
          48.69503888888889
        ]
      },
      "properties": {
        "class": "waypoint",
        "ident": "CYVR.CYVRS",
        "region": "CYVR",
        "usage": "T",
        "marker-symbol": "waypoint"
      }
    },
    {
      "type": "Feature",
      "geometry": {
        "type": "Point",
        "coordinates": [
          -122.41931944444445,
          49.19218055555555
        ]
      },
      "properties": {
        "class": "waypoint",
        "ident": "CYVR.CYVRE",
        "region": "CYVR",
        "usage": "T",
        "marker-symbol": "waypoint"
      }
    },
    {
      "type": "Feature",
      "geometry": {
        "type": "Point",
        "coordinates": [
          -123.94848055555556,
          49.19218055555555
        ]
      },
      "properties": {
        "class": "waypoint",
        "ident": "CYVR.CYVRW",
        "region": "CYVR",
        "usage": "T",
        "marker-symbol": "waypoint"
      }
    },
    {
      "type": "Feature",
      "geometry": {
        "type": "Point",
        "coordinates": [
          -123.18390000000001,
          48.99483055555556
        ]
      },
      "properties": {
        "class": "waypoint",
        "ident": "CYVR.CYVRI",
        "region": "CYVR",
        "usage": "T",
        "marker-symbol": "waypoint"
      }
    },
    {
      "type": "Feature",
      "geometry": {
        "type": "Point",
        "coordinates": [
          -123.18390000000001,
          49.094769444444445
        ]
      },
      "properties": {
        "class": "waypoint",
        "ident": "CYVR.CYVRF",
        "region": "CYVR",
        "usage": "T",
        "marker-symbol": "waypoint"
      }
    },
    {
      "type": "Feature",
      "geometry": {
        "type": "Point",
        "coordinates": [
          -79.6248,
          44.17736111111111
        ]
      },
      "properties": {
        "class": "waypoint",
        "ident": "CYYZ.CYYZN",
        "region": "CYYZ",
        "usage": "T",
        "marker-symbol": "waypoint"
      }
    },
    {
      "type": "Feature",
      "geometry": {
        "type": "Point",
        "coordinates": [
          -79.6248,
          43.178038888888885
        ]
      },
      "properties": {
        "class": "waypoint",
        "ident": "CYYZ.CYYZS",
        "region": "CYYZ",
        "usage": "T",
        "marker-symbol": "waypoint"
      }
    },
    {
      "type": "Feature",
      "geometry": {
        "type": "Point",
        "coordinates": [
          -78.93393888888889,
          43.67561944444444
        ]
      },
      "properties": {
        "class": "waypoint",
        "ident": "CYYZ.CYYZE",
        "region": "CYYZ",
        "usage": "T",
        "marker-symbol": "waypoint"
      }
    },
    {
      "type": "Feature",
      "geometry": {
        "type": "Point",
        "coordinates": [
          -80.31566111111111,
          43.67561944444444
        ]
      },
      "properties": {
        "class": "waypoint",
        "ident": "CYYZ.CYYZW",
        "region": "CYYZ",
        "usage": "T",
        "marker-symbol": "waypoint"
      }
    },
    {
      "type": "Feature",
      "geometry": {
        "type": "Point",
        "coordinates": [
          -79.6248,
          43.477830555555556
        ]
      },
      "properties": {
        "class": "waypoint",
        "ident": "CYYZ.CYYZI",
        "region": "CYYZ",
        "usage": "T",
        "marker-symbol": "waypoint"
      }
    },
    {
      "type": "Feature",
      "geometry": {
        "type": "Point",
        "coordinates": [
          -79.6248,
          43.57776944444445
        ]
      },
      "properties": {
        "class": "waypoint",
        "ident": "CYYZ.CYYZF",
        "region": "CYYZ",
        "usage": "T",
        "marker-symbol": "waypoint"
      }
    },
    {
      "type": "Feature",
      "geometry": {
        "type": "Point",
        "coordinates": [
          151.1772,
          -33.446438888888885
        ]
      },
      "properties": {
        "class": "waypoint",
        "ident": "YSSY.YSSYN",
        "region": "YSSY",
        "usage": "T",
        "marker-symbol": "waypoint"
      }
    },
    {
      "type": "Feature",
      "geometry": {
        "type": "Point",
        "coordinates": [
          151.1772,
          -34.44576111111111
        ]
      },
      "properties": {
        "class": "waypoint",
        "ident": "YSSY.YSSYS",
        "region": "YSSY",
        "usage": "T",
        "marker-symbol": "waypoint"
      }
    },
    {
      "type": "Feature",
      "geometry": {
        "type": "Point",
        "coordinates": [
          151.77951111111113,
          -33.944630555555555
        ]
      },
      "properties": {
        "class": "waypoint",
        "ident": "YSSY.YSSYE",
        "region": "YSSY",
        "usage": "T",
        "marker-symbol": "waypoint"
      }
    },
    {
      "type": "Feature",
      "geometry": {
        "type": "Point",
        "coordinates": [
          150.5748888888889,
          -33.944630555555555
        ]
      },
      "properties": {
        "class": "waypoint",
        "ident": "YSSY.YSSYW",
        "region": "YSSY",
        "usage": "T",
        "marker-symbol": "waypoint"
      }
    },
    {
      "type": "Feature",
      "geometry": {
        "type": "Point",
        "coordinates": [
          151.1772,
          -34.14596944444445
        ]
      },
      "properties": {
        "class": "waypoint",
        "ident": "YSSY.YSSYI",
        "region": "YSSY",
        "usage": "T",
        "marker-symbol": "waypoint"
      }
    },
    {
      "type": "Feature",
      "geometry": {
        "type": "Point",
        "coordinates": [
          151.1772,
          -34.046030555555554
        ]
      },
      "properties": {
        "class": "waypoint",
        "ident": "YSSY.YSSYF",
        "region": "YSSY",
        "usage": "T",
        "marker-symbol": "waypoint"
      }
    },
    {
      "type": "Feature",
      "geometry": {
        "type": "Point",
        "coordinates": [
          144.841,
          -37.16933888888889
        ]
      },
      "properties": {
        "class": "waypoint",
        "ident": "YMML.YMMLN",
        "region": "YMML",
        "usage": "T",
        "marker-symbol": "waypoint"
      }
    },
    {
      "type": "Feature",
      "geometry": {
        "type": "Point",
        "coordinates": [
          144.841,
          -38.168661111111106
        ]
      },
      "properties": {
        "class": "waypoint",
        "ident": "YMML.YMMLS",
        "region": "YMML",
        "usage": "T",
        "marker-symbol": "waypoint"
      }
    },
    {
      "type": "Feature",
      "geometry": {
        "type": "Point",
        "coordinates": [
          145.47223055555557,
          -37.667319444444445
        ]
      },
      "properties": {
        "class": "waypoint",
        "ident": "YMML.YMMLE",
        "region": "YMML",
        "usage": "T",
        "marker-symbol": "waypoint"
      }
    },
    {
      "type": "Feature",
      "geometry": {
        "type": "Point",
        "coordinates": [
          144.20976944444445,
          -37.667319444444445
        ]
      },
      "properties": {
        "class": "waypoint",
        "ident": "YMML.YMMLW",
        "region": "YMML",
        "usage": "T",
        "marker-symbol": "waypoint"
      }
    },
    {
      "type": "Feature",
      "geometry": {
        "type": "Point",
        "coordinates": [
          144.841,
          -37.86886944444444
        ]
      },
      "properties": {
        "class": "waypoint",
        "ident": "YMML.YMMLI",
        "region": "YMML",
        "usage": "T",
        "marker-symbol": "waypoint"
      }
    },
    {
      "type": "Feature",
      "geometry": {
        "type": "Point",
        "coordinates": [
          144.841,
          -37.768930555555556
        ]
      },
      "properties": {
        "class": "waypoint",
        "ident": "YMML.YMMLF",
        "region": "YMML",
        "usage": "T",
        "marker-symbol": "waypoint"
      }
    },
    {
      "type": "Feature",
      "geometry": {
        "type": "Point",
        "coordinates": [
          174.785,
          -36.508538888888886
        ]
      },
      "properties": {
        "class": "waypoint",
        "ident": "NZAA.NZAAN",
        "region": "NZAA",
        "usage": "T",
        "marker-symbol": "waypoint"
      }
    },
    {
      "type": "Feature",
      "geometry": {
        "type": "Point",
        "coordinates": [
          174.785,
          -37.50786111111111
        ]
      },
      "properties": {
        "class": "waypoint",
        "ident": "NZAA.NZAAS",
        "region": "NZAA",
        "usage": "T",
        "marker-symbol": "waypoint"
      }
    },
    {
      "type": "Feature",
      "geometry": {
        "type": "Point",
        "coordinates": [
          175.41070000000002,
          -37.00656111111111
        ]
      },
      "properties": {
        "class": "waypoint",
        "ident": "NZAA.NZAAE",
        "region": "NZAA",
        "usage": "T",
        "marker-symbol": "waypoint"
      }
    },
    {
      "type": "Feature",
      "geometry": {
        "type": "Point",
        "coordinates": [
          174.1593,
          -37.00656111111111
        ]
      },
      "properties": {
        "class": "waypoint",
        "ident": "NZAA.NZAAW",
        "region": "NZAA",
        "usage": "T",
        "marker-symbol": "waypoint"
      }
    },
    {
      "type": "Feature",
      "geometry": {
        "type": "Point",
        "coordinates": [
          174.785,
          -37.20806944444445
        ]
      },
      "properties": {
        "class": "waypoint",
        "ident": "NZAA.NZAAI",
        "region": "NZAA",
        "usage": "T",
        "marker-symbol": "waypoint"
      }
    },
    {
      "type": "Feature",
      "geometry": {
        "type": "Point",
        "coordinates": [
          174.785,
          -37.108130555555555
        ]
      },
      "properties": {
        "class": "waypoint",
        "ident": "NZAA.NZAAF",
        "region": "NZAA",
        "usage": "T",
        "marker-symbol": "waypoint"
      }
    },
    {
      "type": "Feature",
      "geometry": {
        "type": "Point",
        "coordinates": [
          31.4056,
          30.621561111111113
        ]
      },
      "properties": {
        "class": "waypoint",
        "ident": "HECA.HECAN",
        "region": "HECA",
        "usage": "T",
        "marker-symbol": "waypoint"
      }
    },
    {
      "type": "Feature",
      "geometry": {
        "type": "Point",
        "coordinates": [
          31.4056,
          29.62223888888889
        ]
      },
      "properties": {
        "class": "waypoint",
        "ident": "HECA.HECAS",
        "region": "HECA",
        "usage": "T",
        "marker-symbol": "waypoint"
      }
    },
    {
      "type": "Feature",
      "geometry": {
        "type": "Point",
        "coordinates": [
          31.983269444444442,
          30.12063888888889
        ]
      },
      "properties": {
        "class": "waypoint",
        "ident": "HECA.HECAE",
        "region": "HECA",
        "usage": "T",
        "marker-symbol": "waypoint"
      }
    },
    {
      "type": "Feature",
      "geometry": {
        "type": "Point",
        "coordinates": [
          30.827930555555554,
          30.12063888888889
        ]
      },
      "properties": {
        "class": "waypoint",
        "ident": "HECA.HECAW",
        "region": "HECA",
        "usage": "T",
        "marker-symbol": "waypoint"
      }
    },
    {
      "type": "Feature",
      "geometry": {
        "type": "Point",
        "coordinates": [
          31.4056,
          29.92203055555556
        ]
      },
      "properties": {
        "class": "waypoint",
        "ident": "HECA.HECAI",
        "region": "HECA",
        "usage": "T",
        "marker-symbol": "waypoint"
      }
    },
    {
      "type": "Feature",
      "geometry": {
        "type": "Point",
        "coordinates": [
          31.4056,
          30.021969444444444
        ]
      },
      "properties": {
        "class": "waypoint",
        "ident": "HECA.HECAF",
        "region": "HECA",
        "usage": "T",
        "marker-symbol": "waypoint"
      }
    },
    {
      "type": "Feature",
      "geometry": {
        "type": "Point",
        "coordinates": [
          28.246000000000002,
          -25.63953888888889
        ]
      },
      "properties": {
        "class": "waypoint",
        "ident": "FAOR.FAORN",
        "region": "FAOR",
        "usage": "T",
        "marker-symbol": "waypoint"
      }
    },
    {
      "type": "Feature",
      "geometry": {
        "type": "Point",
        "coordinates": [
          28.246000000000002,
          -26.63886111111111
        ]
      },
      "properties": {
        "class": "waypoint",
        "ident": "FAOR.FAORS",
        "region": "FAOR",
        "usage": "T",
        "marker-symbol": "waypoint"
      }
    },
    {
      "type": "Feature",
      "geometry": {
        "type": "Point",
        "coordinates": [
          28.802580555555558,
          -26.138130555555556
        ]
      },
      "properties": {
        "class": "waypoint",
        "ident": "FAOR.FAORE",
        "region": "FAOR",
        "usage": "T",
        "marker-symbol": "waypoint"
      }
    },
    {
      "type": "Feature",
      "geometry": {
        "type": "Point",
        "coordinates": [
          27.689419444444443,
          -26.138130555555556
        ]
      },
      "properties": {
        "class": "waypoint",
        "ident": "FAOR.FAORW",
        "region": "FAOR",
        "usage": "T",
        "marker-symbol": "waypoint"
      }
    },
    {
      "type": "Feature",
      "geometry": {
        "type": "Point",
        "coordinates": [
          28.246000000000002,
          -26.339069444444444
        ]
      },
      "properties": {
        "class": "waypoint",
        "ident": "FAOR.FAORI",
        "region": "FAOR",
        "usage": "T",
        "marker-symbol": "waypoint"
      }
    },
    {
      "type": "Feature",
      "geometry": {
        "type": "Point",
        "coordinates": [
          28.246000000000002,
          -26.239130555555555
        ]
      },
      "properties": {
        "class": "waypoint",
        "ident": "FAOR.FAORF",
        "region": "FAOR",
        "usage": "T",
        "marker-symbol": "waypoint"
      }
    },
    {
      "type": "Feature",
      "geometry": {
        "type": "Point",
        "coordinates": [
          36.9278,
          -0.8195388888888889
        ]
      },
      "properties": {
        "class": "waypoint",
        "ident": "HKJK.HKJKN",
        "region": "HKJK",
        "usage": "T",
        "marker-symbol": "waypoint"
      }
    },
    {
      "type": "Feature",
      "geometry": {
        "type": "Point",
        "coordinates": [
          36.9278,
          -1.818861111111111
        ]
      },
      "properties": {
        "class": "waypoint",
        "ident": "HKJK.HKJKS",
        "region": "HKJK",
        "usage": "T",
        "marker-symbol": "waypoint"
      }
    },
    {
      "type": "Feature",
      "geometry": {
        "type": "Point",
        "coordinates": [
          37.4276,
          -1.31915
        ]
      },
      "properties": {
        "class": "waypoint",
        "ident": "HKJK.HKJKE",
        "region": "HKJK",
        "usage": "T",
        "marker-symbol": "waypoint"
      }
    },
    {
      "type": "Feature",
      "geometry": {
        "type": "Point",
        "coordinates": [
          36.428,
          -1.31915
        ]
      },
      "properties": {
        "class": "waypoint",
        "ident": "HKJK.HKJKW",
        "region": "HKJK",
        "usage": "T",
        "marker-symbol": "waypoint"
      }
    },
    {
      "type": "Feature",
      "geometry": {
        "type": "Point",
        "coordinates": [
          36.9278,
          -1.5190694444444444
        ]
      },
      "properties": {
        "class": "waypoint",
        "ident": "HKJK.HKJKI",
        "region": "HKJK",
        "usage": "T",
        "marker-symbol": "waypoint"
      }
    },
    {
      "type": "Feature",
      "geometry": {
        "type": "Point",
        "coordinates": [
          36.9278,
          -1.4191305555555556
        ]
      },
      "properties": {
        "class": "waypoint",
        "ident": "HKJK.HKJKF",
        "region": "HKJK",
        "usage": "T",
        "marker-symbol": "waypoint"
      }
    },
    {
      "type": "Feature",
      "geometry": {
        "type": "Point",
        "coordinates": [
          -46.4731,
          -22.935938888888888
        ]
      },
      "properties": {
        "class": "waypoint",
        "ident": "SBGR.SBGRN",
        "region": "SBGR",
        "usage": "T",
        "marker-symbol": "waypoint"
      }
    },
    {
      "type": "Feature",
      "geometry": {
        "type": "Point",
        "coordinates": [
          -46.4731,
          -23.93526111111111
        ]
      },
      "properties": {
        "class": "waypoint",
        "ident": "SBGR.SBGRS",
        "region": "SBGR",
        "usage": "T",
        "marker-symbol": "waypoint"
      }
    },
    {
      "type": "Feature",
      "geometry": {
        "type": "Point",
        "coordinates": [
          -45.92851944444444,
          -23.43466111111111
        ]
      },
      "properties": {
        "class": "waypoint",
        "ident": "SBGR.SBGRE",
        "region": "SBGR",
        "usage": "T",
        "marker-symbol": "waypoint"
      }
    },
    {
      "type": "Feature",
      "geometry": {
        "type": "Point",
        "coordinates": [
          -47.01768055555556,
          -23.43466111111111
        ]
      },
      "properties": {
        "class": "waypoint",
        "ident": "SBGR.SBGRW",
        "region": "SBGR",
        "usage": "T",
        "marker-symbol": "waypoint"
      }
    },
    {
      "type": "Feature",
      "geometry": {
        "type": "Point",
        "coordinates": [
          -46.4731,
          -23.635469444444443
        ]
      },
      "properties": {
        "class": "waypoint",
        "ident": "SBGR.SBGRI",
        "region": "SBGR",
        "usage": "T",
        "marker-symbol": "waypoint"
      }
    },
    {
      "type": "Feature",
      "geometry": {
        "type": "Point",
        "coordinates": [
          -46.4731,
          -23.535530555555557
        ]
      },
      "properties": {
        "class": "waypoint",
        "ident": "SBGR.SBGRF",
        "region": "SBGR",
        "usage": "T",
        "marker-symbol": "waypoint"
      }
    },
    {
      "type": "Feature",
      "geometry": {
        "type": "Point",
        "coordinates": [
          -58.535799999999995,
          -34.32253888888889
        ]
      },
      "properties": {
        "class": "waypoint",
        "ident": "SAEZ.SAEZN",
        "region": "SAEZ",
        "usage": "T",
        "marker-symbol": "waypoint"
      }
    },
    {
      "type": "Feature",
      "geometry": {
        "type": "Point",
        "coordinates": [
          -58.535799999999995,
          -35.32186111111111
        ]
      },
      "properties": {
        "class": "waypoint",
        "ident": "SAEZ.SAEZS",
        "region": "SAEZ",
        "usage": "T",
        "marker-symbol": "waypoint"
      }
    },
    {
      "type": "Feature",
      "geometry": {
        "type": "Point",
        "coordinates": [
          -57.92715,
          -34.82068055555556
        ]
      },
      "properties": {
        "class": "waypoint",
        "ident": "SAEZ.SAEZE",
        "region": "SAEZ",
        "usage": "T",
        "marker-symbol": "waypoint"
      }
    },
    {
      "type": "Feature",
      "geometry": {
        "type": "Point",
        "coordinates": [
          -59.14445,
          -34.82068055555556
        ]
      },
      "properties": {
        "class": "waypoint",
        "ident": "SAEZ.SAEZW",
        "region": "SAEZ",
        "usage": "T",
        "marker-symbol": "waypoint"
      }
    },
    {
      "type": "Feature",
      "geometry": {
        "type": "Point",
        "coordinates": [
          -58.535799999999995,
          -35.02206944444444
        ]
      },
      "properties": {
        "class": "waypoint",
        "ident": "SAEZ.SAEZI",
        "region": "SAEZ",
        "usage": "T",
        "marker-symbol": "waypoint"
      }
    },
    {
      "type": "Feature",
      "geometry": {
        "type": "Point",
        "coordinates": [
          -58.535799999999995,
          -34.922130555555555
        ]
      },
      "properties": {
        "class": "waypoint",
        "ident": "SAEZ.SAEZF",
        "region": "SAEZ",
        "usage": "T",
        "marker-symbol": "waypoint"
      }
    },
    {
      "type": "Feature",
      "geometry": {
        "type": "Point",
        "coordinates": [
          -99.0719,
          19.935761111111113
        ]
      },
      "properties": {
        "class": "waypoint",
        "ident": "MMMX.MMMXN",
        "region": "MMMX",
        "usage": "T",
        "marker-symbol": "waypoint"
      }
    },
    {
      "type": "Feature",
      "geometry": {
        "type": "Point",
        "coordinates": [
          -99.0719,
          18.93643888888889
        ]
      },
      "properties": {
        "class": "waypoint",
        "ident": "MMMX.MMMXS",
        "region": "MMMX",
        "usage": "T",
        "marker-symbol": "waypoint"
      }
    },
    {
      "type": "Feature",
      "geometry": {
        "type": "Point",
        "coordinates": [
          -98.54203888888888,
          19.435330555555556
        ]
      },
      "properties": {
        "class": "waypoint",
        "ident": "MMMX.MMMXE",
        "region": "MMMX",
        "usage": "T",
        "marker-symbol": "waypoint"
      }
    },
    {
      "type": "Feature",
      "geometry": {
        "type": "Point",
        "coordinates": [
          -99.6017611111111,
          19.435330555555556
        ]
      },
      "properties": {
        "class": "waypoint",
        "ident": "MMMX.MMMXW",
        "region": "MMMX",
        "usage": "T",
        "marker-symbol": "waypoint"
      }
    },
    {
      "type": "Feature",
      "geometry": {
        "type": "Point",
        "coordinates": [
          -99.0719,
          19.236230555555558
        ]
      },
      "properties": {
        "class": "waypoint",
        "ident": "MMMX.MMMXI",
        "region": "MMMX",
        "usage": "T",
        "marker-symbol": "waypoint"
      }
    },
    {
      "type": "Feature",
      "geometry": {
        "type": "Point",
        "coordinates": [
          -99.0719,
          19.336169444444444
        ]
      },
      "properties": {
        "class": "waypoint",
        "ident": "MMMX.MMMXF",
        "region": "MMMX",
        "usage": "T",
        "marker-symbol": "waypoint"
      }
    },
    {
      "type": "Feature",
      "geometry": {
        "type": "Point",
        "coordinates": [
          103.947,
          30.5785
        ]
      },
      "properties": {
        "class": "navaid",
        "ident": "CTU",
        "name": "CHENGDU VOR/DME",
        "type": "V",
        "frequency": "114.7",
        "elevation": 1625,
        "marker-symbol": "navaid"
      }
    },
    {
      "type": "Feature",
      "geometry": {
        "type": "Point",
        "coordinates": [
          116.6031,
          40.0799
        ]
      },
      "properties": {
        "class": "navaid",
        "ident": "PEK",
        "name": "BEIJING VOR/DME",
        "type": "V",
        "frequency": "114.1",
        "elevation": 1165,
        "marker-symbol": "navaid"
      }
    },
    {
      "type": "Feature",
      "geometry": {
        "type": "Point",
        "coordinates": [
          121.8083,
          31.1443
        ]
      },
      "properties": {
        "class": "navaid",
        "ident": "PVG",
        "name": "SHANGHAI VOR/DME",
        "type": "V",
        "frequency": "115.5",
        "elevation": 13,
        "marker-symbol": "navaid"
      }
    },
    {
      "type": "Feature",
      "geometry": {
        "type": "Point",
        "coordinates": [
          113.2988,
          23.3924
        ]
      },
      "properties": {
        "class": "navaid",
        "ident": "CAN",
        "name": "GUANGZHOU VOR/DME",
        "type": "V",
        "frequency": "113.2",
        "elevation": 36,
        "marker-symbol": "navaid"
      }
    },
    {
      "type": "Feature",
      "geometry": {
        "type": "Point",
        "coordinates": [
          139.77980000000002,
          35.5494
        ]
      },
      "properties": {
        "class": "navaid",
        "ident": "HND",
        "name": "TOKYO VOR/DME",
        "type": "V",
        "frequency": "115.1",
        "elevation": 21,
        "marker-symbol": "navaid"
      }
    },
    {
      "type": "Feature",
      "geometry": {
        "type": "Point",
        "coordinates": [
          135.233,
          34.4347
        ]
      },
      "properties": {
        "class": "navaid",
        "ident": "KIX",
        "name": "OSAKA VOR/DME",
        "type": "V",
        "frequency": "114.3",
        "elevation": 26,
        "marker-symbol": "navaid"
      }
    },
    {
      "type": "Feature",
      "geometry": {
        "type": "Point",
        "coordinates": [
          126.4407,
          37.4602
        ]
      },
      "properties": {
        "class": "navaid",
        "ident": "ICN",
        "name": "SEOUL VOR/DME",
        "type": "V",
        "frequency": "113.9",
        "elevation": 23,
        "marker-symbol": "navaid"
      }
    },
    {
      "type": "Feature",
      "geometry": {
        "type": "Point",
        "coordinates": [
          113.91850000000001,
          22.308
        ]
      },
      "properties": {
        "class": "navaid",
        "ident": "HKG",
        "name": "HONG KONG VOR/DME",
        "type": "V",
        "frequency": "114.5",
        "elevation": 28,
        "marker-symbol": "navaid"
      }
    },
    {
      "type": "Feature",
      "geometry": {
        "type": "Point",
        "coordinates": [
          103.9915,
          1.3644
        ]
      },
      "properties": {
        "class": "navaid",
        "ident": "SIN",
        "name": "SINGAPORE VOR/DME",
        "type": "V",
        "frequency": "115.7",
        "elevation": 22,
        "marker-symbol": "navaid"
      }
    },
    {
      "type": "Feature",
      "geometry": {
        "type": "Point",
        "coordinates": [
          100.7501,
          13.69
        ]
      },
      "properties": {
        "class": "navaid",
        "ident": "BKK",
        "name": "BANGKOK VOR/DME",
        "type": "V",
        "frequency": "114.9",
        "elevation": 5,
        "marker-symbol": "navaid"
      }
    },
    {
      "type": "Feature",
      "geometry": {
        "type": "Point",
        "coordinates": [
          77.1,
          28.5562
        ]
      },
      "properties": {
        "class": "navaid",
        "ident": "DEL",
        "name": "DELHI VOR/DME",
        "type": "V",
        "frequency": "112.8",
        "elevation": 776,
        "marker-symbol": "navaid"
      }
    },
    {
      "type": "Feature",
      "geometry": {
        "type": "Point",
        "coordinates": [
          72.8656,
          19.089599999999997
        ]
      },
      "properties": {
        "class": "navaid",
        "ident": "BOM",
        "name": "MUMBAI VOR/DME",
        "type": "V",
        "frequency": "113.5",
        "elevation": 10,
        "marker-symbol": "navaid"
      }
    },
    {
      "type": "Feature",
      "geometry": {
        "type": "Point",
        "coordinates": [
          55.365700000000004,
          25.2532
        ]
      },
      "properties": {
        "class": "navaid",
        "ident": "DXB",
        "name": "DUBAI VOR/DME",
        "type": "V",
        "frequency": "114.8",
        "elevation": 62,
        "marker-symbol": "navaid"
      }
    },
    {
      "type": "Feature",
      "geometry": {
        "type": "Point",
        "coordinates": [
          51.608000000000004,
          25.2731
        ]
      },
      "properties": {
        "class": "navaid",
        "ident": "DOH",
        "name": "DOHA VOR/DME",
        "type": "V",
        "frequency": "113.1",
        "elevation": 13,
        "marker-symbol": "navaid"
      }
    },
    {
      "type": "Feature",
      "geometry": {
        "type": "Point",
        "coordinates": [
          -0.45430000000000004,
          51.47
        ]
      },
      "properties": {
        "class": "navaid",
        "ident": "LHR",
        "name": "LONDON VOR/DME",
        "type": "V",
        "frequency": "115.3",
        "elevation": 83,
        "marker-symbol": "navaid"
      }
    },
    {
      "type": "Feature",
      "geometry": {
        "type": "Point",
        "coordinates": [
          2.5479,
          49.0097
        ]
      },
      "properties": {
        "class": "navaid",
        "ident": "CDG",
        "name": "PARIS VOR/DME",
        "type": "V",
        "frequency": "114.2",
        "elevation": 392,
        "marker-symbol": "navaid"
      }
    },
    {
      "type": "Feature",
      "geometry": {
        "type": "Point",
        "coordinates": [
          8.5622,
          50.0379
        ]
      },
      "properties": {
        "class": "navaid",
        "ident": "FRA",
        "name": "FRANKFURT VOR/DME",
        "type": "V",
        "frequency": "114.4",
        "elevation": 364,
        "marker-symbol": "navaid"
      }
    },
    {
      "type": "Feature",
      "geometry": {
        "type": "Point",
        "coordinates": [
          4.7683,
          52.3105
        ]
      },
      "properties": {
        "class": "navaid",
        "ident": "AMS",
        "name": "AMSTERDAM VOR/DME",
        "type": "V",
        "frequency": "113.7",
        "elevation": -11,
        "marker-symbol": "navaid"
      }
    },
    {
      "type": "Feature",
      "geometry": {
        "type": "Point",
        "coordinates": [
          37.4146,
          55.9726
        ]
      },
      "properties": {
        "class": "navaid",
        "ident": "SVO",
        "name": "MOSCOW VOR/DME",
        "type": "V",
        "frequency": "114.6",
        "elevation": 748,
        "marker-symbol": "navaid"
      }
    },
    {
      "type": "Feature",
      "geometry": {
        "type": "Point",
        "coordinates": [
          12.2389,
          41.8003
        ]
      },
      "properties": {
        "class": "navaid",
        "ident": "FCO",
        "name": "ROME VOR/DME",
        "type": "V",
        "frequency": "115.2",
        "elevation": 8,
        "marker-symbol": "navaid"
      }
    },
    {
      "type": "Feature",
      "geometry": {
        "type": "Point",
        "coordinates": [
          -73.7781,
          40.6413
        ]
      },
      "properties": {
        "class": "navaid",
        "ident": "JFK",
        "name": "NEW YORK VOR/DME",
        "type": "V",
        "frequency": "115.9",
        "elevation": 13,
        "marker-symbol": "navaid"
      }
    },
    {
      "type": "Feature",
      "geometry": {
        "type": "Point",
        "coordinates": [
          -118.4085,
          33.941599999999994
        ]
      },
      "properties": {
        "class": "navaid",
        "ident": "LAX",
        "name": "LOS ANGELES VOR/DME",
        "type": "V",
        "frequency": "113.6",
        "elevation": 126,
        "marker-symbol": "navaid"
      }
    },
    {
      "type": "Feature",
      "geometry": {
        "type": "Point",
        "coordinates": [
          -87.9073,
          41.9742
        ]
      },
      "properties": {
        "class": "navaid",
        "ident": "ORD",
        "name": "CHICAGO VOR/DME",
        "type": "V",
        "frequency": "113.4",
        "elevation": 668,
        "marker-symbol": "navaid"
      }
    },
    {
      "type": "Feature",
      "geometry": {
        "type": "Point",
        "coordinates": [
          -122.37899999999999,
          37.6213
        ]
      },
      "properties": {
        "class": "navaid",
        "ident": "SFO",
        "name": "SAN FRANCISCO VOR/DME",
        "type": "V",
        "frequency": "115.6",
        "elevation": 13,
        "marker-symbol": "navaid"
      }
    },
    {
      "type": "Feature",
      "geometry": {
        "type": "Point",
        "coordinates": [
          -84.4277,
          33.6407
        ]
      },
      "properties": {
        "class": "navaid",
        "ident": "ATL",
        "name": "ATLANTA VOR/DME",
        "type": "V",
        "frequency": "114.0",
        "elevation": 1026,
        "marker-symbol": "navaid"
      }
    },
    {
      "type": "Feature",
      "geometry": {
        "type": "Point",
        "coordinates": [
          -123.18390000000001,
          49.1947
        ]
      },
      "properties": {
        "class": "navaid",
        "ident": "YVR",
        "name": "VANCOUVER VOR/DME",
        "type": "V",
        "frequency": "112.9",
        "elevation": 13,
        "marker-symbol": "navaid"
      }
    },
    {
      "type": "Feature",
      "geometry": {
        "type": "Point",
        "coordinates": [
          -79.6248,
          43.677699999999994
        ]
      },
      "properties": {
        "class": "navaid",
        "ident": "YYZ",
        "name": "TORONTO VOR/DME",
        "type": "V",
        "frequency": "113.3",
        "elevation": 569,
        "marker-symbol": "navaid"
      }
    },
    {
      "type": "Feature",
      "geometry": {
        "type": "Point",
        "coordinates": [
          151.1772,
          -33.946099999999994
        ]
      },
      "properties": {
        "class": "navaid",
        "ident": "SYD",
        "name": "SYDNEY VOR/DME",
        "type": "V",
        "frequency": "114.1",
        "elevation": 21,
        "marker-symbol": "navaid"
      }
    },
    {
      "type": "Feature",
      "geometry": {
        "type": "Point",
        "coordinates": [
          144.841,
          -37.669
        ]
      },
      "properties": {
        "class": "navaid",
        "ident": "MEL",
        "name": "MELBOURNE VOR/DME",
        "type": "V",
        "frequency": "115.4",
        "elevation": 434,
        "marker-symbol": "navaid"
      }
    },
    {
      "type": "Feature",
      "geometry": {
        "type": "Point",
        "coordinates": [
          174.785,
          -37.0082
        ]
      },
      "properties": {
        "class": "navaid",
        "ident": "AKL",
        "name": "AUCKLAND VOR/DME",
        "type": "V",
        "frequency": "113.8",
        "elevation": 23,
        "marker-symbol": "navaid"
      }
    },
    {
      "type": "Feature",
      "geometry": {
        "type": "Point",
        "coordinates": [
          31.4056,
          30.1219
        ]
      },
      "properties": {
        "class": "navaid",
        "ident": "CAI",
        "name": "CAIRO VOR/DME",
        "type": "V",
        "frequency": "112.7",
        "elevation": 389,
        "marker-symbol": "navaid"
      }
    },
    {
      "type": "Feature",
      "geometry": {
        "type": "Point",
        "coordinates": [
          28.246000000000002,
          -26.1392
        ]
      },
      "properties": {
        "class": "navaid",
        "ident": "JNB",
        "name": "JOHANNESBURG VOR/DME",
        "type": "V",
        "frequency": "114.5",
        "elevation": 5558,
        "marker-symbol": "navaid"
      }
    },
    {
      "type": "Feature",
      "geometry": {
        "type": "Point",
        "coordinates": [
          36.9278,
          -1.3192
        ]
      },
      "properties": {
        "class": "navaid",
        "ident": "NBO",
        "name": "NAIROBI VOR/DME",
        "type": "V",
        "frequency": "113.1",
        "elevation": 5327,
        "marker-symbol": "navaid"
      }
    },
    {
      "type": "Feature",
      "geometry": {
        "type": "Point",
        "coordinates": [
          -46.4731,
          -23.4356
        ]
      },
      "properties": {
        "class": "navaid",
        "ident": "GRU",
        "name": "SAO PAULO VOR/DME",
        "type": "V",
        "frequency": "115.2",
        "elevation": 2451,
        "marker-symbol": "navaid"
      }
    },
    {
      "type": "Feature",
      "geometry": {
        "type": "Point",
        "coordinates": [
          -58.535799999999995,
          -34.8222
        ]
      },
      "properties": {
        "class": "navaid",
        "ident": "EZE",
        "name": "BUENOS AIRES VOR/DME",
        "type": "V",
        "frequency": "114.3",
        "elevation": 67,
        "marker-symbol": "navaid"
      }
    },
    {
      "type": "Feature",
      "geometry": {
        "type": "Point",
        "coordinates": [
          -99.0719,
          19.4361
        ]
      },
      "properties": {
        "class": "navaid",
        "ident": "MEX",
        "name": "MEXICO CITY VOR/DME",
        "type": "V",
        "frequency": "113.7",
        "elevation": 7316,
        "marker-symbol": "navaid"
      }
    },
    {
      "type": "Feature",
      "geometry": {
        "type": "LineString",
        "coordinates": [
          [
            103.8,
            31.5
          ],
          [
            103.2,
            31.0
          ],
          [
            104.5,
            31.2
          ],
          [
            104.8,
            30.8
          ],
          [
            105.2,
            30.2
          ],
          [
            105.0,
            29.5
          ]
        ]
      },
      "properties": {
        "class": "airway",
        "ident": "A593",
        "type": "H",
        "direction": "N",
        "min_altitude": 7800,
        "max_altitude": 12500
      }
    },
    {
      "type": "Feature",
      "geometry": {
        "type": "LineString",
        "coordinates": [
          [
            104.2,
            30.9
          ],
          [
            104.6,
            30.3
          ],
          [
            105.0,
            29.5
          ],
          [
            106.0,
            28.5
          ],
          [
            107.0,
            27.5
          ]
        ]
      },
      "properties": {
        "class": "airway",
        "ident": "B330",
        "type": "H",
        "direction": "N",
        "min_altitude": 7800,
        "max_altitude": 12500
      }
    },
    {
      "type": "Feature",
      "geometry": {
        "type": "LineString",
        "coordinates": [
          [
            116.6,
            40.080000000000005
          ],
          [
            118.0,
            38.5
          ],
          [
            117.5,
            36.8
          ],
          [
            121.81,
            31.14
          ]
        ]
      },
      "properties": {
        "class": "airway",
        "ident": "A461",
        "type": "H",
        "direction": "N",
        "min_altitude": 7800,
        "max_altitude": 12500
      }
    },
    {
      "type": "Feature",
      "geometry": {
        "type": "LineString",
        "coordinates": [
          [
            121.81,
            31.14
          ],
          [
            123.0,
            29.0
          ],
          [
            139.78,
            35.55
          ]
        ]
      },
      "properties": {
        "class": "airway",
        "ident": "A599",
        "type": "H",
        "direction": "N",
        "min_altitude": 7800,
        "max_altitude": 12500
      }
    },
    {
      "type": "Feature",
      "geometry": {
        "type": "LineString",
        "coordinates": [
          [
            139.78,
            35.55
          ],
          [
            135.23,
            34.43
          ],
          [
            126.44,
            37.46
          ]
        ]
      },
      "properties": {
        "class": "airway",
        "ident": "R460",
        "type": "H",
        "direction": "N",
        "min_altitude": 7800,
        "max_altitude": 12500
      }
    },
    {
      "type": "Feature",
      "geometry": {
        "type": "LineString",
        "coordinates": [
          [
            113.92,
            22.310000000000002
          ],
          [
            103.99,
            1.36
          ],
          [
            100.75,
            13.69
          ]
        ]
      },
      "properties": {
        "class": "airway",
        "ident": "B458",
        "type": "H",
        "direction": "N",
        "min_altitude": 7800,
        "max_altitude": 12500
      }
    },
    {
      "type": "Feature",
      "geometry": {
        "type": "LineString",
        "coordinates": [
          [
            103.5,
            29.8
          ],
          [
            102.8,
            30.0
          ],
          [
            103.2,
            31.0
          ]
        ]
      },
      "properties": {
        "class": "airway",
        "ident": "W50",
        "type": "H",
        "direction": "N",
        "min_altitude": 7800,
        "max_altitude": 12500
      }
    },
    {
      "type": "Feature",
      "geometry": {
        "type": "LineString",
        "coordinates": [
          [
            77.1,
            28.560000000000002
          ],
          [
            55.37,
            25.25
          ],
          [
            31.41,
            30.12
          ]
        ]
      },
      "properties": {
        "class": "airway",
        "ident": "A326",
        "type": "H",
        "direction": "N",
        "min_altitude": 7800,
        "max_altitude": 12500
      }
    },
    {
      "type": "Feature",
      "geometry": {
        "type": "LineString",
        "coordinates": [
          [
            55.37,
            25.25
          ],
          [
            51.61,
            25.27
          ],
          [
            50.63,
            26.27
          ],
          [
            8.56,
            50.04
          ]
        ]
      },
      "properties": {
        "class": "airway",
        "ident": "M735",
        "type": "H",
        "direction": "N",
        "min_altitude": 7800,
        "max_altitude": 12500
      }
    },
    {
      "type": "Feature",
      "geometry": {
        "type": "LineString",
        "coordinates": [
          [
            8.56,
            50.04
          ],
          [
            2.55,
            49.01
          ],
          [
            -0.45,
            51.47
          ]
        ]
      },
      "properties": {
        "class": "airway",
        "ident": "L888",
        "type": "H",
        "direction": "N",
        "min_altitude": 7800,
        "max_altitude": 12500
      }
    },
    {
      "type": "Feature",
      "geometry": {
        "type": "LineString",
        "coordinates": [
          [
            37.41,
            55.97
          ],
          [
            8.56,
            50.04
          ],
          [
            4.77,
            52.309999999999995
          ]
        ]
      },
      "properties": {
        "class": "airway",
        "ident": "B900",
        "type": "H",
        "direction": "N",
        "min_altitude": 7800,
        "max_altitude": 12500
      }
    },
    {
      "type": "Feature",
      "geometry": {
        "type": "LineString",
        "coordinates": [
          [
            -0.45,
            51.47
          ],
          [
            -20.0,
            52.0
          ],
          [
            -45.0,
            49.0
          ],
          [
            -73.78,
            40.64
          ]
        ]
      },
      "properties": {
        "class": "airway",
        "ident": "NAT-A",
        "type": "H",
        "direction": "N",
        "min_altitude": 7800,
        "max_altitude": 12500
      }
    },
    {
      "type": "Feature",
      "geometry": {
        "type": "LineString",
        "coordinates": [
          [
            2.55,
            49.01
          ],
          [
            -25.0,
            50.0
          ],
          [
            -50.0,
            47.0
          ],
          [
            -79.61999999999999,
            43.68
          ]
        ]
      },
      "properties": {
        "class": "airway",
        "ident": "NAT-B",
        "type": "H",
        "direction": "N",
        "min_altitude": 7800,
        "max_altitude": 12500
      }
    },
    {
      "type": "Feature",
      "geometry": {
        "type": "LineString",
        "coordinates": [
          [
            -73.78,
            40.64
          ],
          [
            -87.91000000000001,
            41.97
          ],
          [
            -93.22,
            44.88
          ],
          [
            -123.18,
            49.19
          ]
        ]
      },
      "properties": {
        "class": "airway",
        "ident": "J80",
        "type": "H",
        "direction": "N",
        "min_altitude": 7800,
        "max_altitude": 12500
      }
    },
    {
      "type": "Feature",
      "geometry": {
        "type": "LineString",
        "coordinates": [
          [
            -118.41000000000001,
            33.94
          ],
          [
            -122.38,
            37.62
          ],
          [
            -122.31,
            47.45
          ],
          [
            -123.18,
            49.19
          ]
        ]
      },
      "properties": {
        "class": "airway",
        "ident": "J6",
        "type": "H",
        "direction": "N",
        "min_altitude": 7800,
        "max_altitude": 12500
      }
    },
    {
      "type": "Feature",
      "geometry": {
        "type": "LineString",
        "coordinates": [
          [
            -84.43,
            33.64
          ],
          [
            -97.03999999999999,
            32.9
          ],
          [
            -118.41000000000001,
            33.94
          ]
        ]
      },
      "properties": {
        "class": "airway",
        "ident": "J54",
        "type": "H",
        "direction": "N",
        "min_altitude": 7800,
        "max_altitude": 12500
      }
    },
    {
      "type": "Feature",
      "geometry": {
        "type": "LineString",
        "coordinates": [
          [
            -73.78,
            40.64
          ],
          [
            -84.43,
            33.64
          ],
          [
            -80.28999999999999,
            25.790000000000003
          ]
        ]
      },
      "properties": {
        "class": "airway",
        "ident": "J174",
        "type": "H",
        "direction": "N",
        "min_altitude": 7800,
        "max_altitude": 12500
      }
    },
    {
      "type": "Feature",
      "geometry": {
        "type": "LineString",
        "coordinates": [
          [
            -118.41000000000001,
            33.94
          ],
          [
            -157.92,
            21.32
          ],
          [
            171.0,
            7.0
          ],
          [
            139.78,
            35.55
          ]
        ]
      },
      "properties": {
        "class": "airway",
        "ident": "PAC-A",
        "type": "H",
        "direction": "N",
        "min_altitude": 7800,
        "max_altitude": 12500
      }
    },
    {
      "type": "Feature",
      "geometry": {
        "type": "LineString",
        "coordinates": [
          [
            -122.38,
            37.62
          ],
          [
            -157.92,
            21.32
          ],
          [
            144.8,
            13.48
          ],
          [
            121.81,
            31.14
          ]
        ]
      },
      "properties": {
        "class": "airway",
        "ident": "PAC-B",
        "type": "H",
        "direction": "N",
        "min_altitude": 7800,
        "max_altitude": 12500
      }
    },
    {
      "type": "Feature",
      "geometry": {
        "type": "LineString",
        "coordinates": [
          [
            151.17999999999998,
            -33.95
          ],
          [
            144.84,
            -37.669999999999995
          ],
          [
            174.79,
            -37.01
          ]
        ]
      },
      "properties": {
        "class": "airway",
        "ident": "A460",
        "type": "H",
        "direction": "N",
        "min_altitude": 7800,
        "max_altitude": 12500
      }
    },
    {
      "type": "Feature",
      "geometry": {
        "type": "LineString",
        "coordinates": [
          [
            103.99,
            1.36
          ],
          [
            106.66000000000001,
            -6.13
          ],
          [
            115.97,
            -31.94
          ],
          [
            151.17999999999998,
            -33.95
          ]
        ]
      },
      "properties": {
        "class": "airway",
        "ident": "R590",
        "type": "H",
        "direction": "N",
        "min_altitude": 7800,
        "max_altitude": 12500
      }
    },
    {
      "type": "Feature",
      "geometry": {
        "type": "LineString",
        "coordinates": [
          [
            31.41,
            30.12
          ],
          [
            28.25,
            -26.14
          ],
          [
            36.93,
            -1.32
          ]
        ]
      },
      "properties": {
        "class": "airway",
        "ident": "UY100",
        "type": "H",
        "direction": "N",
        "min_altitude": 7800,
        "max_altitude": 12500
      }
    },
    {
      "type": "Feature",
      "geometry": {
        "type": "LineString",
        "coordinates": [
          [
            -46.47,
            -23.44
          ],
          [
            -58.54,
            -34.82
          ],
          [
            -70.78999999999999,
            -33.39
          ]
        ]
      },
      "properties": {
        "class": "airway",
        "ident": "UW500",
        "type": "H",
        "direction": "N",
        "min_altitude": 7800,
        "max_altitude": 12500
      }
    },
    {
      "type": "Feature",
      "geometry": {
        "type": "LineString",
        "coordinates": [
          [
            -99.07,
            19.44
          ],
          [
            -46.47,
            -23.44
          ]
        ]
      },
      "properties": {
        "class": "airway",
        "ident": "UM770",
        "type": "H",
        "direction": "N",
        "min_altitude": 7800,
        "max_altitude": 12500
      }
    },
    {
      "type": "Feature",
      "geometry": {
        "type": "LineString",
        "coordinates": [
          [
            116.6031,
            40.0799
          ],
          [
            116.6031,
            40.57956111111111
          ],
          [
            116.6031,
            40.27976944444444
          ]
        ]
      },
      "properties": {
        "class": "procedure",
        "type": "SID",
        "proc_ident": "ZBAA1",
        "transition": "ZBAA",
        "legs": [
          {
            "type": "SID",
            "proc_ident": "ZBAA1",
            "transition": "ZBAA",
            "seq": 1,
            "leg_type": "IF",
            "fix_ident": "ZBAA",
            "fix_lat": 40.0799,
            "fix_lon": 116.6031,
            "recommended_navaid": "",
            "arc_radius": 0.0,
            "theta": 0.0,
            "rho": 0.0,
            "outbound_course": 0.0,
            "inbound_course": 0.0,
            "turn_direction": "",
            "altitude": 1165,
            "altitude2": 0,
            "speed_limit": 0,
            "vertical_angle": 0.0,
            "center_fix": "",
            "rnp": 0.0
          },
          {
            "type": "SID",
            "proc_ident": "ZBAA1",
            "transition": "ZBAA",
            "seq": 2,
            "leg_type": "CF",
            "fix_ident": "ZBAAN",
            "fix_lat": 40.57956111111111,
            "fix_lon": 116.6031,
            "recommended_navaid": "",
            "arc_radius": 0.0,
            "theta": 0.0,
            "rho": 0.0,
            "outbound_course": 0.0,
            "inbound_course": 0.0,
            "turn_direction": "",
            "altitude": 5000,
            "altitude2": 0,
            "speed_limit": 220,
            "vertical_angle": 0.0,
            "center_fix": "",
            "rnp": 0.0
          },
          {
            "type": "SID",
            "proc_ident": "ZBAA1",
            "transition": "ZBAA",
            "seq": 3,
            "leg_type": "TF",
            "fix_ident": "ZBAAI",
            "fix_lat": 40.27976944444444,
            "fix_lon": 116.6031,
            "recommended_navaid": "",
            "arc_radius": 0.0,
            "theta": 0.0,
            "rho": 0.0,
            "outbound_course": 0.0,
            "inbound_course": 0.0,
            "turn_direction": "",
            "altitude": 8000,
            "altitude2": 0,
            "speed_limit": 0,
            "vertical_angle": 0.0,
            "center_fix": "",
            "rnp": 0.0
          }
        ]
      }
    },
    {
      "type": "Feature",
      "geometry": {
        "type": "LineString",
        "coordinates": [
          [
            116.6031,
            40.57956111111111
          ],
          [
            116.6031,
            40.27976944444444
          ],
          [
            116.6031,
            40.179830555555554
          ],
          [
            116.6031,
            40.0799
          ]
        ]
      },
      "properties": {
        "class": "procedure",
        "type": "STAR",
        "proc_ident": "ZBAA1",
        "transition": "ZBAA",
        "legs": [
          {
            "type": "STAR",
            "proc_ident": "ZBAA1",
            "transition": "ZBAA",
            "seq": 1,
            "leg_type": "IF",
            "fix_ident": "ZBAAN",
            "fix_lat": 40.57956111111111,
            "fix_lon": 116.6031,
            "recommended_navaid": "",
            "arc_radius": 0.0,
            "theta": 0.0,
            "rho": 0.0,
            "outbound_course": 0.0,
            "inbound_course": 0.0,
            "turn_direction": "",
            "altitude": 12500,
            "altitude2": 0,
            "speed_limit": 0,
            "vertical_angle": 0.0,
            "center_fix": "",
            "rnp": 0.0
          },
          {
            "type": "STAR",
            "proc_ident": "ZBAA1",
            "transition": "ZBAA",
            "seq": 2,
            "leg_type": "TF",
            "fix_ident": "ZBAAI",
            "fix_lat": 40.27976944444444,
            "fix_lon": 116.6031,
            "recommended_navaid": "",
            "arc_radius": 0.0,
            "theta": 0.0,
            "rho": 0.0,
            "outbound_course": 180.0,
            "inbound_course": 0.0,
            "turn_direction": "0",
            "altitude": 10000,
            "altitude2": 0,
            "speed_limit": 0,
            "vertical_angle": 0.0,
            "center_fix": "",
            "rnp": 0.0
          },
          {
            "type": "STAR",
            "proc_ident": "ZBAA1",
            "transition": "ZBAA",
            "seq": 3,
            "leg_type": "CF",
            "fix_ident": "ZBAAF",
            "fix_lat": 40.179830555555554,
            "fix_lon": 116.6031,
            "recommended_navaid": "",
            "arc_radius": 0.0,
            "theta": 0.0,
            "rho": 0.0,
            "outbound_course": 180.0,
            "inbound_course": 0.0,
            "turn_direction": "0",
            "altitude": 6000,
            "altitude2": 0,
            "speed_limit": 250,
            "vertical_angle": 0.0,
            "center_fix": "",
            "rnp": 0.0
          },
          {
            "type": "STAR",
            "proc_ident": "ZBAA1",
            "transition": "ZBAA",
            "seq": 4,
            "leg_type": "TF",
            "fix_ident": "ZBAA",
            "fix_lat": 40.0799,
            "fix_lon": 116.6031,
            "recommended_navaid": "",
            "arc_radius": 0.0,
            "theta": 0.0,
            "rho": 0.0,
            "outbound_course": 180.0,
            "inbound_course": 0.0,
            "turn_direction": "0",
            "altitude": 4000,
            "altitude2": 0,
            "speed_limit": 220,
            "vertical_angle": 0.0,
            "center_fix": "",
            "rnp": 0.0
          }
        ]
      }
    },
    {
      "type": "Feature",
      "geometry": {
        "type": "LineString",
        "coordinates": [
          [
            116.6031,
            40.27976944444444
          ],
          [
            121.8083,
            31.344169444444443
          ],
          [
            113.2988,
            23.592269444444444
          ],
          [
            103.947,
            30.778369444444444
          ],
          [
            121.3363,
            31.397769444444442
          ],
          [
            108.7516,
            34.646969444444444
          ],
          [
            139.77980000000002,
            35.749269444444444
          ],
          [
            135.233,
            34.634569444444445
          ],
          [
            126.4407,
            37.660069444444446
          ],
          [
            113.91850000000001,
            22.507869444444445
          ],
          [
            103.9915,
            1.5642694444444445
          ],
          [
            100.7501,
            13.889869444444445
          ],
          [
            101.7099,
            2.9454694444444445
          ],
          [
            121.0195,
            14.708469444444443
          ],
          [
            77.1,
            28.756069444444446
          ],
          [
            72.8656,
            19.289469444444446
          ],
          [
            55.365700000000004,
            25.453069444444445
          ],
          [
            51.608000000000004,
            25.47296944444444
          ],
          [
            46.6992,
            25.157569444444444
          ],
          [
            -0.45430000000000004,
            51.669869444444444
          ],
          [
            2.5479,
            49.20956944444445
          ],
          [
            8.5622,
            50.237769444444446
          ],
          [
            4.7683,
            52.51036944444444
          ],
          [
            37.4146,
            56.172469444444445
          ],
          [
            12.2389,
            42.000169444444445
          ],
          [
            -3.5625999999999998,
            40.67176944444444
          ],
          [
            11.7861,
            48.55356944444444
          ],
          [
            -0.1903,
            51.347969444444445
          ],
          [
            2.3794,
            48.92316944444444
          ],
          [
            -73.7781,
            40.841169444444446
          ],
          [
            -118.4085,
            34.141469444444446
          ],
          [
            -87.9073,
            42.17406944444444
          ],
          [
            -122.37899999999999,
            37.82116944444445
          ],
          [
            -84.4277,
            33.84056944444445
          ],
          [
            -97.0403,
            33.099669444444444
          ],
          [
            -123.18390000000001,
            49.39456944444444
          ],
          [
            -79.6248,
            43.87756944444445
          ],
          [
            151.1772,
            -33.746230555555556
          ],
          [
            144.841,
            -37.46913055555556
          ],
          [
            174.785,
            -36.80833055555555
          ],
          [
            31.4056,
            30.321769444444445
          ],
          [
            28.246000000000002,
            -25.939330555555557
          ],
          [
            36.9278,
            -1.1193305555555555
          ],
          [
            -46.4731,
            -23.235730555555556
          ],
          [
            -58.535799999999995,
            -34.62233055555556
          ],
          [
            -99.0719,
            19.635969444444445
          ],
          [
            116.6031,
            40.179830555555554
          ],
          [
            121.8083,
            31.244230555555557
          ],
          [
            113.2988,
            23.492330555555558
          ],
          [
            103.947,
            30.678430555555558
          ],
          [
            121.3363,
            31.297830555555556
          ],
          [
            108.7516,
            34.54703055555555
          ],
          [
            139.77980000000002,
            35.64933055555556
          ],
          [
            135.233,
            34.53463055555555
          ],
          [
            126.4407,
            37.56013055555555
          ],
          [
            113.91850000000001,
            22.407930555555556
          ],
          [
            103.9915,
            1.4643305555555555
          ],
          [
            100.7501,
            13.789930555555555
          ],
          [
            101.7099,
            2.845530555555556
          ],
          [
            121.0195,
            14.608530555555555
          ],
          [
            77.1,
            28.656130555555553
          ],
          [
            72.8656,
            19.189530555555557
          ],
          [
            55.365700000000004,
            25.353130555555556
          ],
          [
            51.608000000000004,
            25.373030555555555
          ],
          [
            46.6992,
            25.057630555555555
          ],
          [
            -0.45430000000000004,
            51.56993055555556
          ],
          [
            2.5479,
            49.109630555555555
          ],
          [
            8.5622,
            50.13783055555555
          ],
          [
            4.7683,
            52.41043055555556
          ],
          [
            37.4146,
            56.07253055555556
          ],
          [
            12.2389,
            41.90023055555555
          ],
          [
            -3.5625999999999998,
            40.57183055555556
          ],
          [
            11.7861,
            48.453630555555556
          ],
          [
            -0.1903,
            51.24803055555556
          ],
          [
            2.3794,
            48.82323055555556
          ],
          [
            -73.7781,
            40.74123055555555
          ],
          [
            -118.4085,
            34.04153055555555
          ],
          [
            -87.9073,
            42.074130555555556
          ],
          [
            -122.37899999999999,
            37.72123055555556
          ],
          [
            -84.4277,
            33.740630555555555
          ],
          [
            -97.0403,
            32.99973055555556
          ],
          [
            -123.18390000000001,
            49.29463055555556
          ],
          [
            -79.6248,
            43.777630555555554
          ],
          [
            151.1772,
            -33.84616944444445
          ],
          [
            144.841,
            -37.569069444444445
          ],
          [
            174.785,
            -36.90826944444444
          ],
          [
            31.4056,
            30.221830555555552
          ],
          [
            28.246000000000002,
            -26.039269444444447
          ],
          [
            36.9278,
            -1.2192694444444445
          ],
          [
            -46.4731,
            -23.335669444444445
          ],
          [
            -58.535799999999995,
            -34.72226944444444
          ],
          [
            -99.0719,
            19.536030555555556
          ],
          [
            116.6031,
            40.0799
          ],
          [
            121.8083,
            31.1443
          ],
          [
            113.2988,
            23.3924
          ],
          [
            103.947,
            30.5785
          ],
          [
            121.3363,
            31.1979
          ],
          [
            108.7516,
            34.4471
          ],
          [
            139.77980000000002,
            35.5494
          ],
          [
            135.233,
            34.4347
          ],
          [
            126.4407,
            37.4602
          ],
          [
            113.91850000000001,
            22.308
          ],
          [
            103.9915,
            1.3644
          ],
          [
            100.7501,
            13.69
          ],
          [
            101.7099,
            2.7456
          ],
          [
            121.0195,
            14.5086
          ],
          [
            77.1,
            28.5562
          ],
          [
            72.8656,
            19.089599999999997
          ],
          [
            55.365700000000004,
            25.2532
          ],
          [
            51.608000000000004,
            25.2731
          ],
          [
            46.6992,
            24.9577
          ],
          [
            -0.45430000000000004,
            51.47
          ],
          [
            2.5479,
            49.0097
          ],
          [
            8.5622,
            50.0379
          ],
          [
            4.7683,
            52.3105
          ],
          [
            37.4146,
            55.9726
          ],
          [
            12.2389,
            41.8003
          ],
          [
            -3.5625999999999998,
            40.471900000000005
          ],
          [
            11.7861,
            48.3537
          ],
          [
            -0.1903,
            51.1481
          ],
          [
            2.3794,
            48.7233
          ],
          [
            -73.7781,
            40.6413
          ],
          [
            -118.4085,
            33.941599999999994
          ],
          [
            -87.9073,
            41.9742
          ],
          [
            -122.37899999999999,
            37.6213
          ],
          [
            -84.4277,
            33.6407
          ],
          [
            -97.0403,
            32.8998
          ],
          [
            -123.18390000000001,
            49.1947
          ],
          [
            -79.6248,
            43.677699999999994
          ],
          [
            151.1772,
            -33.946099999999994
          ],
          [
            144.841,
            -37.669
          ],
          [
            174.785,
            -37.0082
          ],
          [
            31.4056,
            30.1219
          ],
          [
            28.246000000000002,
            -26.1392
          ],
          [
            36.9278,
            -1.3192
          ],
          [
            -46.4731,
            -23.4356
          ],
          [
            -58.535799999999995,
            -34.8222
          ],
          [
            -99.0719,
            19.4361
          ],
          [
            116.6031,
            40.0799
          ],
          [
            121.8083,
            31.1443
          ],
          [
            113.2988,
            23.3924
          ],
          [
            103.947,
            30.5785
          ],
          [
            121.3363,
            31.1979
          ],
          [
            108.7516,
            34.4471
          ],
          [
            139.77980000000002,
            35.5494
          ],
          [
            135.233,
            34.4347
          ],
          [
            126.4407,
            37.4602
          ],
          [
            113.91850000000001,
            22.308
          ],
          [
            103.9915,
            1.3644
          ],
          [
            100.7501,
            13.69
          ],
          [
            101.7099,
            2.7456
          ],
          [
            121.0195,
            14.5086
          ],
          [
            77.1,
            28.5562
          ],
          [
            72.8656,
            19.089599999999997
          ],
          [
            55.365700000000004,
            25.2532
          ],
          [
            51.608000000000004,
            25.2731
          ],
          [
            46.6992,
            24.9577
          ],
          [
            -0.45430000000000004,
            51.47
          ],
          [
            2.5479,
            49.0097
          ],
          [
            8.5622,
            50.0379
          ],
          [
            4.7683,
            52.3105
          ],
          [
            37.4146,
            55.9726
          ],
          [
            12.2389,
            41.8003
          ],
          [
            -3.5625999999999998,
            40.471900000000005
          ],
          [
            11.7861,
            48.3537
          ],
          [
            -0.1903,
            51.1481
          ],
          [
            2.3794,
            48.7233
          ],
          [
            -73.7781,
            40.6413
          ],
          [
            -118.4085,
            33.941599999999994
          ],
          [
            -87.9073,
            41.9742
          ],
          [
            -122.37899999999999,
            37.6213
          ],
          [
            -84.4277,
            33.6407
          ],
          [
            -97.0403,
            32.8998
          ],
          [
            -123.18390000000001,
            49.1947
          ],
          [
            -79.6248,
            43.677699999999994
          ],
          [
            151.1772,
            -33.946099999999994
          ],
          [
            144.841,
            -37.669
          ],
          [
            174.785,
            -37.0082
          ],
          [
            31.4056,
            30.1219
          ],
          [
            28.246000000000002,
            -26.1392
          ],
          [
            36.9278,
            -1.3192
          ],
          [
            -46.4731,
            -23.4356
          ],
          [
            -58.535799999999995,
            -34.8222
          ],
          [
            -99.0719,
            19.4361
          ],
          [
            116.6031,
            40.57956111111111
          ],
          [
            121.8083,
            31.64396111111111
          ],
          [
            113.2988,
            23.89206111111111
          ],
          [
            103.947,
            31.07816111111111
          ],
          [
            121.3363,
            31.69756111111111
          ],
          [
            108.7516,
            34.94676111111111
          ],
          [
            139.77980000000002,
            36.04906111111111
          ],
          [
            135.233,
            34.93436111111111
          ],
          [
            126.4407,
            37.95986111111112
          ],
          [
            113.91850000000001,
            22.807661111111113
          ],
          [
            103.9915,
            1.8640611111111112
          ],
          [
            100.7501,
            14.18966111111111
          ],
          [
            101.7099,
            3.245261111111111
          ],
          [
            121.0195,
            15.00826111111111
          ],
          [
            77.1,
            29.055861111111113
          ],
          [
            72.8656,
            19.58926111111111
          ],
          [
            55.365700000000004,
            25.752861111111113
          ],
          [
            51.608000000000004,
            25.77276111111111
          ],
          [
            46.6992,
            25.457361111111112
          ],
          [
            -0.45430000000000004,
            51.969661111111115
          ],
          [
            2.5479,
            49.50936111111111
          ],
          [
            8.5622,
            50.53756111111111
          ],
          [
            4.7683,
            52.81016111111111
          ],
          [
            37.4146,
            56.472261111111116
          ],
          [
            12.2389,
            42.29996111111111
          ],
          [
            -3.5625999999999998,
            40.971561111111114
          ],
          [
            11.7861,
            48.85336111111111
          ],
          [
            -0.1903,
            51.64776111111111
          ],
          [
            2.3794,
            49.22296111111111
          ],
          [
            -73.7781,
            41.14096111111111
          ],
          [
            -118.4085,
            34.44126111111111
          ],
          [
            -87.9073,
            42.47386111111111
          ],
          [
            -122.37899999999999,
            38.120961111111114
          ],
          [
            -84.4277,
            34.14036111111111
          ],
          [
            -97.0403,
            33.39946111111111
          ],
          [
            -123.18390000000001,
            49.69436111111111
          ],
          [
            -79.6248,
            44.17736111111111
          ],
          [
            151.1772,
            -33.446438888888885
          ],
          [
            144.841,
            -37.16933888888889
          ],
          [
            174.785,
            -36.508538888888886
          ],
          [
            31.4056,
            30.621561111111113
          ],
          [
            28.246000000000002,
            -25.63953888888889
          ],
          [
            36.9278,
            -0.8195388888888889
          ],
          [
            -46.4731,
            -22.935938888888888
          ],
          [
            -58.535799999999995,
            -34.32253888888889
          ],
          [
            -99.0719,
            19.935761111111113
          ]
        ]
      },
      "properties": {
        "class": "procedure",
        "type": "APPROACH",
        "proc_ident": "ILS36",
        "transition": "",
        "legs": [
          {
            "type": "APPROACH",
            "proc_ident": "ILS36",
            "transition": "",
            "seq": 1,
            "leg_type": "IF",
            "fix_ident": "ZBAAI",
            "fix_lat": 40.27976944444444,
            "fix_lon": 116.6031,
            "recommended_navaid": "",
            "arc_radius": 0.0,
            "theta": 0.0,
            "rho": 0.0,
            "outbound_course": 0.0,
            "inbound_course": 0.0,
            "turn_direction": "",
            "altitude": 4000,
            "altitude2": 0,
            "speed_limit": 220,
            "vertical_angle": 0.0,
            "center_fix": "",
            "rnp": 0.0
          },
          {
            "type": "APPROACH",
            "proc_ident": "ILS36",
            "transition": "",
            "seq": 1,
            "leg_type": "IF",
            "fix_ident": "ZSPDI",
            "fix_lat": 31.344169444444443,
            "fix_lon": 121.8083,
            "recommended_navaid": "",
            "arc_radius": 0.0,
            "theta": 0.0,
            "rho": 0.0,
            "outbound_course": 0.0,
            "inbound_course": 0.0,
            "turn_direction": "",
            "altitude": 4000,
            "altitude2": 0,
            "speed_limit": 220,
            "vertical_angle": 0.0,
            "center_fix": "",
            "rnp": 0.0
          },
          {
            "type": "APPROACH",
            "proc_ident": "ILS36",
            "transition": "",
            "seq": 1,
            "leg_type": "IF",
            "fix_ident": "ZGGGI",
            "fix_lat": 23.592269444444444,
            "fix_lon": 113.2988,
            "recommended_navaid": "",
            "arc_radius": 0.0,
            "theta": 0.0,
            "rho": 0.0,
            "outbound_course": 0.0,
            "inbound_course": 0.0,
            "turn_direction": "",
            "altitude": 4000,
            "altitude2": 0,
            "speed_limit": 220,
            "vertical_angle": 0.0,
            "center_fix": "",
            "rnp": 0.0
          },
          {
            "type": "APPROACH",
            "proc_ident": "ILS36",
            "transition": "",
            "seq": 1,
            "leg_type": "IF",
            "fix_ident": "ZUUUI",
            "fix_lat": 30.778369444444444,
            "fix_lon": 103.947,
            "recommended_navaid": "",
            "arc_radius": 0.0,
            "theta": 0.0,
            "rho": 0.0,
            "outbound_course": 0.0,
            "inbound_course": 0.0,
            "turn_direction": "",
            "altitude": 4000,
            "altitude2": 0,
            "speed_limit": 220,
            "vertical_angle": 0.0,
            "center_fix": "",
            "rnp": 0.0
          },
          {
            "type": "APPROACH",
            "proc_ident": "ILS36",
            "transition": "",
            "seq": 1,
            "leg_type": "IF",
            "fix_ident": "ZSSSI",
            "fix_lat": 31.397769444444442,
            "fix_lon": 121.3363,
            "recommended_navaid": "",
            "arc_radius": 0.0,
            "theta": 0.0,
            "rho": 0.0,
            "outbound_course": 0.0,
            "inbound_course": 0.0,
            "turn_direction": "",
            "altitude": 4000,
            "altitude2": 0,
            "speed_limit": 220,
            "vertical_angle": 0.0,
            "center_fix": "",
            "rnp": 0.0
          },
          {
            "type": "APPROACH",
            "proc_ident": "ILS36",
            "transition": "",
            "seq": 1,
            "leg_type": "IF",
            "fix_ident": "ZLXYI",
            "fix_lat": 34.646969444444444,
            "fix_lon": 108.7516,
            "recommended_navaid": "",
            "arc_radius": 0.0,
            "theta": 0.0,
            "rho": 0.0,
            "outbound_course": 0.0,
            "inbound_course": 0.0,
            "turn_direction": "",
            "altitude": 4000,
            "altitude2": 0,
            "speed_limit": 220,
            "vertical_angle": 0.0,
            "center_fix": "",
            "rnp": 0.0
          },
          {
            "type": "APPROACH",
            "proc_ident": "ILS36",
            "transition": "",
            "seq": 1,
            "leg_type": "IF",
            "fix_ident": "RJTTI",
            "fix_lat": 35.749269444444444,
            "fix_lon": 139.77980000000002,
            "recommended_navaid": "",
            "arc_radius": 0.0,
            "theta": 0.0,
            "rho": 0.0,
            "outbound_course": 0.0,
            "inbound_course": 0.0,
            "turn_direction": "",
            "altitude": 4000,
            "altitude2": 0,
            "speed_limit": 220,
            "vertical_angle": 0.0,
            "center_fix": "",
            "rnp": 0.0
          },
          {
            "type": "APPROACH",
            "proc_ident": "ILS36",
            "transition": "",
            "seq": 1,
            "leg_type": "IF",
            "fix_ident": "RJBBI",
            "fix_lat": 34.634569444444445,
            "fix_lon": 135.233,
            "recommended_navaid": "",
            "arc_radius": 0.0,
            "theta": 0.0,
            "rho": 0.0,
            "outbound_course": 0.0,
            "inbound_course": 0.0,
            "turn_direction": "",
            "altitude": 4000,
            "altitude2": 0,
            "speed_limit": 220,
            "vertical_angle": 0.0,
            "center_fix": "",
            "rnp": 0.0
          },
          {
            "type": "APPROACH",
            "proc_ident": "ILS36",
            "transition": "",
            "seq": 1,
            "leg_type": "IF",
            "fix_ident": "RKSII",
            "fix_lat": 37.660069444444446,
            "fix_lon": 126.4407,
            "recommended_navaid": "",
            "arc_radius": 0.0,
            "theta": 0.0,
            "rho": 0.0,
            "outbound_course": 0.0,
            "inbound_course": 0.0,
            "turn_direction": "",
            "altitude": 4000,
            "altitude2": 0,
            "speed_limit": 220,
            "vertical_angle": 0.0,
            "center_fix": "",
            "rnp": 0.0
          },
          {
            "type": "APPROACH",
            "proc_ident": "ILS36",
            "transition": "",
            "seq": 1,
            "leg_type": "IF",
            "fix_ident": "VHHHI",
            "fix_lat": 22.507869444444445,
            "fix_lon": 113.91850000000001,
            "recommended_navaid": "",
            "arc_radius": 0.0,
            "theta": 0.0,
            "rho": 0.0,
            "outbound_course": 0.0,
            "inbound_course": 0.0,
            "turn_direction": "",
            "altitude": 4000,
            "altitude2": 0,
            "speed_limit": 220,
            "vertical_angle": 0.0,
            "center_fix": "",
            "rnp": 0.0
          },
          {
            "type": "APPROACH",
            "proc_ident": "ILS36",
            "transition": "",
            "seq": 1,
            "leg_type": "IF",
            "fix_ident": "WSSSI",
            "fix_lat": 1.5642694444444445,
            "fix_lon": 103.9915,
            "recommended_navaid": "",
            "arc_radius": 0.0,
            "theta": 0.0,
            "rho": 0.0,
            "outbound_course": 0.0,
            "inbound_course": 0.0,
            "turn_direction": "",
            "altitude": 4000,
            "altitude2": 0,
            "speed_limit": 220,
            "vertical_angle": 0.0,
            "center_fix": "",
            "rnp": 0.0
          },
          {
            "type": "APPROACH",
            "proc_ident": "ILS36",
            "transition": "",
            "seq": 1,
            "leg_type": "IF",
            "fix_ident": "VTBSI",
            "fix_lat": 13.889869444444445,
            "fix_lon": 100.7501,
            "recommended_navaid": "",
            "arc_radius": 0.0,
            "theta": 0.0,
            "rho": 0.0,
            "outbound_course": 0.0,
            "inbound_course": 0.0,
            "turn_direction": "",
            "altitude": 4000,
            "altitude2": 0,
            "speed_limit": 220,
            "vertical_angle": 0.0,
            "center_fix": "",
            "rnp": 0.0
          },
          {
            "type": "APPROACH",
            "proc_ident": "ILS36",
            "transition": "",
            "seq": 1,
            "leg_type": "IF",
            "fix_ident": "WMKKI",
            "fix_lat": 2.9454694444444445,
            "fix_lon": 101.7099,
            "recommended_navaid": "",
            "arc_radius": 0.0,
            "theta": 0.0,
            "rho": 0.0,
            "outbound_course": 0.0,
            "inbound_course": 0.0,
            "turn_direction": "",
            "altitude": 4000,
            "altitude2": 0,
            "speed_limit": 220,
            "vertical_angle": 0.0,
            "center_fix": "",
            "rnp": 0.0
          },
          {
            "type": "APPROACH",
            "proc_ident": "ILS36",
            "transition": "",
            "seq": 1,
            "leg_type": "IF",
            "fix_ident": "RPLLI",
            "fix_lat": 14.708469444444443,
            "fix_lon": 121.0195,
            "recommended_navaid": "",
            "arc_radius": 0.0,
            "theta": 0.0,
            "rho": 0.0,
            "outbound_course": 0.0,
            "inbound_course": 0.0,
            "turn_direction": "",
            "altitude": 4000,
            "altitude2": 0,
            "speed_limit": 220,
            "vertical_angle": 0.0,
            "center_fix": "",
            "rnp": 0.0
          },
          {
            "type": "APPROACH",
            "proc_ident": "ILS36",
            "transition": "",
            "seq": 1,
            "leg_type": "IF",
            "fix_ident": "VIDPI",
            "fix_lat": 28.756069444444446,
            "fix_lon": 77.1,
            "recommended_navaid": "",
            "arc_radius": 0.0,
            "theta": 0.0,
            "rho": 0.0,
            "outbound_course": 0.0,
            "inbound_course": 0.0,
            "turn_direction": "",
            "altitude": 4000,
            "altitude2": 0,
            "speed_limit": 220,
            "vertical_angle": 0.0,
            "center_fix": "",
            "rnp": 0.0
          },
          {
            "type": "APPROACH",
            "proc_ident": "ILS36",
            "transition": "",
            "seq": 1,
            "leg_type": "IF",
            "fix_ident": "VABBI",
            "fix_lat": 19.289469444444446,
            "fix_lon": 72.8656,
            "recommended_navaid": "",
            "arc_radius": 0.0,
            "theta": 0.0,
            "rho": 0.0,
            "outbound_course": 0.0,
            "inbound_course": 0.0,
            "turn_direction": "",
            "altitude": 4000,
            "altitude2": 0,
            "speed_limit": 220,
            "vertical_angle": 0.0,
            "center_fix": "",
            "rnp": 0.0
          },
          {
            "type": "APPROACH",
            "proc_ident": "ILS36",
            "transition": "",
            "seq": 1,
            "leg_type": "IF",
            "fix_ident": "OMDBI",
            "fix_lat": 25.453069444444445,
            "fix_lon": 55.365700000000004,
            "recommended_navaid": "",
            "arc_radius": 0.0,
            "theta": 0.0,
            "rho": 0.0,
            "outbound_course": 0.0,
            "inbound_course": 0.0,
            "turn_direction": "",
            "altitude": 4000,
            "altitude2": 0,
            "speed_limit": 220,
            "vertical_angle": 0.0,
            "center_fix": "",
            "rnp": 0.0
          },
          {
            "type": "APPROACH",
            "proc_ident": "ILS36",
            "transition": "",
            "seq": 1,
            "leg_type": "IF",
            "fix_ident": "OTHHI",
            "fix_lat": 25.47296944444444,
            "fix_lon": 51.608000000000004,
            "recommended_navaid": "",
            "arc_radius": 0.0,
            "theta": 0.0,
            "rho": 0.0,
            "outbound_course": 0.0,
            "inbound_course": 0.0,
            "turn_direction": "",
            "altitude": 4000,
            "altitude2": 0,
            "speed_limit": 220,
            "vertical_angle": 0.0,
            "center_fix": "",
            "rnp": 0.0
          },
          {
            "type": "APPROACH",
            "proc_ident": "ILS36",
            "transition": "",
            "seq": 1,
            "leg_type": "IF",
            "fix_ident": "OERKI",
            "fix_lat": 25.157569444444444,
            "fix_lon": 46.6992,
            "recommended_navaid": "",
            "arc_radius": 0.0,
            "theta": 0.0,
            "rho": 0.0,
            "outbound_course": 0.0,
            "inbound_course": 0.0,
            "turn_direction": "",
            "altitude": 4000,
            "altitude2": 0,
            "speed_limit": 220,
            "vertical_angle": 0.0,
            "center_fix": "",
            "rnp": 0.0
          },
          {
            "type": "APPROACH",
            "proc_ident": "ILS36",
            "transition": "",
            "seq": 1,
            "leg_type": "IF",
            "fix_ident": "EGLLI",
            "fix_lat": 51.669869444444444,
            "fix_lon": -0.45430000000000004,
            "recommended_navaid": "",
            "arc_radius": 0.0,
            "theta": 0.0,
            "rho": 0.0,
            "outbound_course": 0.0,
            "inbound_course": 0.0,
            "turn_direction": "",
            "altitude": 4000,
            "altitude2": 0,
            "speed_limit": 220,
            "vertical_angle": 0.0,
            "center_fix": "",
            "rnp": 0.0
          },
          {
            "type": "APPROACH",
            "proc_ident": "ILS36",
            "transition": "",
            "seq": 1,
            "leg_type": "IF",
            "fix_ident": "LFPGI",
            "fix_lat": 49.20956944444445,
            "fix_lon": 2.5479,
            "recommended_navaid": "",
            "arc_radius": 0.0,
            "theta": 0.0,
            "rho": 0.0,
            "outbound_course": 0.0,
            "inbound_course": 0.0,
            "turn_direction": "",
            "altitude": 4000,
            "altitude2": 0,
            "speed_limit": 220,
            "vertical_angle": 0.0,
            "center_fix": "",
            "rnp": 0.0
          },
          {
            "type": "APPROACH",
            "proc_ident": "ILS36",
            "transition": "",
            "seq": 1,
            "leg_type": "IF",
            "fix_ident": "EDDFI",
            "fix_lat": 50.237769444444446,
            "fix_lon": 8.5622,
            "recommended_navaid": "",
            "arc_radius": 0.0,
            "theta": 0.0,
            "rho": 0.0,
            "outbound_course": 0.0,
            "inbound_course": 0.0,
            "turn_direction": "",
            "altitude": 4000,
            "altitude2": 0,
            "speed_limit": 220,
            "vertical_angle": 0.0,
            "center_fix": "",
            "rnp": 0.0
          },
          {
            "type": "APPROACH",
            "proc_ident": "ILS36",
            "transition": "",
            "seq": 1,
            "leg_type": "IF",
            "fix_ident": "EHAMI",
            "fix_lat": 52.51036944444444,
            "fix_lon": 4.7683,
            "recommended_navaid": "",
            "arc_radius": 0.0,
            "theta": 0.0,
            "rho": 0.0,
            "outbound_course": 0.0,
            "inbound_course": 0.0,
            "turn_direction": "",
            "altitude": 4000,
            "altitude2": 0,
            "speed_limit": 220,
            "vertical_angle": 0.0,
            "center_fix": "",
            "rnp": 0.0
          },
          {
            "type": "APPROACH",
            "proc_ident": "ILS36",
            "transition": "",
            "seq": 1,
            "leg_type": "IF",
            "fix_ident": "UUEEI",
            "fix_lat": 56.172469444444445,
            "fix_lon": 37.4146,
            "recommended_navaid": "",
            "arc_radius": 0.0,
            "theta": 0.0,
            "rho": 0.0,
            "outbound_course": 0.0,
            "inbound_course": 0.0,
            "turn_direction": "",
            "altitude": 4000,
            "altitude2": 0,
            "speed_limit": 220,
            "vertical_angle": 0.0,
            "center_fix": "",
            "rnp": 0.0
          },
          {
            "type": "APPROACH",
            "proc_ident": "ILS36",
            "transition": "",
            "seq": 1,
            "leg_type": "IF",
            "fix_ident": "LIRFI",
            "fix_lat": 42.000169444444445,
            "fix_lon": 12.2389,
            "recommended_navaid": "",
            "arc_radius": 0.0,
            "theta": 0.0,
            "rho": 0.0,
            "outbound_course": 0.0,
            "inbound_course": 0.0,
            "turn_direction": "",
            "altitude": 4000,
            "altitude2": 0,
            "speed_limit": 220,
            "vertical_angle": 0.0,
            "center_fix": "",
            "rnp": 0.0
          },
          {
            "type": "APPROACH",
            "proc_ident": "ILS36",
            "transition": "",
            "seq": 1,
            "leg_type": "IF",
            "fix_ident": "LEMDI",
            "fix_lat": 40.67176944444444,
            "fix_lon": -3.5625999999999998,
            "recommended_navaid": "",
            "arc_radius": 0.0,
            "theta": 0.0,
            "rho": 0.0,
            "outbound_course": 0.0,
            "inbound_course": 0.0,
            "turn_direction": "",
            "altitude": 4000,
            "altitude2": 0,
            "speed_limit": 220,
            "vertical_angle": 0.0,
            "center_fix": "",
            "rnp": 0.0
          },
          {
            "type": "APPROACH",
            "proc_ident": "ILS36",
            "transition": "",
            "seq": 1,
            "leg_type": "IF",
            "fix_ident": "EDDMI",
            "fix_lat": 48.55356944444444,
            "fix_lon": 11.7861,
            "recommended_navaid": "",
            "arc_radius": 0.0,
            "theta": 0.0,
            "rho": 0.0,
            "outbound_course": 0.0,
            "inbound_course": 0.0,
            "turn_direction": "",
            "altitude": 4000,
            "altitude2": 0,
            "speed_limit": 220,
            "vertical_angle": 0.0,
            "center_fix": "",
            "rnp": 0.0
          },
          {
            "type": "APPROACH",
            "proc_ident": "ILS36",
            "transition": "",
            "seq": 1,
            "leg_type": "IF",
            "fix_ident": "EGKKI",
            "fix_lat": 51.347969444444445,
            "fix_lon": -0.1903,
            "recommended_navaid": "",
            "arc_radius": 0.0,
            "theta": 0.0,
            "rho": 0.0,
            "outbound_course": 0.0,
            "inbound_course": 0.0,
            "turn_direction": "",
            "altitude": 4000,
            "altitude2": 0,
            "speed_limit": 220,
            "vertical_angle": 0.0,
            "center_fix": "",
            "rnp": 0.0
          },
          {
            "type": "APPROACH",
            "proc_ident": "ILS36",
            "transition": "",
            "seq": 1,
            "leg_type": "IF",
            "fix_ident": "LFPOI",
            "fix_lat": 48.92316944444444,
            "fix_lon": 2.3794,
            "recommended_navaid": "",
            "arc_radius": 0.0,
            "theta": 0.0,
            "rho": 0.0,
            "outbound_course": 0.0,
            "inbound_course": 0.0,
            "turn_direction": "",
            "altitude": 4000,
            "altitude2": 0,
            "speed_limit": 220,
            "vertical_angle": 0.0,
            "center_fix": "",
            "rnp": 0.0
          },
          {
            "type": "APPROACH",
            "proc_ident": "ILS36",
            "transition": "",
            "seq": 1,
            "leg_type": "IF",
            "fix_ident": "KJFKI",
            "fix_lat": 40.841169444444446,
            "fix_lon": -73.7781,
            "recommended_navaid": "",
            "arc_radius": 0.0,
            "theta": 0.0,
            "rho": 0.0,
            "outbound_course": 0.0,
            "inbound_course": 0.0,
            "turn_direction": "",
            "altitude": 4000,
            "altitude2": 0,
            "speed_limit": 220,
            "vertical_angle": 0.0,
            "center_fix": "",
            "rnp": 0.0
          },
          {
            "type": "APPROACH",
            "proc_ident": "ILS36",
            "transition": "",
            "seq": 1,
            "leg_type": "IF",
            "fix_ident": "KLAXI",
            "fix_lat": 34.141469444444446,
            "fix_lon": -118.4085,
            "recommended_navaid": "",
            "arc_radius": 0.0,
            "theta": 0.0,
            "rho": 0.0,
            "outbound_course": 0.0,
            "inbound_course": 0.0,
            "turn_direction": "",
            "altitude": 4000,
            "altitude2": 0,
            "speed_limit": 220,
            "vertical_angle": 0.0,
            "center_fix": "",
            "rnp": 0.0
          },
          {
            "type": "APPROACH",
            "proc_ident": "ILS36",
            "transition": "",
            "seq": 1,
            "leg_type": "IF",
            "fix_ident": "KORDI",
            "fix_lat": 42.17406944444444,
            "fix_lon": -87.9073,
            "recommended_navaid": "",
            "arc_radius": 0.0,
            "theta": 0.0,
            "rho": 0.0,
            "outbound_course": 0.0,
            "inbound_course": 0.0,
            "turn_direction": "",
            "altitude": 4000,
            "altitude2": 0,
            "speed_limit": 220,
            "vertical_angle": 0.0,
            "center_fix": "",
            "rnp": 0.0
          },
          {
            "type": "APPROACH",
            "proc_ident": "ILS36",
            "transition": "",
            "seq": 1,
            "leg_type": "IF",
            "fix_ident": "KSFOI",
            "fix_lat": 37.82116944444445,
            "fix_lon": -122.37899999999999,
            "recommended_navaid": "",
            "arc_radius": 0.0,
            "theta": 0.0,
            "rho": 0.0,
            "outbound_course": 0.0,
            "inbound_course": 0.0,
            "turn_direction": "",
            "altitude": 4000,
            "altitude2": 0,
            "speed_limit": 220,
            "vertical_angle": 0.0,
            "center_fix": "",
            "rnp": 0.0
          },
          {
            "type": "APPROACH",
            "proc_ident": "ILS36",
            "transition": "",
            "seq": 1,
            "leg_type": "IF",
            "fix_ident": "KATLI",
            "fix_lat": 33.84056944444445,
            "fix_lon": -84.4277,
            "recommended_navaid": "",
            "arc_radius": 0.0,
            "theta": 0.0,
            "rho": 0.0,
            "outbound_course": 0.0,
            "inbound_course": 0.0,
            "turn_direction": "",
            "altitude": 4000,
            "altitude2": 0,
            "speed_limit": 220,
            "vertical_angle": 0.0,
            "center_fix": "",
            "rnp": 0.0
          },
          {
            "type": "APPROACH",
            "proc_ident": "ILS36",
            "transition": "",
            "seq": 1,
            "leg_type": "IF",
            "fix_ident": "KDFWI",
            "fix_lat": 33.099669444444444,
            "fix_lon": -97.0403,
            "recommended_navaid": "",
            "arc_radius": 0.0,
            "theta": 0.0,
            "rho": 0.0,
            "outbound_course": 0.0,
            "inbound_course": 0.0,
            "turn_direction": "",
            "altitude": 4000,
            "altitude2": 0,
            "speed_limit": 220,
            "vertical_angle": 0.0,
            "center_fix": "",
            "rnp": 0.0
          },
          {
            "type": "APPROACH",
            "proc_ident": "ILS36",
            "transition": "",
            "seq": 1,
            "leg_type": "IF",
            "fix_ident": "CYVRI",
            "fix_lat": 49.39456944444444,
            "fix_lon": -123.18390000000001,
            "recommended_navaid": "",
            "arc_radius": 0.0,
            "theta": 0.0,
            "rho": 0.0,
            "outbound_course": 0.0,
            "inbound_course": 0.0,
            "turn_direction": "",
            "altitude": 4000,
            "altitude2": 0,
            "speed_limit": 220,
            "vertical_angle": 0.0,
            "center_fix": "",
            "rnp": 0.0
          },
          {
            "type": "APPROACH",
            "proc_ident": "ILS36",
            "transition": "",
            "seq": 1,
            "leg_type": "IF",
            "fix_ident": "CYYZI",
            "fix_lat": 43.87756944444445,
            "fix_lon": -79.6248,
            "recommended_navaid": "",
            "arc_radius": 0.0,
            "theta": 0.0,
            "rho": 0.0,
            "outbound_course": 0.0,
            "inbound_course": 0.0,
            "turn_direction": "",
            "altitude": 4000,
            "altitude2": 0,
            "speed_limit": 220,
            "vertical_angle": 0.0,
            "center_fix": "",
            "rnp": 0.0
          },
          {
            "type": "APPROACH",
            "proc_ident": "ILS36",
            "transition": "",
            "seq": 1,
            "leg_type": "IF",
            "fix_ident": "YSSYI",
            "fix_lat": -33.746230555555556,
            "fix_lon": 151.1772,
            "recommended_navaid": "",
            "arc_radius": 0.0,
            "theta": 0.0,
            "rho": 0.0,
            "outbound_course": 0.0,
            "inbound_course": 0.0,
            "turn_direction": "",
            "altitude": 4000,
            "altitude2": 0,
            "speed_limit": 220,
            "vertical_angle": 0.0,
            "center_fix": "",
            "rnp": 0.0
          },
          {
            "type": "APPROACH",
            "proc_ident": "ILS36",
            "transition": "",
            "seq": 1,
            "leg_type": "IF",
            "fix_ident": "YMMLI",
            "fix_lat": -37.46913055555556,
            "fix_lon": 144.841,
            "recommended_navaid": "",
            "arc_radius": 0.0,
            "theta": 0.0,
            "rho": 0.0,
            "outbound_course": 0.0,
            "inbound_course": 0.0,
            "turn_direction": "",
            "altitude": 4000,
            "altitude2": 0,
            "speed_limit": 220,
            "vertical_angle": 0.0,
            "center_fix": "",
            "rnp": 0.0
          },
          {
            "type": "APPROACH",
            "proc_ident": "ILS36",
            "transition": "",
            "seq": 1,
            "leg_type": "IF",
            "fix_ident": "NZAAI",
            "fix_lat": -36.80833055555555,
            "fix_lon": 174.785,
            "recommended_navaid": "",
            "arc_radius": 0.0,
            "theta": 0.0,
            "rho": 0.0,
            "outbound_course": 0.0,
            "inbound_course": 0.0,
            "turn_direction": "",
            "altitude": 4000,
            "altitude2": 0,
            "speed_limit": 220,
            "vertical_angle": 0.0,
            "center_fix": "",
            "rnp": 0.0
          },
          {
            "type": "APPROACH",
            "proc_ident": "ILS36",
            "transition": "",
            "seq": 1,
            "leg_type": "IF",
            "fix_ident": "HECAI",
            "fix_lat": 30.321769444444445,
            "fix_lon": 31.4056,
            "recommended_navaid": "",
            "arc_radius": 0.0,
            "theta": 0.0,
            "rho": 0.0,
            "outbound_course": 0.0,
            "inbound_course": 0.0,
            "turn_direction": "",
            "altitude": 4000,
            "altitude2": 0,
            "speed_limit": 220,
            "vertical_angle": 0.0,
            "center_fix": "",
            "rnp": 0.0
          },
          {
            "type": "APPROACH",
            "proc_ident": "ILS36",
            "transition": "",
            "seq": 1,
            "leg_type": "IF",
            "fix_ident": "FAORI",
            "fix_lat": -25.939330555555557,
            "fix_lon": 28.246000000000002,
            "recommended_navaid": "",
            "arc_radius": 0.0,
            "theta": 0.0,
            "rho": 0.0,
            "outbound_course": 0.0,
            "inbound_course": 0.0,
            "turn_direction": "",
            "altitude": 4000,
            "altitude2": 0,
            "speed_limit": 220,
            "vertical_angle": 0.0,
            "center_fix": "",
            "rnp": 0.0
          },
          {
            "type": "APPROACH",
            "proc_ident": "ILS36",
            "transition": "",
            "seq": 1,
            "leg_type": "IF",
            "fix_ident": "HKJKI",
            "fix_lat": -1.1193305555555555,
            "fix_lon": 36.9278,
            "recommended_navaid": "",
            "arc_radius": 0.0,
            "theta": 0.0,
            "rho": 0.0,
            "outbound_course": 0.0,
            "inbound_course": 0.0,
            "turn_direction": "",
            "altitude": 4000,
            "altitude2": 0,
            "speed_limit": 220,
            "vertical_angle": 0.0,
            "center_fix": "",
            "rnp": 0.0
          },
          {
            "type": "APPROACH",
            "proc_ident": "ILS36",
            "transition": "",
            "seq": 1,
            "leg_type": "IF",
            "fix_ident": "SBGRI",
            "fix_lat": -23.235730555555556,
            "fix_lon": -46.4731,
            "recommended_navaid": "",
            "arc_radius": 0.0,
            "theta": 0.0,
            "rho": 0.0,
            "outbound_course": 0.0,
            "inbound_course": 0.0,
            "turn_direction": "",
            "altitude": 4000,
            "altitude2": 0,
            "speed_limit": 220,
            "vertical_angle": 0.0,
            "center_fix": "",
            "rnp": 0.0
          },
          {
            "type": "APPROACH",
            "proc_ident": "ILS36",
            "transition": "",
            "seq": 1,
            "leg_type": "IF",
            "fix_ident": "SAEZI",
            "fix_lat": -34.62233055555556,
            "fix_lon": -58.535799999999995,
            "recommended_navaid": "",
            "arc_radius": 0.0,
            "theta": 0.0,
            "rho": 0.0,
            "outbound_course": 0.0,
            "inbound_course": 0.0,
            "turn_direction": "",
            "altitude": 4000,
            "altitude2": 0,
            "speed_limit": 220,
            "vertical_angle": 0.0,
            "center_fix": "",
            "rnp": 0.0
          },
          {
            "type": "APPROACH",
            "proc_ident": "ILS36",
            "transition": "",
            "seq": 1,
            "leg_type": "IF",
            "fix_ident": "MMMXI",
            "fix_lat": 19.635969444444445,
            "fix_lon": -99.0719,
            "recommended_navaid": "",
            "arc_radius": 0.0,
            "theta": 0.0,
            "rho": 0.0,
            "outbound_course": 0.0,
            "inbound_course": 0.0,
            "turn_direction": "",
            "altitude": 4000,
            "altitude2": 0,
            "speed_limit": 220,
            "vertical_angle": 0.0,
            "center_fix": "",
            "rnp": 0.0
          },
          {
            "type": "APPROACH",
            "proc_ident": "ILS36",
            "transition": "",
            "seq": 2,
            "leg_type": "CF",
            "fix_ident": "ZBAAF",
            "fix_lat": 40.179830555555554,
            "fix_lon": 116.6031,
            "recommended_navaid": "",
            "arc_radius": 0.0,
            "theta": 0.0,
            "rho": 0.0,
            "outbound_course": 180.0,
            "inbound_course": 0.0,
            "turn_direction": "0",
            "altitude": 3000,
            "altitude2": 0,
            "speed_limit": 180,
            "vertical_angle": 0.0,
            "center_fix": "",
            "rnp": 0.0
          },
          {
            "type": "APPROACH",
            "proc_ident": "ILS36",
            "transition": "",
            "seq": 2,
            "leg_type": "CF",
            "fix_ident": "ZSPDF",
            "fix_lat": 31.244230555555557,
            "fix_lon": 121.8083,
            "recommended_navaid": "",
            "arc_radius": 0.0,
            "theta": 0.0,
            "rho": 0.0,
            "outbound_course": 180.0,
            "inbound_course": 0.0,
            "turn_direction": "0",
            "altitude": 3000,
            "altitude2": 0,
            "speed_limit": 180,
            "vertical_angle": 0.0,
            "center_fix": "",
            "rnp": 0.0
          },
          {
            "type": "APPROACH",
            "proc_ident": "ILS36",
            "transition": "",
            "seq": 2,
            "leg_type": "CF",
            "fix_ident": "ZGGGF",
            "fix_lat": 23.492330555555558,
            "fix_lon": 113.2988,
            "recommended_navaid": "",
            "arc_radius": 0.0,
            "theta": 0.0,
            "rho": 0.0,
            "outbound_course": 180.0,
            "inbound_course": 0.0,
            "turn_direction": "0",
            "altitude": 3000,
            "altitude2": 0,
            "speed_limit": 180,
            "vertical_angle": 0.0,
            "center_fix": "",
            "rnp": 0.0
          },
          {
            "type": "APPROACH",
            "proc_ident": "ILS36",
            "transition": "",
            "seq": 2,
            "leg_type": "CF",
            "fix_ident": "ZUUUF",
            "fix_lat": 30.678430555555558,
            "fix_lon": 103.947,
            "recommended_navaid": "",
            "arc_radius": 0.0,
            "theta": 0.0,
            "rho": 0.0,
            "outbound_course": 180.0,
            "inbound_course": 0.0,
            "turn_direction": "0",
            "altitude": 3000,
            "altitude2": 0,
            "speed_limit": 180,
            "vertical_angle": 0.0,
            "center_fix": "",
            "rnp": 0.0
          },
          {
            "type": "APPROACH",
            "proc_ident": "ILS36",
            "transition": "",
            "seq": 2,
            "leg_type": "CF",
            "fix_ident": "ZSSSF",
            "fix_lat": 31.297830555555556,
            "fix_lon": 121.3363,
            "recommended_navaid": "",
            "arc_radius": 0.0,
            "theta": 0.0,
            "rho": 0.0,
            "outbound_course": 180.0,
            "inbound_course": 0.0,
            "turn_direction": "0",
            "altitude": 3000,
            "altitude2": 0,
            "speed_limit": 180,
            "vertical_angle": 0.0,
            "center_fix": "",
            "rnp": 0.0
          },
          {
            "type": "APPROACH",
            "proc_ident": "ILS36",
            "transition": "",
            "seq": 2,
            "leg_type": "CF",
            "fix_ident": "ZLXYF",
            "fix_lat": 34.54703055555555,
            "fix_lon": 108.7516,
            "recommended_navaid": "",
            "arc_radius": 0.0,
            "theta": 0.0,
            "rho": 0.0,
            "outbound_course": 180.0,
            "inbound_course": 0.0,
            "turn_direction": "0",
            "altitude": 3000,
            "altitude2": 0,
            "speed_limit": 180,
            "vertical_angle": 0.0,
            "center_fix": "",
            "rnp": 0.0
          },
          {
            "type": "APPROACH",
            "proc_ident": "ILS36",
            "transition": "",
            "seq": 2,
            "leg_type": "CF",
            "fix_ident": "RJTTF",
            "fix_lat": 35.64933055555556,
            "fix_lon": 139.77980000000002,
            "recommended_navaid": "",
            "arc_radius": 0.0,
            "theta": 0.0,
            "rho": 0.0,
            "outbound_course": 180.0,
            "inbound_course": 0.0,
            "turn_direction": "0",
            "altitude": 3000,
            "altitude2": 0,
            "speed_limit": 180,
            "vertical_angle": 0.0,
            "center_fix": "",
            "rnp": 0.0
          },
          {
            "type": "APPROACH",
            "proc_ident": "ILS36",
            "transition": "",
            "seq": 2,
            "leg_type": "CF",
            "fix_ident": "RJBBF",
            "fix_lat": 34.53463055555555,
            "fix_lon": 135.233,
            "recommended_navaid": "",
            "arc_radius": 0.0,
            "theta": 0.0,
            "rho": 0.0,
            "outbound_course": 180.0,
            "inbound_course": 0.0,
            "turn_direction": "0",
            "altitude": 3000,
            "altitude2": 0,
            "speed_limit": 180,
            "vertical_angle": 0.0,
            "center_fix": "",
            "rnp": 0.0
          },
          {
            "type": "APPROACH",
            "proc_ident": "ILS36",
            "transition": "",
            "seq": 2,
            "leg_type": "CF",
            "fix_ident": "RKSIF",
            "fix_lat": 37.56013055555555,
            "fix_lon": 126.4407,
            "recommended_navaid": "",
            "arc_radius": 0.0,
            "theta": 0.0,
            "rho": 0.0,
            "outbound_course": 180.0,
            "inbound_course": 0.0,
            "turn_direction": "0",
            "altitude": 3000,
            "altitude2": 0,
            "speed_limit": 180,
            "vertical_angle": 0.0,
            "center_fix": "",
            "rnp": 0.0
          },
          {
            "type": "APPROACH",
            "proc_ident": "ILS36",
            "transition": "",
            "seq": 2,
            "leg_type": "CF",
            "fix_ident": "VHHHF",
            "fix_lat": 22.407930555555556,
            "fix_lon": 113.91850000000001,
            "recommended_navaid": "",
            "arc_radius": 0.0,
            "theta": 0.0,
            "rho": 0.0,
            "outbound_course": 180.0,
            "inbound_course": 0.0,
            "turn_direction": "0",
            "altitude": 3000,
            "altitude2": 0,
            "speed_limit": 180,
            "vertical_angle": 0.0,
            "center_fix": "",
            "rnp": 0.0
          },
          {
            "type": "APPROACH",
            "proc_ident": "ILS36",
            "transition": "",
            "seq": 2,
            "leg_type": "CF",
            "fix_ident": "WSSSF",
            "fix_lat": 1.4643305555555555,
            "fix_lon": 103.9915,
            "recommended_navaid": "",
            "arc_radius": 0.0,
            "theta": 0.0,
            "rho": 0.0,
            "outbound_course": 180.0,
            "inbound_course": 0.0,
            "turn_direction": "0",
            "altitude": 3000,
            "altitude2": 0,
            "speed_limit": 180,
            "vertical_angle": 0.0,
            "center_fix": "",
            "rnp": 0.0
          },
          {
            "type": "APPROACH",
            "proc_ident": "ILS36",
            "transition": "",
            "seq": 2,
            "leg_type": "CF",
            "fix_ident": "VTBSF",
            "fix_lat": 13.789930555555555,
            "fix_lon": 100.7501,
            "recommended_navaid": "",
            "arc_radius": 0.0,
            "theta": 0.0,
            "rho": 0.0,
            "outbound_course": 180.0,
            "inbound_course": 0.0,
            "turn_direction": "0",
            "altitude": 3000,
            "altitude2": 0,
            "speed_limit": 180,
            "vertical_angle": 0.0,
            "center_fix": "",
            "rnp": 0.0
          },
          {
            "type": "APPROACH",
            "proc_ident": "ILS36",
            "transition": "",
            "seq": 2,
            "leg_type": "CF",
            "fix_ident": "WMKKF",
            "fix_lat": 2.845530555555556,
            "fix_lon": 101.7099,
            "recommended_navaid": "",
            "arc_radius": 0.0,
            "theta": 0.0,
            "rho": 0.0,
            "outbound_course": 180.0,
            "inbound_course": 0.0,
            "turn_direction": "0",
            "altitude": 3000,
            "altitude2": 0,
            "speed_limit": 180,
            "vertical_angle": 0.0,
            "center_fix": "",
            "rnp": 0.0
          },
          {
            "type": "APPROACH",
            "proc_ident": "ILS36",
            "transition": "",
            "seq": 2,
            "leg_type": "CF",
            "fix_ident": "RPLLF",
            "fix_lat": 14.608530555555555,
            "fix_lon": 121.0195,
            "recommended_navaid": "",
            "arc_radius": 0.0,
            "theta": 0.0,
            "rho": 0.0,
            "outbound_course": 180.0,
            "inbound_course": 0.0,
            "turn_direction": "0",
            "altitude": 3000,
            "altitude2": 0,
            "speed_limit": 180,
            "vertical_angle": 0.0,
            "center_fix": "",
            "rnp": 0.0
          },
          {
            "type": "APPROACH",
            "proc_ident": "ILS36",
            "transition": "",
            "seq": 2,
            "leg_type": "CF",
            "fix_ident": "VIDPF",
            "fix_lat": 28.656130555555553,
            "fix_lon": 77.1,
            "recommended_navaid": "",
            "arc_radius": 0.0,
            "theta": 0.0,
            "rho": 0.0,
            "outbound_course": 180.0,
            "inbound_course": 0.0,
            "turn_direction": "0",
            "altitude": 3000,
            "altitude2": 0,
            "speed_limit": 180,
            "vertical_angle": 0.0,
            "center_fix": "",
            "rnp": 0.0
          },
          {
            "type": "APPROACH",
            "proc_ident": "ILS36",
            "transition": "",
            "seq": 2,
            "leg_type": "CF",
            "fix_ident": "VABBF",
            "fix_lat": 19.189530555555557,
            "fix_lon": 72.8656,
            "recommended_navaid": "",
            "arc_radius": 0.0,
            "theta": 0.0,
            "rho": 0.0,
            "outbound_course": 180.0,
            "inbound_course": 0.0,
            "turn_direction": "0",
            "altitude": 3000,
            "altitude2": 0,
            "speed_limit": 180,
            "vertical_angle": 0.0,
            "center_fix": "",
            "rnp": 0.0
          },
          {
            "type": "APPROACH",
            "proc_ident": "ILS36",
            "transition": "",
            "seq": 2,
            "leg_type": "CF",
            "fix_ident": "OMDBF",
            "fix_lat": 25.353130555555556,
            "fix_lon": 55.365700000000004,
            "recommended_navaid": "",
            "arc_radius": 0.0,
            "theta": 0.0,
            "rho": 0.0,
            "outbound_course": 180.0,
            "inbound_course": 0.0,
            "turn_direction": "0",
            "altitude": 3000,
            "altitude2": 0,
            "speed_limit": 180,
            "vertical_angle": 0.0,
            "center_fix": "",
            "rnp": 0.0
          },
          {
            "type": "APPROACH",
            "proc_ident": "ILS36",
            "transition": "",
            "seq": 2,
            "leg_type": "CF",
            "fix_ident": "OTHHF",
            "fix_lat": 25.373030555555555,
            "fix_lon": 51.608000000000004,
            "recommended_navaid": "",
            "arc_radius": 0.0,
            "theta": 0.0,
            "rho": 0.0,
            "outbound_course": 180.0,
            "inbound_course": 0.0,
            "turn_direction": "0",
            "altitude": 3000,
            "altitude2": 0,
            "speed_limit": 180,
            "vertical_angle": 0.0,
            "center_fix": "",
            "rnp": 0.0
          },
          {
            "type": "APPROACH",
            "proc_ident": "ILS36",
            "transition": "",
            "seq": 2,
            "leg_type": "CF",
            "fix_ident": "OERKF",
            "fix_lat": 25.057630555555555,
            "fix_lon": 46.6992,
            "recommended_navaid": "",
            "arc_radius": 0.0,
            "theta": 0.0,
            "rho": 0.0,
            "outbound_course": 180.0,
            "inbound_course": 0.0,
            "turn_direction": "0",
            "altitude": 3000,
            "altitude2": 0,
            "speed_limit": 180,
            "vertical_angle": 0.0,
            "center_fix": "",
            "rnp": 0.0
          },
          {
            "type": "APPROACH",
            "proc_ident": "ILS36",
            "transition": "",
            "seq": 2,
            "leg_type": "CF",
            "fix_ident": "EGLLF",
            "fix_lat": 51.56993055555556,
            "fix_lon": -0.45430000000000004,
            "recommended_navaid": "",
            "arc_radius": 0.0,
            "theta": 0.0,
            "rho": 0.0,
            "outbound_course": 180.0,
            "inbound_course": 0.0,
            "turn_direction": "0",
            "altitude": 3000,
            "altitude2": 0,
            "speed_limit": 180,
            "vertical_angle": 0.0,
            "center_fix": "",
            "rnp": 0.0
          },
          {
            "type": "APPROACH",
            "proc_ident": "ILS36",
            "transition": "",
            "seq": 2,
            "leg_type": "CF",
            "fix_ident": "LFPGF",
            "fix_lat": 49.109630555555555,
            "fix_lon": 2.5479,
            "recommended_navaid": "",
            "arc_radius": 0.0,
            "theta": 0.0,
            "rho": 0.0,
            "outbound_course": 180.0,
            "inbound_course": 0.0,
            "turn_direction": "0",
            "altitude": 3000,
            "altitude2": 0,
            "speed_limit": 180,
            "vertical_angle": 0.0,
            "center_fix": "",
            "rnp": 0.0
          },
          {
            "type": "APPROACH",
            "proc_ident": "ILS36",
            "transition": "",
            "seq": 2,
            "leg_type": "CF",
            "fix_ident": "EDDFF",
            "fix_lat": 50.13783055555555,
            "fix_lon": 8.5622,
            "recommended_navaid": "",
            "arc_radius": 0.0,
            "theta": 0.0,
            "rho": 0.0,
            "outbound_course": 180.0,
            "inbound_course": 0.0,
            "turn_direction": "0",
            "altitude": 3000,
            "altitude2": 0,
            "speed_limit": 180,
            "vertical_angle": 0.0,
            "center_fix": "",
            "rnp": 0.0
          },
          {
            "type": "APPROACH",
            "proc_ident": "ILS36",
            "transition": "",
            "seq": 2,
            "leg_type": "CF",
            "fix_ident": "EHAMF",
            "fix_lat": 52.41043055555556,
            "fix_lon": 4.7683,
            "recommended_navaid": "",
            "arc_radius": 0.0,
            "theta": 0.0,
            "rho": 0.0,
            "outbound_course": 180.0,
            "inbound_course": 0.0,
            "turn_direction": "0",
            "altitude": 3000,
            "altitude2": 0,
            "speed_limit": 180,
            "vertical_angle": 0.0,
            "center_fix": "",
            "rnp": 0.0
          },
          {
            "type": "APPROACH",
            "proc_ident": "ILS36",
            "transition": "",
            "seq": 2,
            "leg_type": "CF",
            "fix_ident": "UUEEF",
            "fix_lat": 56.07253055555556,
            "fix_lon": 37.4146,
            "recommended_navaid": "",
            "arc_radius": 0.0,
            "theta": 0.0,
            "rho": 0.0,
            "outbound_course": 180.0,
            "inbound_course": 0.0,
            "turn_direction": "0",
            "altitude": 3000,
            "altitude2": 0,
            "speed_limit": 180,
            "vertical_angle": 0.0,
            "center_fix": "",
            "rnp": 0.0
          },
          {
            "type": "APPROACH",
            "proc_ident": "ILS36",
            "transition": "",
            "seq": 2,
            "leg_type": "CF",
            "fix_ident": "LIRFF",
            "fix_lat": 41.90023055555555,
            "fix_lon": 12.2389,
            "recommended_navaid": "",
            "arc_radius": 0.0,
            "theta": 0.0,
            "rho": 0.0,
            "outbound_course": 180.0,
            "inbound_course": 0.0,
            "turn_direction": "0",
            "altitude": 3000,
            "altitude2": 0,
            "speed_limit": 180,
            "vertical_angle": 0.0,
            "center_fix": "",
            "rnp": 0.0
          },
          {
            "type": "APPROACH",
            "proc_ident": "ILS36",
            "transition": "",
            "seq": 2,
            "leg_type": "CF",
            "fix_ident": "LEMDF",
            "fix_lat": 40.57183055555556,
            "fix_lon": -3.5625999999999998,
            "recommended_navaid": "",
            "arc_radius": 0.0,
            "theta": 0.0,
            "rho": 0.0,
            "outbound_course": 180.0,
            "inbound_course": 0.0,
            "turn_direction": "0",
            "altitude": 3000,
            "altitude2": 0,
            "speed_limit": 180,
            "vertical_angle": 0.0,
            "center_fix": "",
            "rnp": 0.0
          },
          {
            "type": "APPROACH",
            "proc_ident": "ILS36",
            "transition": "",
            "seq": 2,
            "leg_type": "CF",
            "fix_ident": "EDDMF",
            "fix_lat": 48.453630555555556,
            "fix_lon": 11.7861,
            "recommended_navaid": "",
            "arc_radius": 0.0,
            "theta": 0.0,
            "rho": 0.0,
            "outbound_course": 180.0,
            "inbound_course": 0.0,
            "turn_direction": "0",
            "altitude": 3000,
            "altitude2": 0,
            "speed_limit": 180,
            "vertical_angle": 0.0,
            "center_fix": "",
            "rnp": 0.0
          },
          {
            "type": "APPROACH",
            "proc_ident": "ILS36",
            "transition": "",
            "seq": 2,
            "leg_type": "CF",
            "fix_ident": "EGKKF",
            "fix_lat": 51.24803055555556,
            "fix_lon": -0.1903,
            "recommended_navaid": "",
            "arc_radius": 0.0,
            "theta": 0.0,
            "rho": 0.0,
            "outbound_course": 180.0,
            "inbound_course": 0.0,
            "turn_direction": "0",
            "altitude": 3000,
            "altitude2": 0,
            "speed_limit": 180,
            "vertical_angle": 0.0,
            "center_fix": "",
            "rnp": 0.0
          },
          {
            "type": "APPROACH",
            "proc_ident": "ILS36",
            "transition": "",
            "seq": 2,
            "leg_type": "CF",
            "fix_ident": "LFPOF",
            "fix_lat": 48.82323055555556,
            "fix_lon": 2.3794,
            "recommended_navaid": "",
            "arc_radius": 0.0,
            "theta": 0.0,
            "rho": 0.0,
            "outbound_course": 180.0,
            "inbound_course": 0.0,
            "turn_direction": "0",
            "altitude": 3000,
            "altitude2": 0,
            "speed_limit": 180,
            "vertical_angle": 0.0,
            "center_fix": "",
            "rnp": 0.0
          },
          {
            "type": "APPROACH",
            "proc_ident": "ILS36",
            "transition": "",
            "seq": 2,
            "leg_type": "CF",
            "fix_ident": "KJFKF",
            "fix_lat": 40.74123055555555,
            "fix_lon": -73.7781,
            "recommended_navaid": "",
            "arc_radius": 0.0,
            "theta": 0.0,
            "rho": 0.0,
            "outbound_course": 180.0,
            "inbound_course": 0.0,
            "turn_direction": "0",
            "altitude": 3000,
            "altitude2": 0,
            "speed_limit": 180,
            "vertical_angle": 0.0,
            "center_fix": "",
            "rnp": 0.0
          },
          {
            "type": "APPROACH",
            "proc_ident": "ILS36",
            "transition": "",
            "seq": 2,
            "leg_type": "CF",
            "fix_ident": "KLAXF",
            "fix_lat": 34.04153055555555,
            "fix_lon": -118.4085,
            "recommended_navaid": "",
            "arc_radius": 0.0,
            "theta": 0.0,
            "rho": 0.0,
            "outbound_course": 180.0,
            "inbound_course": 0.0,
            "turn_direction": "0",
            "altitude": 3000,
            "altitude2": 0,
            "speed_limit": 180,
            "vertical_angle": 0.0,
            "center_fix": "",
            "rnp": 0.0
          },
          {
            "type": "APPROACH",
            "proc_ident": "ILS36",
            "transition": "",
            "seq": 2,
            "leg_type": "CF",
            "fix_ident": "KORDF",
            "fix_lat": 42.074130555555556,
            "fix_lon": -87.9073,
            "recommended_navaid": "",
            "arc_radius": 0.0,
            "theta": 0.0,
            "rho": 0.0,
            "outbound_course": 180.0,
            "inbound_course": 0.0,
            "turn_direction": "0",
            "altitude": 3000,
            "altitude2": 0,
            "speed_limit": 180,
            "vertical_angle": 0.0,
            "center_fix": "",
            "rnp": 0.0
          },
          {
            "type": "APPROACH",
            "proc_ident": "ILS36",
            "transition": "",
            "seq": 2,
            "leg_type": "CF",
            "fix_ident": "KSFOF",
            "fix_lat": 37.72123055555556,
            "fix_lon": -122.37899999999999,
            "recommended_navaid": "",
            "arc_radius": 0.0,
            "theta": 0.0,
            "rho": 0.0,
            "outbound_course": 180.0,
            "inbound_course": 0.0,
            "turn_direction": "0",
            "altitude": 3000,
            "altitude2": 0,
            "speed_limit": 180,
            "vertical_angle": 0.0,
            "center_fix": "",
            "rnp": 0.0
          },
          {
            "type": "APPROACH",
            "proc_ident": "ILS36",
            "transition": "",
            "seq": 2,
            "leg_type": "CF",
            "fix_ident": "KATLF",
            "fix_lat": 33.740630555555555,
            "fix_lon": -84.4277,
            "recommended_navaid": "",
            "arc_radius": 0.0,
            "theta": 0.0,
            "rho": 0.0,
            "outbound_course": 180.0,
            "inbound_course": 0.0,
            "turn_direction": "0",
            "altitude": 3000,
            "altitude2": 0,
            "speed_limit": 180,
            "vertical_angle": 0.0,
            "center_fix": "",
            "rnp": 0.0
          },
          {
            "type": "APPROACH",
            "proc_ident": "ILS36",
            "transition": "",
            "seq": 2,
            "leg_type": "CF",
            "fix_ident": "KDFWF",
            "fix_lat": 32.99973055555556,
            "fix_lon": -97.0403,
            "recommended_navaid": "",
            "arc_radius": 0.0,
            "theta": 0.0,
            "rho": 0.0,
            "outbound_course": 180.0,
            "inbound_course": 0.0,
            "turn_direction": "0",
            "altitude": 3000,
            "altitude2": 0,
            "speed_limit": 180,
            "vertical_angle": 0.0,
            "center_fix": "",
            "rnp": 0.0
          },
          {
            "type": "APPROACH",
            "proc_ident": "ILS36",
            "transition": "",
            "seq": 2,
            "leg_type": "CF",
            "fix_ident": "CYVRF",
            "fix_lat": 49.29463055555556,
            "fix_lon": -123.18390000000001,
            "recommended_navaid": "",
            "arc_radius": 0.0,
            "theta": 0.0,
            "rho": 0.0,
            "outbound_course": 180.0,
            "inbound_course": 0.0,
            "turn_direction": "0",
            "altitude": 3000,
            "altitude2": 0,
            "speed_limit": 180,
            "vertical_angle": 0.0,
            "center_fix": "",
            "rnp": 0.0
          },
          {
            "type": "APPROACH",
            "proc_ident": "ILS36",
            "transition": "",
            "seq": 2,
            "leg_type": "CF",
            "fix_ident": "CYYZF",
            "fix_lat": 43.777630555555554,
            "fix_lon": -79.6248,
            "recommended_navaid": "",
            "arc_radius": 0.0,
            "theta": 0.0,
            "rho": 0.0,
            "outbound_course": 180.0,
            "inbound_course": 0.0,
            "turn_direction": "0",
            "altitude": 3000,
            "altitude2": 0,
            "speed_limit": 180,
            "vertical_angle": 0.0,
            "center_fix": "",
            "rnp": 0.0
          },
          {
            "type": "APPROACH",
            "proc_ident": "ILS36",
            "transition": "",
            "seq": 2,
            "leg_type": "CF",
            "fix_ident": "YSSYF",
            "fix_lat": -33.84616944444445,
            "fix_lon": 151.1772,
            "recommended_navaid": "",
            "arc_radius": 0.0,
            "theta": 0.0,
            "rho": 0.0,
            "outbound_course": 180.0,
            "inbound_course": 0.0,
            "turn_direction": "0",
            "altitude": 3000,
            "altitude2": 0,
            "speed_limit": 180,
            "vertical_angle": 0.0,
            "center_fix": "",
            "rnp": 0.0
          },
          {
            "type": "APPROACH",
            "proc_ident": "ILS36",
            "transition": "",
            "seq": 2,
            "leg_type": "CF",
            "fix_ident": "YMMLF",
            "fix_lat": -37.569069444444445,
            "fix_lon": 144.841,
            "recommended_navaid": "",
            "arc_radius": 0.0,
            "theta": 0.0,
            "rho": 0.0,
            "outbound_course": 180.0,
            "inbound_course": 0.0,
            "turn_direction": "0",
            "altitude": 3000,
            "altitude2": 0,
            "speed_limit": 180,
            "vertical_angle": 0.0,
            "center_fix": "",
            "rnp": 0.0
          },
          {
            "type": "APPROACH",
            "proc_ident": "ILS36",
            "transition": "",
            "seq": 2,
            "leg_type": "CF",
            "fix_ident": "NZAAF",
            "fix_lat": -36.90826944444444,
            "fix_lon": 174.785,
            "recommended_navaid": "",
            "arc_radius": 0.0,
            "theta": 0.0,
            "rho": 0.0,
            "outbound_course": 180.0,
            "inbound_course": 0.0,
            "turn_direction": "0",
            "altitude": 3000,
            "altitude2": 0,
            "speed_limit": 180,
            "vertical_angle": 0.0,
            "center_fix": "",
            "rnp": 0.0
          },
          {
            "type": "APPROACH",
            "proc_ident": "ILS36",
            "transition": "",
            "seq": 2,
            "leg_type": "CF",
            "fix_ident": "HECAF",
            "fix_lat": 30.221830555555552,
            "fix_lon": 31.4056,
            "recommended_navaid": "",
            "arc_radius": 0.0,
            "theta": 0.0,
            "rho": 0.0,
            "outbound_course": 180.0,
            "inbound_course": 0.0,
            "turn_direction": "0",
            "altitude": 3000,
            "altitude2": 0,
            "speed_limit": 180,
            "vertical_angle": 0.0,
            "center_fix": "",
            "rnp": 0.0
          },
          {
            "type": "APPROACH",
            "proc_ident": "ILS36",
            "transition": "",
            "seq": 2,
            "leg_type": "CF",
            "fix_ident": "FAORF",
            "fix_lat": -26.039269444444447,
            "fix_lon": 28.246000000000002,
            "recommended_navaid": "",
            "arc_radius": 0.0,
            "theta": 0.0,
            "rho": 0.0,
            "outbound_course": 180.0,
            "inbound_course": 0.0,
            "turn_direction": "0",
            "altitude": 3000,
            "altitude2": 0,
            "speed_limit": 180,
            "vertical_angle": 0.0,
            "center_fix": "",
            "rnp": 0.0
          },
          {
            "type": "APPROACH",
            "proc_ident": "ILS36",
            "transition": "",
            "seq": 2,
            "leg_type": "CF",
            "fix_ident": "HKJKF",
            "fix_lat": -1.2192694444444445,
            "fix_lon": 36.9278,
            "recommended_navaid": "",
            "arc_radius": 0.0,
            "theta": 0.0,
            "rho": 0.0,
            "outbound_course": 180.0,
            "inbound_course": 0.0,
            "turn_direction": "0",
            "altitude": 3000,
            "altitude2": 0,
            "speed_limit": 180,
            "vertical_angle": 0.0,
            "center_fix": "",
            "rnp": 0.0
          },
          {
            "type": "APPROACH",
            "proc_ident": "ILS36",
            "transition": "",
            "seq": 2,
            "leg_type": "CF",
            "fix_ident": "SBGRF",
            "fix_lat": -23.335669444444445,
            "fix_lon": -46.4731,
            "recommended_navaid": "",
            "arc_radius": 0.0,
            "theta": 0.0,
            "rho": 0.0,
            "outbound_course": 180.0,
            "inbound_course": 0.0,
            "turn_direction": "0",
            "altitude": 3000,
            "altitude2": 0,
            "speed_limit": 180,
            "vertical_angle": 0.0,
            "center_fix": "",
            "rnp": 0.0
          },
          {
            "type": "APPROACH",
            "proc_ident": "ILS36",
            "transition": "",
            "seq": 2,
            "leg_type": "CF",
            "fix_ident": "SAEZF",
            "fix_lat": -34.72226944444444,
            "fix_lon": -58.535799999999995,
            "recommended_navaid": "",
            "arc_radius": 0.0,
            "theta": 0.0,
            "rho": 0.0,
            "outbound_course": 180.0,
            "inbound_course": 0.0,
            "turn_direction": "0",
            "altitude": 3000,
            "altitude2": 0,
            "speed_limit": 180,
            "vertical_angle": 0.0,
            "center_fix": "",
            "rnp": 0.0
          },
          {
            "type": "APPROACH",
            "proc_ident": "ILS36",
            "transition": "",
            "seq": 2,
            "leg_type": "CF",
            "fix_ident": "MMMXF",
            "fix_lat": 19.536030555555556,
            "fix_lon": -99.0719,
            "recommended_navaid": "",
            "arc_radius": 0.0,
            "theta": 0.0,
            "rho": 0.0,
            "outbound_course": 180.0,
            "inbound_course": 0.0,
            "turn_direction": "0",
            "altitude": 3000,
            "altitude2": 0,
            "speed_limit": 180,
            "vertical_angle": 0.0,
            "center_fix": "",
            "rnp": 0.0
          },
          {
            "type": "APPROACH",
            "proc_ident": "ILS36",
            "transition": "",
            "seq": 3,
            "leg_type": "FA",
            "fix_ident": "ZBAA",
            "fix_lat": 40.0799,
            "fix_lon": 116.6031,
            "recommended_navaid": "",
            "arc_radius": 0.0,
            "theta": 0.0,
            "rho": 0.0,
            "outbound_course": 180.0,
            "inbound_course": 0.0,
            "turn_direction": "0",
            "altitude": 1165,
            "altitude2": 0,
            "speed_limit": 0,
            "vertical_angle": 0.0,
            "center_fix": "",
            "rnp": 0.0
          },
          {
            "type": "APPROACH",
            "proc_ident": "ILS36",
            "transition": "",
            "seq": 3,
            "leg_type": "FA",
            "fix_ident": "ZSPD",
            "fix_lat": 31.1443,
            "fix_lon": 121.8083,
            "recommended_navaid": "",
            "arc_radius": 0.0,
            "theta": 0.0,
            "rho": 0.0,
            "outbound_course": 180.0,
            "inbound_course": 0.0,
            "turn_direction": "0",
            "altitude": 13,
            "altitude2": 0,
            "speed_limit": 0,
            "vertical_angle": 0.0,
            "center_fix": "",
            "rnp": 0.0
          },
          {
            "type": "APPROACH",
            "proc_ident": "ILS36",
            "transition": "",
            "seq": 3,
            "leg_type": "FA",
            "fix_ident": "ZGGG",
            "fix_lat": 23.3924,
            "fix_lon": 113.2988,
            "recommended_navaid": "",
            "arc_radius": 0.0,
            "theta": 0.0,
            "rho": 0.0,
            "outbound_course": 180.0,
            "inbound_course": 0.0,
            "turn_direction": "0",
            "altitude": 36,
            "altitude2": 0,
            "speed_limit": 0,
            "vertical_angle": 0.0,
            "center_fix": "",
            "rnp": 0.0
          },
          {
            "type": "APPROACH",
            "proc_ident": "ILS36",
            "transition": "",
            "seq": 3,
            "leg_type": "FA",
            "fix_ident": "ZUUU",
            "fix_lat": 30.5785,
            "fix_lon": 103.947,
            "recommended_navaid": "",
            "arc_radius": 0.0,
            "theta": 0.0,
            "rho": 0.0,
            "outbound_course": 180.0,
            "inbound_course": 0.0,
            "turn_direction": "0",
            "altitude": 1625,
            "altitude2": 0,
            "speed_limit": 0,
            "vertical_angle": 0.0,
            "center_fix": "",
            "rnp": 0.0
          },
          {
            "type": "APPROACH",
            "proc_ident": "ILS36",
            "transition": "",
            "seq": 3,
            "leg_type": "FA",
            "fix_ident": "ZSSS",
            "fix_lat": 31.1979,
            "fix_lon": 121.3363,
            "recommended_navaid": "",
            "arc_radius": 0.0,
            "theta": 0.0,
            "rho": 0.0,
            "outbound_course": 180.0,
            "inbound_course": 0.0,
            "turn_direction": "0",
            "altitude": 10,
            "altitude2": 0,
            "speed_limit": 0,
            "vertical_angle": 0.0,
            "center_fix": "",
            "rnp": 0.0
          },
          {
            "type": "APPROACH",
            "proc_ident": "ILS36",
            "transition": "",
            "seq": 3,
            "leg_type": "FA",
            "fix_ident": "ZLXY",
            "fix_lat": 34.4471,
            "fix_lon": 108.7516,
            "recommended_navaid": "",
            "arc_radius": 0.0,
            "theta": 0.0,
            "rho": 0.0,
            "outbound_course": 180.0,
            "inbound_course": 0.0,
            "turn_direction": "0",
            "altitude": 1572,
            "altitude2": 0,
            "speed_limit": 0,
            "vertical_angle": 0.0,
            "center_fix": "",
            "rnp": 0.0
          },
          {
            "type": "APPROACH",
            "proc_ident": "ILS36",
            "transition": "",
            "seq": 3,
            "leg_type": "FA",
            "fix_ident": "RJTT",
            "fix_lat": 35.5494,
            "fix_lon": 139.77980000000002,
            "recommended_navaid": "",
            "arc_radius": 0.0,
            "theta": 0.0,
            "rho": 0.0,
            "outbound_course": 180.0,
            "inbound_course": 0.0,
            "turn_direction": "0",
            "altitude": 21,
            "altitude2": 0,
            "speed_limit": 0,
            "vertical_angle": 0.0,
            "center_fix": "",
            "rnp": 0.0
          },
          {
            "type": "APPROACH",
            "proc_ident": "ILS36",
            "transition": "",
            "seq": 3,
            "leg_type": "FA",
            "fix_ident": "RJBB",
            "fix_lat": 34.4347,
            "fix_lon": 135.233,
            "recommended_navaid": "",
            "arc_radius": 0.0,
            "theta": 0.0,
            "rho": 0.0,
            "outbound_course": 180.0,
            "inbound_course": 0.0,
            "turn_direction": "0",
            "altitude": 26,
            "altitude2": 0,
            "speed_limit": 0,
            "vertical_angle": 0.0,
            "center_fix": "",
            "rnp": 0.0
          },
          {
            "type": "APPROACH",
            "proc_ident": "ILS36",
            "transition": "",
            "seq": 3,
            "leg_type": "FA",
            "fix_ident": "RKSI",
            "fix_lat": 37.4602,
            "fix_lon": 126.4407,
            "recommended_navaid": "",
            "arc_radius": 0.0,
            "theta": 0.0,
            "rho": 0.0,
            "outbound_course": 180.0,
            "inbound_course": 0.0,
            "turn_direction": "0",
            "altitude": 23,
            "altitude2": 0,
            "speed_limit": 0,
            "vertical_angle": 0.0,
            "center_fix": "",
            "rnp": 0.0
          },
          {
            "type": "APPROACH",
            "proc_ident": "ILS36",
            "transition": "",
            "seq": 3,
            "leg_type": "FA",
            "fix_ident": "VHHH",
            "fix_lat": 22.308,
            "fix_lon": 113.91850000000001,
            "recommended_navaid": "",
            "arc_radius": 0.0,
            "theta": 0.0,
            "rho": 0.0,
            "outbound_course": 180.0,
            "inbound_course": 0.0,
            "turn_direction": "0",
            "altitude": 28,
            "altitude2": 0,
            "speed_limit": 0,
            "vertical_angle": 0.0,
            "center_fix": "",
            "rnp": 0.0
          },
          {
            "type": "APPROACH",
            "proc_ident": "ILS36",
            "transition": "",
            "seq": 3,
            "leg_type": "FA",
            "fix_ident": "WSSS",
            "fix_lat": 1.3644,
            "fix_lon": 103.9915,
            "recommended_navaid": "",
            "arc_radius": 0.0,
            "theta": 0.0,
            "rho": 0.0,
            "outbound_course": 180.0,
            "inbound_course": 0.0,
            "turn_direction": "0",
            "altitude": 22,
            "altitude2": 0,
            "speed_limit": 0,
            "vertical_angle": 0.0,
            "center_fix": "",
            "rnp": 0.0
          },
          {
            "type": "APPROACH",
            "proc_ident": "ILS36",
            "transition": "",
            "seq": 3,
            "leg_type": "FA",
            "fix_ident": "VTBS",
            "fix_lat": 13.69,
            "fix_lon": 100.7501,
            "recommended_navaid": "",
            "arc_radius": 0.0,
            "theta": 0.0,
            "rho": 0.0,
            "outbound_course": 180.0,
            "inbound_course": 0.0,
            "turn_direction": "0",
            "altitude": 5,
            "altitude2": 0,
            "speed_limit": 0,
            "vertical_angle": 0.0,
            "center_fix": "",
            "rnp": 0.0
          },
          {
            "type": "APPROACH",
            "proc_ident": "ILS36",
            "transition": "",
            "seq": 3,
            "leg_type": "FA",
            "fix_ident": "WMKK",
            "fix_lat": 2.7456,
            "fix_lon": 101.7099,
            "recommended_navaid": "",
            "arc_radius": 0.0,
            "theta": 0.0,
            "rho": 0.0,
            "outbound_course": 180.0,
            "inbound_course": 0.0,
            "turn_direction": "0",
            "altitude": 70,
            "altitude2": 0,
            "speed_limit": 0,
            "vertical_angle": 0.0,
            "center_fix": "",
            "rnp": 0.0
          },
          {
            "type": "APPROACH",
            "proc_ident": "ILS36",
            "transition": "",
            "seq": 3,
            "leg_type": "FA",
            "fix_ident": "RPLL",
            "fix_lat": 14.5086,
            "fix_lon": 121.0195,
            "recommended_navaid": "",
            "arc_radius": 0.0,
            "theta": 0.0,
            "rho": 0.0,
            "outbound_course": 180.0,
            "inbound_course": 0.0,
            "turn_direction": "0",
            "altitude": 75,
            "altitude2": 0,
            "speed_limit": 0,
            "vertical_angle": 0.0,
            "center_fix": "",
            "rnp": 0.0
          },
          {
            "type": "APPROACH",
            "proc_ident": "ILS36",
            "transition": "",
            "seq": 3,
            "leg_type": "FA",
            "fix_ident": "VIDP",
            "fix_lat": 28.5562,
            "fix_lon": 77.1,
            "recommended_navaid": "",
            "arc_radius": 0.0,
            "theta": 0.0,
            "rho": 0.0,
            "outbound_course": 180.0,
            "inbound_course": 0.0,
            "turn_direction": "0",
            "altitude": 776,
            "altitude2": 0,
            "speed_limit": 0,
            "vertical_angle": 0.0,
            "center_fix": "",
            "rnp": 0.0
          },
          {
            "type": "APPROACH",
            "proc_ident": "ILS36",
            "transition": "",
            "seq": 3,
            "leg_type": "FA",
            "fix_ident": "VABB",
            "fix_lat": 19.089599999999997,
            "fix_lon": 72.8656,
            "recommended_navaid": "",
            "arc_radius": 0.0,
            "theta": 0.0,
            "rho": 0.0,
            "outbound_course": 180.0,
            "inbound_course": 0.0,
            "turn_direction": "0",
            "altitude": 10,
            "altitude2": 0,
            "speed_limit": 0,
            "vertical_angle": 0.0,
            "center_fix": "",
            "rnp": 0.0
          },
          {
            "type": "APPROACH",
            "proc_ident": "ILS36",
            "transition": "",
            "seq": 3,
            "leg_type": "FA",
            "fix_ident": "OMDB",
            "fix_lat": 25.2532,
            "fix_lon": 55.365700000000004,
            "recommended_navaid": "",
            "arc_radius": 0.0,
            "theta": 0.0,
            "rho": 0.0,
            "outbound_course": 180.0,
            "inbound_course": 0.0,
            "turn_direction": "0",
            "altitude": 62,
            "altitude2": 0,
            "speed_limit": 0,
            "vertical_angle": 0.0,
            "center_fix": "",
            "rnp": 0.0
          },
          {
            "type": "APPROACH",
            "proc_ident": "ILS36",
            "transition": "",
            "seq": 3,
            "leg_type": "FA",
            "fix_ident": "OTHH",
            "fix_lat": 25.2731,
            "fix_lon": 51.608000000000004,
            "recommended_navaid": "",
            "arc_radius": 0.0,
            "theta": 0.0,
            "rho": 0.0,
            "outbound_course": 180.0,
            "inbound_course": 0.0,
            "turn_direction": "0",
            "altitude": 13,
            "altitude2": 0,
            "speed_limit": 0,
            "vertical_angle": 0.0,
            "center_fix": "",
            "rnp": 0.0
          },
          {
            "type": "APPROACH",
            "proc_ident": "ILS36",
            "transition": "",
            "seq": 3,
            "leg_type": "FA",
            "fix_ident": "OERK",
            "fix_lat": 24.9577,
            "fix_lon": 46.6992,
            "recommended_navaid": "",
            "arc_radius": 0.0,
            "theta": 0.0,
            "rho": 0.0,
            "outbound_course": 180.0,
            "inbound_course": 0.0,
            "turn_direction": "0",
            "altitude": 2050,
            "altitude2": 0,
            "speed_limit": 0,
            "vertical_angle": 0.0,
            "center_fix": "",
            "rnp": 0.0
          },
          {
            "type": "APPROACH",
            "proc_ident": "ILS36",
            "transition": "",
            "seq": 3,
            "leg_type": "FA",
            "fix_ident": "EGLL",
            "fix_lat": 51.47,
            "fix_lon": -0.45430000000000004,
            "recommended_navaid": "",
            "arc_radius": 0.0,
            "theta": 0.0,
            "rho": 0.0,
            "outbound_course": 180.0,
            "inbound_course": 0.0,
            "turn_direction": "0",
            "altitude": 83,
            "altitude2": 0,
            "speed_limit": 0,
            "vertical_angle": 0.0,
            "center_fix": "",
            "rnp": 0.0
          },
          {
            "type": "APPROACH",
            "proc_ident": "ILS36",
            "transition": "",
            "seq": 3,
            "leg_type": "FA",
            "fix_ident": "LFPG",
            "fix_lat": 49.0097,
            "fix_lon": 2.5479,
            "recommended_navaid": "",
            "arc_radius": 0.0,
            "theta": 0.0,
            "rho": 0.0,
            "outbound_course": 180.0,
            "inbound_course": 0.0,
            "turn_direction": "0",
            "altitude": 392,
            "altitude2": 0,
            "speed_limit": 0,
            "vertical_angle": 0.0,
            "center_fix": "",
            "rnp": 0.0
          },
          {
            "type": "APPROACH",
            "proc_ident": "ILS36",
            "transition": "",
            "seq": 3,
            "leg_type": "FA",
            "fix_ident": "EDDF",
            "fix_lat": 50.0379,
            "fix_lon": 8.5622,
            "recommended_navaid": "",
            "arc_radius": 0.0,
            "theta": 0.0,
            "rho": 0.0,
            "outbound_course": 180.0,
            "inbound_course": 0.0,
            "turn_direction": "0",
            "altitude": 364,
            "altitude2": 0,
            "speed_limit": 0,
            "vertical_angle": 0.0,
            "center_fix": "",
            "rnp": 0.0
          },
          {
            "type": "APPROACH",
            "proc_ident": "ILS36",
            "transition": "",
            "seq": 3,
            "leg_type": "FA",
            "fix_ident": "EHAM",
            "fix_lat": 52.3105,
            "fix_lon": 4.7683,
            "recommended_navaid": "",
            "arc_radius": 0.0,
            "theta": 0.0,
            "rho": 0.0,
            "outbound_course": 180.0,
            "inbound_course": 0.0,
            "turn_direction": "0",
            "altitude": -11,
            "altitude2": 0,
            "speed_limit": 0,
            "vertical_angle": 0.0,
            "center_fix": "",
            "rnp": 0.0
          },
          {
            "type": "APPROACH",
            "proc_ident": "ILS36",
            "transition": "",
            "seq": 3,
            "leg_type": "FA",
            "fix_ident": "UUEE",
            "fix_lat": 55.9726,
            "fix_lon": 37.4146,
            "recommended_navaid": "",
            "arc_radius": 0.0,
            "theta": 0.0,
            "rho": 0.0,
            "outbound_course": 180.0,
            "inbound_course": 0.0,
            "turn_direction": "0",
            "altitude": 748,
            "altitude2": 0,
            "speed_limit": 0,
            "vertical_angle": 0.0,
            "center_fix": "",
            "rnp": 0.0
          },
          {
            "type": "APPROACH",
            "proc_ident": "ILS36",
            "transition": "",
            "seq": 3,
            "leg_type": "FA",
            "fix_ident": "LIRF",
            "fix_lat": 41.8003,
            "fix_lon": 12.2389,
            "recommended_navaid": "",
            "arc_radius": 0.0,
            "theta": 0.0,
            "rho": 0.0,
            "outbound_course": 180.0,
            "inbound_course": 0.0,
            "turn_direction": "0",
            "altitude": 8,
            "altitude2": 0,
            "speed_limit": 0,
            "vertical_angle": 0.0,
            "center_fix": "",
            "rnp": 0.0
          },
          {
            "type": "APPROACH",
            "proc_ident": "ILS36",
            "transition": "",
            "seq": 3,
            "leg_type": "FA",
            "fix_ident": "LEMD",
            "fix_lat": 40.471900000000005,
            "fix_lon": -3.5625999999999998,
            "recommended_navaid": "",
            "arc_radius": 0.0,
            "theta": 0.0,
            "rho": 0.0,
            "outbound_course": 180.0,
            "inbound_course": 0.0,
            "turn_direction": "0",
            "altitude": 1998,
            "altitude2": 0,
            "speed_limit": 0,
            "vertical_angle": 0.0,
            "center_fix": "",
            "rnp": 0.0
          },
          {
            "type": "APPROACH",
            "proc_ident": "ILS36",
            "transition": "",
            "seq": 3,
            "leg_type": "FA",
            "fix_ident": "EDDM",
            "fix_lat": 48.3537,
            "fix_lon": 11.7861,
            "recommended_navaid": "",
            "arc_radius": 0.0,
            "theta": 0.0,
            "rho": 0.0,
            "outbound_course": 180.0,
            "inbound_course": 0.0,
            "turn_direction": "0",
            "altitude": 1487,
            "altitude2": 0,
            "speed_limit": 0,
            "vertical_angle": 0.0,
            "center_fix": "",
            "rnp": 0.0
          },
          {
            "type": "APPROACH",
            "proc_ident": "ILS36",
            "transition": "",
            "seq": 3,
            "leg_type": "FA",
            "fix_ident": "EGKK",
            "fix_lat": 51.1481,
            "fix_lon": -0.1903,
            "recommended_navaid": "",
            "arc_radius": 0.0,
            "theta": 0.0,
            "rho": 0.0,
            "outbound_course": 180.0,
            "inbound_course": 0.0,
            "turn_direction": "0",
            "altitude": 202,
            "altitude2": 0,
            "speed_limit": 0,
            "vertical_angle": 0.0,
            "center_fix": "",
            "rnp": 0.0
          },
          {
            "type": "APPROACH",
            "proc_ident": "ILS36",
            "transition": "",
            "seq": 3,
            "leg_type": "FA",
            "fix_ident": "LFPO",
            "fix_lat": 48.7233,
            "fix_lon": 2.3794,
            "recommended_navaid": "",
            "arc_radius": 0.0,
            "theta": 0.0,
            "rho": 0.0,
            "outbound_course": 180.0,
            "inbound_course": 0.0,
            "turn_direction": "0",
            "altitude": 290,
            "altitude2": 0,
            "speed_limit": 0,
            "vertical_angle": 0.0,
            "center_fix": "",
            "rnp": 0.0
          },
          {
            "type": "APPROACH",
            "proc_ident": "ILS36",
            "transition": "",
            "seq": 3,
            "leg_type": "FA",
            "fix_ident": "KJFK",
            "fix_lat": 40.6413,
            "fix_lon": -73.7781,
            "recommended_navaid": "",
            "arc_radius": 0.0,
            "theta": 0.0,
            "rho": 0.0,
            "outbound_course": 180.0,
            "inbound_course": 0.0,
            "turn_direction": "0",
            "altitude": 13,
            "altitude2": 0,
            "speed_limit": 0,
            "vertical_angle": 0.0,
            "center_fix": "",
            "rnp": 0.0
          },
          {
            "type": "APPROACH",
            "proc_ident": "ILS36",
            "transition": "",
            "seq": 3,
            "leg_type": "FA",
            "fix_ident": "KLAX",
            "fix_lat": 33.941599999999994,
            "fix_lon": -118.4085,
            "recommended_navaid": "",
            "arc_radius": 0.0,
            "theta": 0.0,
            "rho": 0.0,
            "outbound_course": 180.0,
            "inbound_course": 0.0,
            "turn_direction": "0",
            "altitude": 126,
            "altitude2": 0,
            "speed_limit": 0,
            "vertical_angle": 0.0,
            "center_fix": "",
            "rnp": 0.0
          },
          {
            "type": "APPROACH",
            "proc_ident": "ILS36",
            "transition": "",
            "seq": 3,
            "leg_type": "FA",
            "fix_ident": "KORD",
            "fix_lat": 41.9742,
            "fix_lon": -87.9073,
            "recommended_navaid": "",
            "arc_radius": 0.0,
            "theta": 0.0,
            "rho": 0.0,
            "outbound_course": 180.0,
            "inbound_course": 0.0,
            "turn_direction": "0",
            "altitude": 668,
            "altitude2": 0,
            "speed_limit": 0,
            "vertical_angle": 0.0,
            "center_fix": "",
            "rnp": 0.0
          },
          {
            "type": "APPROACH",
            "proc_ident": "ILS36",
            "transition": "",
            "seq": 3,
            "leg_type": "FA",
            "fix_ident": "KSFO",
            "fix_lat": 37.6213,
            "fix_lon": -122.37899999999999,
            "recommended_navaid": "",
            "arc_radius": 0.0,
            "theta": 0.0,
            "rho": 0.0,
            "outbound_course": 180.0,
            "inbound_course": 0.0,
            "turn_direction": "0",
            "altitude": 13,
            "altitude2": 0,
            "speed_limit": 0,
            "vertical_angle": 0.0,
            "center_fix": "",
            "rnp": 0.0
          },
          {
            "type": "APPROACH",
            "proc_ident": "ILS36",
            "transition": "",
            "seq": 3,
            "leg_type": "FA",
            "fix_ident": "KATL",
            "fix_lat": 33.6407,
            "fix_lon": -84.4277,
            "recommended_navaid": "",
            "arc_radius": 0.0,
            "theta": 0.0,
            "rho": 0.0,
            "outbound_course": 180.0,
            "inbound_course": 0.0,
            "turn_direction": "0",
            "altitude": 1026,
            "altitude2": 0,
            "speed_limit": 0,
            "vertical_angle": 0.0,
            "center_fix": "",
            "rnp": 0.0
          },
          {
            "type": "APPROACH",
            "proc_ident": "ILS36",
            "transition": "",
            "seq": 3,
            "leg_type": "FA",
            "fix_ident": "KDFW",
            "fix_lat": 32.8998,
            "fix_lon": -97.0403,
            "recommended_navaid": "",
            "arc_radius": 0.0,
            "theta": 0.0,
            "rho": 0.0,
            "outbound_course": 180.0,
            "inbound_course": 0.0,
            "turn_direction": "0",
            "altitude": 607,
            "altitude2": 0,
            "speed_limit": 0,
            "vertical_angle": 0.0,
            "center_fix": "",
            "rnp": 0.0
          },
          {
            "type": "APPROACH",
            "proc_ident": "ILS36",
            "transition": "",
            "seq": 3,
            "leg_type": "FA",
            "fix_ident": "CYVR",
            "fix_lat": 49.1947,
            "fix_lon": -123.18390000000001,
            "recommended_navaid": "",
            "arc_radius": 0.0,
            "theta": 0.0,
            "rho": 0.0,
            "outbound_course": 180.0,
            "inbound_course": 0.0,
            "turn_direction": "0",
            "altitude": 13,
            "altitude2": 0,
            "speed_limit": 0,
            "vertical_angle": 0.0,
            "center_fix": "",
            "rnp": 0.0
          },
          {
            "type": "APPROACH",
            "proc_ident": "ILS36",
            "transition": "",
            "seq": 3,
            "leg_type": "FA",
            "fix_ident": "CYYZ",
            "fix_lat": 43.677699999999994,
            "fix_lon": -79.6248,
            "recommended_navaid": "",
            "arc_radius": 0.0,
            "theta": 0.0,
            "rho": 0.0,
            "outbound_course": 180.0,
            "inbound_course": 0.0,
            "turn_direction": "0",
            "altitude": 569,
            "altitude2": 0,
            "speed_limit": 0,
            "vertical_angle": 0.0,
            "center_fix": "",
            "rnp": 0.0
          },
          {
            "type": "APPROACH",
            "proc_ident": "ILS36",
            "transition": "",
            "seq": 3,
            "leg_type": "FA",
            "fix_ident": "YSSY",
            "fix_lat": -33.946099999999994,
            "fix_lon": 151.1772,
            "recommended_navaid": "",
            "arc_radius": 0.0,
            "theta": 0.0,
            "rho": 0.0,
            "outbound_course": 180.0,
            "inbound_course": 0.0,
            "turn_direction": "0",
            "altitude": 21,
            "altitude2": 0,
            "speed_limit": 0,
            "vertical_angle": 0.0,
            "center_fix": "",
            "rnp": 0.0
          },
          {
            "type": "APPROACH",
            "proc_ident": "ILS36",
            "transition": "",
            "seq": 3,
            "leg_type": "FA",
            "fix_ident": "YMML",
            "fix_lat": -37.669,
            "fix_lon": 144.841,
            "recommended_navaid": "",
            "arc_radius": 0.0,
            "theta": 0.0,
            "rho": 0.0,
            "outbound_course": 180.0,
            "inbound_course": 0.0,
            "turn_direction": "0",
            "altitude": 434,
            "altitude2": 0,
            "speed_limit": 0,
            "vertical_angle": 0.0,
            "center_fix": "",
            "rnp": 0.0
          },
          {
            "type": "APPROACH",
            "proc_ident": "ILS36",
            "transition": "",
            "seq": 3,
            "leg_type": "FA",
            "fix_ident": "NZAA",
            "fix_lat": -37.0082,
            "fix_lon": 174.785,
            "recommended_navaid": "",
            "arc_radius": 0.0,
            "theta": 0.0,
            "rho": 0.0,
            "outbound_course": 180.0,
            "inbound_course": 0.0,
            "turn_direction": "0",
            "altitude": 23,
            "altitude2": 0,
            "speed_limit": 0,
            "vertical_angle": 0.0,
            "center_fix": "",
            "rnp": 0.0
          },
          {
            "type": "APPROACH",
            "proc_ident": "ILS36",
            "transition": "",
            "seq": 3,
            "leg_type": "FA",
            "fix_ident": "HECA",
            "fix_lat": 30.1219,
            "fix_lon": 31.4056,
            "recommended_navaid": "",
            "arc_radius": 0.0,
            "theta": 0.0,
            "rho": 0.0,
            "outbound_course": 180.0,
            "inbound_course": 0.0,
            "turn_direction": "0",
            "altitude": 389,
            "altitude2": 0,
            "speed_limit": 0,
            "vertical_angle": 0.0,
            "center_fix": "",
            "rnp": 0.0
          },
          {
            "type": "APPROACH",
            "proc_ident": "ILS36",
            "transition": "",
            "seq": 3,
            "leg_type": "FA",
            "fix_ident": "FAOR",
            "fix_lat": -26.1392,
            "fix_lon": 28.246000000000002,
            "recommended_navaid": "",
            "arc_radius": 0.0,
            "theta": 0.0,
            "rho": 0.0,
            "outbound_course": 180.0,
            "inbound_course": 0.0,
            "turn_direction": "0",
            "altitude": 5558,
            "altitude2": 0,
            "speed_limit": 0,
            "vertical_angle": 0.0,
            "center_fix": "",
            "rnp": 0.0
          },
          {
            "type": "APPROACH",
            "proc_ident": "ILS36",
            "transition": "",
            "seq": 3,
            "leg_type": "FA",
            "fix_ident": "HKJK",
            "fix_lat": -1.3192,
            "fix_lon": 36.9278,
            "recommended_navaid": "",
            "arc_radius": 0.0,
            "theta": 0.0,
            "rho": 0.0,
            "outbound_course": 180.0,
            "inbound_course": 0.0,
            "turn_direction": "0",
            "altitude": 5327,
            "altitude2": 0,
            "speed_limit": 0,
            "vertical_angle": 0.0,
            "center_fix": "",
            "rnp": 0.0
          },
          {
            "type": "APPROACH",
            "proc_ident": "ILS36",
            "transition": "",
            "seq": 3,
            "leg_type": "FA",
            "fix_ident": "SBGR",
            "fix_lat": -23.4356,
            "fix_lon": -46.4731,
            "recommended_navaid": "",
            "arc_radius": 0.0,
            "theta": 0.0,
            "rho": 0.0,
            "outbound_course": 180.0,
            "inbound_course": 0.0,
            "turn_direction": "0",
            "altitude": 2451,
            "altitude2": 0,
            "speed_limit": 0,
            "vertical_angle": 0.0,
            "center_fix": "",
            "rnp": 0.0
          },
          {
            "type": "APPROACH",
            "proc_ident": "ILS36",
            "transition": "",
            "seq": 3,
            "leg_type": "FA",
            "fix_ident": "SAEZ",
            "fix_lat": -34.8222,
            "fix_lon": -58.535799999999995,
            "recommended_navaid": "",
            "arc_radius": 0.0,
            "theta": 0.0,
            "rho": 0.0,
            "outbound_course": 180.0,
            "inbound_course": 0.0,
            "turn_direction": "0",
            "altitude": 67,
            "altitude2": 0,
            "speed_limit": 0,
            "vertical_angle": 0.0,
            "center_fix": "",
            "rnp": 0.0
          },
          {
            "type": "APPROACH",
            "proc_ident": "ILS36",
            "transition": "",
            "seq": 3,
            "leg_type": "FA",
            "fix_ident": "MMMX",
            "fix_lat": 19.4361,
            "fix_lon": -99.0719,
            "recommended_navaid": "",
            "arc_radius": 0.0,
            "theta": 0.0,
            "rho": 0.0,
            "outbound_course": 180.0,
            "inbound_course": 0.0,
            "turn_direction": "0",
            "altitude": 7316,
            "altitude2": 0,
            "speed_limit": 0,
            "vertical_angle": 0.0,
            "center_fix": "",
            "rnp": 0.0
          },
          {
            "type": "APPROACH",
            "proc_ident": "ILS36",
            "transition": "",
            "seq": 4,
            "leg_type": "CA",
            "fix_ident": "ZBAA",
            "fix_lat": 40.0799,
            "fix_lon": 116.6031,
            "recommended_navaid": "",
            "arc_radius": 0.0,
            "theta": 0.0,
            "rho": 0.0,
            "outbound_course": 180.0,
            "inbound_course": 0.0,
            "turn_direction": "0",
            "altitude": 1165,
            "altitude2": 0,
            "speed_limit": 0,
            "vertical_angle": 0.0,
            "center_fix": "",
            "rnp": 0.0
          },
          {
            "type": "APPROACH",
            "proc_ident": "ILS36",
            "transition": "",
            "seq": 4,
            "leg_type": "CA",
            "fix_ident": "ZSPD",
            "fix_lat": 31.1443,
            "fix_lon": 121.8083,
            "recommended_navaid": "",
            "arc_radius": 0.0,
            "theta": 0.0,
            "rho": 0.0,
            "outbound_course": 180.0,
            "inbound_course": 0.0,
            "turn_direction": "0",
            "altitude": 13,
            "altitude2": 0,
            "speed_limit": 0,
            "vertical_angle": 0.0,
            "center_fix": "",
            "rnp": 0.0
          },
          {
            "type": "APPROACH",
            "proc_ident": "ILS36",
            "transition": "",
            "seq": 4,
            "leg_type": "CA",
            "fix_ident": "ZGGG",
            "fix_lat": 23.3924,
            "fix_lon": 113.2988,
            "recommended_navaid": "",
            "arc_radius": 0.0,
            "theta": 0.0,
            "rho": 0.0,
            "outbound_course": 180.0,
            "inbound_course": 0.0,
            "turn_direction": "0",
            "altitude": 36,
            "altitude2": 0,
            "speed_limit": 0,
            "vertical_angle": 0.0,
            "center_fix": "",
            "rnp": 0.0
          },
          {
            "type": "APPROACH",
            "proc_ident": "ILS36",
            "transition": "",
            "seq": 4,
            "leg_type": "CA",
            "fix_ident": "ZUUU",
            "fix_lat": 30.5785,
            "fix_lon": 103.947,
            "recommended_navaid": "",
            "arc_radius": 0.0,
            "theta": 0.0,
            "rho": 0.0,
            "outbound_course": 180.0,
            "inbound_course": 0.0,
            "turn_direction": "0",
            "altitude": 1625,
            "altitude2": 0,
            "speed_limit": 0,
            "vertical_angle": 0.0,
            "center_fix": "",
            "rnp": 0.0
          },
          {
            "type": "APPROACH",
            "proc_ident": "ILS36",
            "transition": "",
            "seq": 4,
            "leg_type": "CA",
            "fix_ident": "ZSSS",
            "fix_lat": 31.1979,
            "fix_lon": 121.3363,
            "recommended_navaid": "",
            "arc_radius": 0.0,
            "theta": 0.0,
            "rho": 0.0,
            "outbound_course": 180.0,
            "inbound_course": 0.0,
            "turn_direction": "0",
            "altitude": 10,
            "altitude2": 0,
            "speed_limit": 0,
            "vertical_angle": 0.0,
            "center_fix": "",
            "rnp": 0.0
          },
          {
            "type": "APPROACH",
            "proc_ident": "ILS36",
            "transition": "",
            "seq": 4,
            "leg_type": "CA",
            "fix_ident": "ZLXY",
            "fix_lat": 34.4471,
            "fix_lon": 108.7516,
            "recommended_navaid": "",
            "arc_radius": 0.0,
            "theta": 0.0,
            "rho": 0.0,
            "outbound_course": 180.0,
            "inbound_course": 0.0,
            "turn_direction": "0",
            "altitude": 1572,
            "altitude2": 0,
            "speed_limit": 0,
            "vertical_angle": 0.0,
            "center_fix": "",
            "rnp": 0.0
          },
          {
            "type": "APPROACH",
            "proc_ident": "ILS36",
            "transition": "",
            "seq": 4,
            "leg_type": "CA",
            "fix_ident": "RJTT",
            "fix_lat": 35.5494,
            "fix_lon": 139.77980000000002,
            "recommended_navaid": "",
            "arc_radius": 0.0,
            "theta": 0.0,
            "rho": 0.0,
            "outbound_course": 180.0,
            "inbound_course": 0.0,
            "turn_direction": "0",
            "altitude": 21,
            "altitude2": 0,
            "speed_limit": 0,
            "vertical_angle": 0.0,
            "center_fix": "",
            "rnp": 0.0
          },
          {
            "type": "APPROACH",
            "proc_ident": "ILS36",
            "transition": "",
            "seq": 4,
            "leg_type": "CA",
            "fix_ident": "RJBB",
            "fix_lat": 34.4347,
            "fix_lon": 135.233,
            "recommended_navaid": "",
            "arc_radius": 0.0,
            "theta": 0.0,
            "rho": 0.0,
            "outbound_course": 180.0,
            "inbound_course": 0.0,
            "turn_direction": "0",
            "altitude": 26,
            "altitude2": 0,
            "speed_limit": 0,
            "vertical_angle": 0.0,
            "center_fix": "",
            "rnp": 0.0
          },
          {
            "type": "APPROACH",
            "proc_ident": "ILS36",
            "transition": "",
            "seq": 4,
            "leg_type": "CA",
            "fix_ident": "RKSI",
            "fix_lat": 37.4602,
            "fix_lon": 126.4407,
            "recommended_navaid": "",
            "arc_radius": 0.0,
            "theta": 0.0,
            "rho": 0.0,
            "outbound_course": 180.0,
            "inbound_course": 0.0,
            "turn_direction": "0",
            "altitude": 23,
            "altitude2": 0,
            "speed_limit": 0,
            "vertical_angle": 0.0,
            "center_fix": "",
            "rnp": 0.0
          },
          {
            "type": "APPROACH",
            "proc_ident": "ILS36",
            "transition": "",
            "seq": 4,
            "leg_type": "CA",
            "fix_ident": "VHHH",
            "fix_lat": 22.308,
            "fix_lon": 113.91850000000001,
            "recommended_navaid": "",
            "arc_radius": 0.0,
            "theta": 0.0,
            "rho": 0.0,
            "outbound_course": 180.0,
            "inbound_course": 0.0,
            "turn_direction": "0",
            "altitude": 28,
            "altitude2": 0,
            "speed_limit": 0,
            "vertical_angle": 0.0,
            "center_fix": "",
            "rnp": 0.0
          },
          {
            "type": "APPROACH",
            "proc_ident": "ILS36",
            "transition": "",
            "seq": 4,
            "leg_type": "CA",
            "fix_ident": "WSSS",
            "fix_lat": 1.3644,
            "fix_lon": 103.9915,
            "recommended_navaid": "",
            "arc_radius": 0.0,
            "theta": 0.0,
            "rho": 0.0,
            "outbound_course": 180.0,
            "inbound_course": 0.0,
            "turn_direction": "0",
            "altitude": 22,
            "altitude2": 0,
            "speed_limit": 0,
            "vertical_angle": 0.0,
            "center_fix": "",
            "rnp": 0.0
          },
          {
            "type": "APPROACH",
            "proc_ident": "ILS36",
            "transition": "",
            "seq": 4,
            "leg_type": "CA",
            "fix_ident": "VTBS",
            "fix_lat": 13.69,
            "fix_lon": 100.7501,
            "recommended_navaid": "",
            "arc_radius": 0.0,
            "theta": 0.0,
            "rho": 0.0,
            "outbound_course": 180.0,
            "inbound_course": 0.0,
            "turn_direction": "0",
            "altitude": 5,
            "altitude2": 0,
            "speed_limit": 0,
            "vertical_angle": 0.0,
            "center_fix": "",
            "rnp": 0.0
          },
          {
            "type": "APPROACH",
            "proc_ident": "ILS36",
            "transition": "",
            "seq": 4,
            "leg_type": "CA",
            "fix_ident": "WMKK",
            "fix_lat": 2.7456,
            "fix_lon": 101.7099,
            "recommended_navaid": "",
            "arc_radius": 0.0,
            "theta": 0.0,
            "rho": 0.0,
            "outbound_course": 180.0,
            "inbound_course": 0.0,
            "turn_direction": "0",
            "altitude": 70,
            "altitude2": 0,
            "speed_limit": 0,
            "vertical_angle": 0.0,
            "center_fix": "",
            "rnp": 0.0
          },
          {
            "type": "APPROACH",
            "proc_ident": "ILS36",
            "transition": "",
            "seq": 4,
            "leg_type": "CA",
            "fix_ident": "RPLL",
            "fix_lat": 14.5086,
            "fix_lon": 121.0195,
            "recommended_navaid": "",
            "arc_radius": 0.0,
            "theta": 0.0,
            "rho": 0.0,
            "outbound_course": 180.0,
            "inbound_course": 0.0,
            "turn_direction": "0",
            "altitude": 75,
            "altitude2": 0,
            "speed_limit": 0,
            "vertical_angle": 0.0,
            "center_fix": "",
            "rnp": 0.0
          },
          {
            "type": "APPROACH",
            "proc_ident": "ILS36",
            "transition": "",
            "seq": 4,
            "leg_type": "CA",
            "fix_ident": "VIDP",
            "fix_lat": 28.5562,
            "fix_lon": 77.1,
            "recommended_navaid": "",
            "arc_radius": 0.0,
            "theta": 0.0,
            "rho": 0.0,
            "outbound_course": 180.0,
            "inbound_course": 0.0,
            "turn_direction": "0",
            "altitude": 776,
            "altitude2": 0,
            "speed_limit": 0,
            "vertical_angle": 0.0,
            "center_fix": "",
            "rnp": 0.0
          },
          {
            "type": "APPROACH",
            "proc_ident": "ILS36",
            "transition": "",
            "seq": 4,
            "leg_type": "CA",
            "fix_ident": "VABB",
            "fix_lat": 19.089599999999997,
            "fix_lon": 72.8656,
            "recommended_navaid": "",
            "arc_radius": 0.0,
            "theta": 0.0,
            "rho": 0.0,
            "outbound_course": 180.0,
            "inbound_course": 0.0,
            "turn_direction": "0",
            "altitude": 10,
            "altitude2": 0,
            "speed_limit": 0,
            "vertical_angle": 0.0,
            "center_fix": "",
            "rnp": 0.0
          },
          {
            "type": "APPROACH",
            "proc_ident": "ILS36",
            "transition": "",
            "seq": 4,
            "leg_type": "CA",
            "fix_ident": "OMDB",
            "fix_lat": 25.2532,
            "fix_lon": 55.365700000000004,
            "recommended_navaid": "",
            "arc_radius": 0.0,
            "theta": 0.0,
            "rho": 0.0,
            "outbound_course": 180.0,
            "inbound_course": 0.0,
            "turn_direction": "0",
            "altitude": 62,
            "altitude2": 0,
            "speed_limit": 0,
            "vertical_angle": 0.0,
            "center_fix": "",
            "rnp": 0.0
          },
          {
            "type": "APPROACH",
            "proc_ident": "ILS36",
            "transition": "",
            "seq": 4,
            "leg_type": "CA",
            "fix_ident": "OTHH",
            "fix_lat": 25.2731,
            "fix_lon": 51.608000000000004,
            "recommended_navaid": "",
            "arc_radius": 0.0,
            "theta": 0.0,
            "rho": 0.0,
            "outbound_course": 180.0,
            "inbound_course": 0.0,
            "turn_direction": "0",
            "altitude": 13,
            "altitude2": 0,
            "speed_limit": 0,
            "vertical_angle": 0.0,
            "center_fix": "",
            "rnp": 0.0
          },
          {
            "type": "APPROACH",
            "proc_ident": "ILS36",
            "transition": "",
            "seq": 4,
            "leg_type": "CA",
            "fix_ident": "OERK",
            "fix_lat": 24.9577,
            "fix_lon": 46.6992,
            "recommended_navaid": "",
            "arc_radius": 0.0,
            "theta": 0.0,
            "rho": 0.0,
            "outbound_course": 180.0,
            "inbound_course": 0.0,
            "turn_direction": "0",
            "altitude": 2050,
            "altitude2": 0,
            "speed_limit": 0,
            "vertical_angle": 0.0,
            "center_fix": "",
            "rnp": 0.0
          },
          {
            "type": "APPROACH",
            "proc_ident": "ILS36",
            "transition": "",
            "seq": 4,
            "leg_type": "CA",
            "fix_ident": "EGLL",
            "fix_lat": 51.47,
            "fix_lon": -0.45430000000000004,
            "recommended_navaid": "",
            "arc_radius": 0.0,
            "theta": 0.0,
            "rho": 0.0,
            "outbound_course": 180.0,
            "inbound_course": 0.0,
            "turn_direction": "0",
            "altitude": 83,
            "altitude2": 0,
            "speed_limit": 0,
            "vertical_angle": 0.0,
            "center_fix": "",
            "rnp": 0.0
          },
          {
            "type": "APPROACH",
            "proc_ident": "ILS36",
            "transition": "",
            "seq": 4,
            "leg_type": "CA",
            "fix_ident": "LFPG",
            "fix_lat": 49.0097,
            "fix_lon": 2.5479,
            "recommended_navaid": "",
            "arc_radius": 0.0,
            "theta": 0.0,
            "rho": 0.0,
            "outbound_course": 180.0,
            "inbound_course": 0.0,
            "turn_direction": "0",
            "altitude": 392,
            "altitude2": 0,
            "speed_limit": 0,
            "vertical_angle": 0.0,
            "center_fix": "",
            "rnp": 0.0
          },
          {
            "type": "APPROACH",
            "proc_ident": "ILS36",
            "transition": "",
            "seq": 4,
            "leg_type": "CA",
            "fix_ident": "EDDF",
            "fix_lat": 50.0379,
            "fix_lon": 8.5622,
            "recommended_navaid": "",
            "arc_radius": 0.0,
            "theta": 0.0,
            "rho": 0.0,
            "outbound_course": 180.0,
            "inbound_course": 0.0,
            "turn_direction": "0",
            "altitude": 364,
            "altitude2": 0,
            "speed_limit": 0,
            "vertical_angle": 0.0,
            "center_fix": "",
            "rnp": 0.0
          },
          {
            "type": "APPROACH",
            "proc_ident": "ILS36",
            "transition": "",
            "seq": 4,
            "leg_type": "CA",
            "fix_ident": "EHAM",
            "fix_lat": 52.3105,
            "fix_lon": 4.7683,
            "recommended_navaid": "",
            "arc_radius": 0.0,
            "theta": 0.0,
            "rho": 0.0,
            "outbound_course": 180.0,
            "inbound_course": 0.0,
            "turn_direction": "0",
            "altitude": -11,
            "altitude2": 0,
            "speed_limit": 0,
            "vertical_angle": 0.0,
            "center_fix": "",
            "rnp": 0.0
          },
          {
            "type": "APPROACH",
            "proc_ident": "ILS36",
            "transition": "",
            "seq": 4,
            "leg_type": "CA",
            "fix_ident": "UUEE",
            "fix_lat": 55.9726,
            "fix_lon": 37.4146,
            "recommended_navaid": "",
            "arc_radius": 0.0,
            "theta": 0.0,
            "rho": 0.0,
            "outbound_course": 180.0,
            "inbound_course": 0.0,
            "turn_direction": "0",
            "altitude": 748,
            "altitude2": 0,
            "speed_limit": 0,
            "vertical_angle": 0.0,
            "center_fix": "",
            "rnp": 0.0
          },
          {
            "type": "APPROACH",
            "proc_ident": "ILS36",
            "transition": "",
            "seq": 4,
            "leg_type": "CA",
            "fix_ident": "LIRF",
            "fix_lat": 41.8003,
            "fix_lon": 12.2389,
            "recommended_navaid": "",
            "arc_radius": 0.0,
            "theta": 0.0,
            "rho": 0.0,
            "outbound_course": 180.0,
            "inbound_course": 0.0,
            "turn_direction": "0",
            "altitude": 8,
            "altitude2": 0,
            "speed_limit": 0,
            "vertical_angle": 0.0,
            "center_fix": "",
            "rnp": 0.0
          },
          {
            "type": "APPROACH",
            "proc_ident": "ILS36",
            "transition": "",
            "seq": 4,
            "leg_type": "CA",
            "fix_ident": "LEMD",
            "fix_lat": 40.471900000000005,
            "fix_lon": -3.5625999999999998,
            "recommended_navaid": "",
            "arc_radius": 0.0,
            "theta": 0.0,
            "rho": 0.0,
            "outbound_course": 180.0,
            "inbound_course": 0.0,
            "turn_direction": "0",
            "altitude": 1998,
            "altitude2": 0,
            "speed_limit": 0,
            "vertical_angle": 0.0,
            "center_fix": "",
            "rnp": 0.0
          },
          {
            "type": "APPROACH",
            "proc_ident": "ILS36",
            "transition": "",
            "seq": 4,
            "leg_type": "CA",
            "fix_ident": "EDDM",
            "fix_lat": 48.3537,
            "fix_lon": 11.7861,
            "recommended_navaid": "",
            "arc_radius": 0.0,
            "theta": 0.0,
            "rho": 0.0,
            "outbound_course": 180.0,
            "inbound_course": 0.0,
            "turn_direction": "0",
            "altitude": 1487,
            "altitude2": 0,
            "speed_limit": 0,
            "vertical_angle": 0.0,
            "center_fix": "",
            "rnp": 0.0
          },
          {
            "type": "APPROACH",
            "proc_ident": "ILS36",
            "transition": "",
            "seq": 4,
            "leg_type": "CA",
            "fix_ident": "EGKK",
            "fix_lat": 51.1481,
            "fix_lon": -0.1903,
            "recommended_navaid": "",
            "arc_radius": 0.0,
            "theta": 0.0,
            "rho": 0.0,
            "outbound_course": 180.0,
            "inbound_course": 0.0,
            "turn_direction": "0",
            "altitude": 202,
            "altitude2": 0,
            "speed_limit": 0,
            "vertical_angle": 0.0,
            "center_fix": "",
            "rnp": 0.0
          },
          {
            "type": "APPROACH",
            "proc_ident": "ILS36",
            "transition": "",
            "seq": 4,
            "leg_type": "CA",
            "fix_ident": "LFPO",
            "fix_lat": 48.7233,
            "fix_lon": 2.3794,
            "recommended_navaid": "",
            "arc_radius": 0.0,
            "theta": 0.0,
            "rho": 0.0,
            "outbound_course": 180.0,
            "inbound_course": 0.0,
            "turn_direction": "0",
            "altitude": 290,
            "altitude2": 0,
            "speed_limit": 0,
            "vertical_angle": 0.0,
            "center_fix": "",
            "rnp": 0.0
          },
          {
            "type": "APPROACH",
            "proc_ident": "ILS36",
            "transition": "",
            "seq": 4,
            "leg_type": "CA",
            "fix_ident": "KJFK",
            "fix_lat": 40.6413,
            "fix_lon": -73.7781,
            "recommended_navaid": "",
            "arc_radius": 0.0,
            "theta": 0.0,
            "rho": 0.0,
            "outbound_course": 180.0,
            "inbound_course": 0.0,
            "turn_direction": "0",
            "altitude": 13,
            "altitude2": 0,
            "speed_limit": 0,
            "vertical_angle": 0.0,
            "center_fix": "",
            "rnp": 0.0
          },
          {
            "type": "APPROACH",
            "proc_ident": "ILS36",
            "transition": "",
            "seq": 4,
            "leg_type": "CA",
            "fix_ident": "KLAX",
            "fix_lat": 33.941599999999994,
            "fix_lon": -118.4085,
            "recommended_navaid": "",
            "arc_radius": 0.0,
            "theta": 0.0,
            "rho": 0.0,
            "outbound_course": 180.0,
            "inbound_course": 0.0,
            "turn_direction": "0",
            "altitude": 126,
            "altitude2": 0,
            "speed_limit": 0,
            "vertical_angle": 0.0,
            "center_fix": "",
            "rnp": 0.0
          },
          {
            "type": "APPROACH",
            "proc_ident": "ILS36",
            "transition": "",
            "seq": 4,
            "leg_type": "CA",
            "fix_ident": "KORD",
            "fix_lat": 41.9742,
            "fix_lon": -87.9073,
            "recommended_navaid": "",
            "arc_radius": 0.0,
            "theta": 0.0,
            "rho": 0.0,
            "outbound_course": 180.0,
            "inbound_course": 0.0,
            "turn_direction": "0",
            "altitude": 668,
            "altitude2": 0,
            "speed_limit": 0,
            "vertical_angle": 0.0,
            "center_fix": "",
            "rnp": 0.0
          },
          {
            "type": "APPROACH",
            "proc_ident": "ILS36",
            "transition": "",
            "seq": 4,
            "leg_type": "CA",
            "fix_ident": "KSFO",
            "fix_lat": 37.6213,
            "fix_lon": -122.37899999999999,
            "recommended_navaid": "",
            "arc_radius": 0.0,
            "theta": 0.0,
            "rho": 0.0,
            "outbound_course": 180.0,
            "inbound_course": 0.0,
            "turn_direction": "0",
            "altitude": 13,
            "altitude2": 0,
            "speed_limit": 0,
            "vertical_angle": 0.0,
            "center_fix": "",
            "rnp": 0.0
          },
          {
            "type": "APPROACH",
            "proc_ident": "ILS36",
            "transition": "",
            "seq": 4,
            "leg_type": "CA",
            "fix_ident": "KATL",
            "fix_lat": 33.6407,
            "fix_lon": -84.4277,
            "recommended_navaid": "",
            "arc_radius": 0.0,
            "theta": 0.0,
            "rho": 0.0,
            "outbound_course": 180.0,
            "inbound_course": 0.0,
            "turn_direction": "0",
            "altitude": 1026,
            "altitude2": 0,
            "speed_limit": 0,
            "vertical_angle": 0.0,
            "center_fix": "",
            "rnp": 0.0
          },
          {
            "type": "APPROACH",
            "proc_ident": "ILS36",
            "transition": "",
            "seq": 4,
            "leg_type": "CA",
            "fix_ident": "KDFW",
            "fix_lat": 32.8998,
            "fix_lon": -97.0403,
            "recommended_navaid": "",
            "arc_radius": 0.0,
            "theta": 0.0,
            "rho": 0.0,
            "outbound_course": 180.0,
            "inbound_course": 0.0,
            "turn_direction": "0",
            "altitude": 607,
            "altitude2": 0,
            "speed_limit": 0,
            "vertical_angle": 0.0,
            "center_fix": "",
            "rnp": 0.0
          },
          {
            "type": "APPROACH",
            "proc_ident": "ILS36",
            "transition": "",
            "seq": 4,
            "leg_type": "CA",
            "fix_ident": "CYVR",
            "fix_lat": 49.1947,
            "fix_lon": -123.18390000000001,
            "recommended_navaid": "",
            "arc_radius": 0.0,
            "theta": 0.0,
            "rho": 0.0,
            "outbound_course": 180.0,
            "inbound_course": 0.0,
            "turn_direction": "0",
            "altitude": 13,
            "altitude2": 0,
            "speed_limit": 0,
            "vertical_angle": 0.0,
            "center_fix": "",
            "rnp": 0.0
          },
          {
            "type": "APPROACH",
            "proc_ident": "ILS36",
            "transition": "",
            "seq": 4,
            "leg_type": "CA",
            "fix_ident": "CYYZ",
            "fix_lat": 43.677699999999994,
            "fix_lon": -79.6248,
            "recommended_navaid": "",
            "arc_radius": 0.0,
            "theta": 0.0,
            "rho": 0.0,
            "outbound_course": 180.0,
            "inbound_course": 0.0,
            "turn_direction": "0",
            "altitude": 569,
            "altitude2": 0,
            "speed_limit": 0,
            "vertical_angle": 0.0,
            "center_fix": "",
            "rnp": 0.0
          },
          {
            "type": "APPROACH",
            "proc_ident": "ILS36",
            "transition": "",
            "seq": 4,
            "leg_type": "CA",
            "fix_ident": "YSSY",
            "fix_lat": -33.946099999999994,
            "fix_lon": 151.1772,
            "recommended_navaid": "",
            "arc_radius": 0.0,
            "theta": 0.0,
            "rho": 0.0,
            "outbound_course": 180.0,
            "inbound_course": 0.0,
            "turn_direction": "0",
            "altitude": 21,
            "altitude2": 0,
            "speed_limit": 0,
            "vertical_angle": 0.0,
            "center_fix": "",
            "rnp": 0.0
          },
          {
            "type": "APPROACH",
            "proc_ident": "ILS36",
            "transition": "",
            "seq": 4,
            "leg_type": "CA",
            "fix_ident": "YMML",
            "fix_lat": -37.669,
            "fix_lon": 144.841,
            "recommended_navaid": "",
            "arc_radius": 0.0,
            "theta": 0.0,
            "rho": 0.0,
            "outbound_course": 180.0,
            "inbound_course": 0.0,
            "turn_direction": "0",
            "altitude": 434,
            "altitude2": 0,
            "speed_limit": 0,
            "vertical_angle": 0.0,
            "center_fix": "",
            "rnp": 0.0
          },
          {
            "type": "APPROACH",
            "proc_ident": "ILS36",
            "transition": "",
            "seq": 4,
            "leg_type": "CA",
            "fix_ident": "NZAA",
            "fix_lat": -37.0082,
            "fix_lon": 174.785,
            "recommended_navaid": "",
            "arc_radius": 0.0,
            "theta": 0.0,
            "rho": 0.0,
            "outbound_course": 180.0,
            "inbound_course": 0.0,
            "turn_direction": "0",
            "altitude": 23,
            "altitude2": 0,
            "speed_limit": 0,
            "vertical_angle": 0.0,
            "center_fix": "",
            "rnp": 0.0
          },
          {
            "type": "APPROACH",
            "proc_ident": "ILS36",
            "transition": "",
            "seq": 4,
            "leg_type": "CA",
            "fix_ident": "HECA",
            "fix_lat": 30.1219,
            "fix_lon": 31.4056,
            "recommended_navaid": "",
            "arc_radius": 0.0,
            "theta": 0.0,
            "rho": 0.0,
            "outbound_course": 180.0,
            "inbound_course": 0.0,
            "turn_direction": "0",
            "altitude": 389,
            "altitude2": 0,
            "speed_limit": 0,
            "vertical_angle": 0.0,
            "center_fix": "",
            "rnp": 0.0
          },
          {
            "type": "APPROACH",
            "proc_ident": "ILS36",
            "transition": "",
            "seq": 4,
            "leg_type": "CA",
            "fix_ident": "FAOR",
            "fix_lat": -26.1392,
            "fix_lon": 28.246000000000002,
            "recommended_navaid": "",
            "arc_radius": 0.0,
            "theta": 0.0,
            "rho": 0.0,
            "outbound_course": 180.0,
            "inbound_course": 0.0,
            "turn_direction": "0",
            "altitude": 5558,
            "altitude2": 0,
            "speed_limit": 0,
            "vertical_angle": 0.0,
            "center_fix": "",
            "rnp": 0.0
          },
          {
            "type": "APPROACH",
            "proc_ident": "ILS36",
            "transition": "",
            "seq": 4,
            "leg_type": "CA",
            "fix_ident": "HKJK",
            "fix_lat": -1.3192,
            "fix_lon": 36.9278,
            "recommended_navaid": "",
            "arc_radius": 0.0,
            "theta": 0.0,
            "rho": 0.0,
            "outbound_course": 180.0,
            "inbound_course": 0.0,
            "turn_direction": "0",
            "altitude": 5327,
            "altitude2": 0,
            "speed_limit": 0,
            "vertical_angle": 0.0,
            "center_fix": "",
            "rnp": 0.0
          },
          {
            "type": "APPROACH",
            "proc_ident": "ILS36",
            "transition": "",
            "seq": 4,
            "leg_type": "CA",
            "fix_ident": "SBGR",
            "fix_lat": -23.4356,
            "fix_lon": -46.4731,
            "recommended_navaid": "",
            "arc_radius": 0.0,
            "theta": 0.0,
            "rho": 0.0,
            "outbound_course": 180.0,
            "inbound_course": 0.0,
            "turn_direction": "0",
            "altitude": 2451,
            "altitude2": 0,
            "speed_limit": 0,
            "vertical_angle": 0.0,
            "center_fix": "",
            "rnp": 0.0
          },
          {
            "type": "APPROACH",
            "proc_ident": "ILS36",
            "transition": "",
            "seq": 4,
            "leg_type": "CA",
            "fix_ident": "SAEZ",
            "fix_lat": -34.8222,
            "fix_lon": -58.535799999999995,
            "recommended_navaid": "",
            "arc_radius": 0.0,
            "theta": 0.0,
            "rho": 0.0,
            "outbound_course": 180.0,
            "inbound_course": 0.0,
            "turn_direction": "0",
            "altitude": 67,
            "altitude2": 0,
            "speed_limit": 0,
            "vertical_angle": 0.0,
            "center_fix": "",
            "rnp": 0.0
          },
          {
            "type": "APPROACH",
            "proc_ident": "ILS36",
            "transition": "",
            "seq": 4,
            "leg_type": "CA",
            "fix_ident": "MMMX",
            "fix_lat": 19.4361,
            "fix_lon": -99.0719,
            "recommended_navaid": "",
            "arc_radius": 0.0,
            "theta": 0.0,
            "rho": 0.0,
            "outbound_course": 180.0,
            "inbound_course": 0.0,
            "turn_direction": "0",
            "altitude": 7316,
            "altitude2": 0,
            "speed_limit": 0,
            "vertical_angle": 0.0,
            "center_fix": "",
            "rnp": 0.0
          },
          {
            "type": "APPROACH",
            "proc_ident": "ILS36",
            "transition": "",
            "seq": 5,
            "leg_type": "TF",
            "fix_ident": "ZBAAN",
            "fix_lat": 40.57956111111111,
            "fix_lon": 116.6031,
            "recommended_navaid": "",
            "arc_radius": 0.0,
            "theta": 0.0,
            "rho": 0.0,
            "outbound_course": 0.0,
            "inbound_course": 0.0,
            "turn_direction": "",
            "altitude": 5000,
            "altitude2": 0,
            "speed_limit": 0,
            "vertical_angle": 0.0,
            "center_fix": "",
            "rnp": 0.0
          },
          {
            "type": "APPROACH",
            "proc_ident": "ILS36",
            "transition": "",
            "seq": 5,
            "leg_type": "TF",
            "fix_ident": "ZSPDN",
            "fix_lat": 31.64396111111111,
            "fix_lon": 121.8083,
            "recommended_navaid": "",
            "arc_radius": 0.0,
            "theta": 0.0,
            "rho": 0.0,
            "outbound_course": 0.0,
            "inbound_course": 0.0,
            "turn_direction": "",
            "altitude": 5000,
            "altitude2": 0,
            "speed_limit": 0,
            "vertical_angle": 0.0,
            "center_fix": "",
            "rnp": 0.0
          },
          {
            "type": "APPROACH",
            "proc_ident": "ILS36",
            "transition": "",
            "seq": 5,
            "leg_type": "TF",
            "fix_ident": "ZGGGN",
            "fix_lat": 23.89206111111111,
            "fix_lon": 113.2988,
            "recommended_navaid": "",
            "arc_radius": 0.0,
            "theta": 0.0,
            "rho": 0.0,
            "outbound_course": 0.0,
            "inbound_course": 0.0,
            "turn_direction": "",
            "altitude": 5000,
            "altitude2": 0,
            "speed_limit": 0,
            "vertical_angle": 0.0,
            "center_fix": "",
            "rnp": 0.0
          },
          {
            "type": "APPROACH",
            "proc_ident": "ILS36",
            "transition": "",
            "seq": 5,
            "leg_type": "TF",
            "fix_ident": "ZUUUN",
            "fix_lat": 31.07816111111111,
            "fix_lon": 103.947,
            "recommended_navaid": "",
            "arc_radius": 0.0,
            "theta": 0.0,
            "rho": 0.0,
            "outbound_course": 0.0,
            "inbound_course": 0.0,
            "turn_direction": "",
            "altitude": 5000,
            "altitude2": 0,
            "speed_limit": 0,
            "vertical_angle": 0.0,
            "center_fix": "",
            "rnp": 0.0
          },
          {
            "type": "APPROACH",
            "proc_ident": "ILS36",
            "transition": "",
            "seq": 5,
            "leg_type": "TF",
            "fix_ident": "ZSSSN",
            "fix_lat": 31.69756111111111,
            "fix_lon": 121.3363,
            "recommended_navaid": "",
            "arc_radius": 0.0,
            "theta": 0.0,
            "rho": 0.0,
            "outbound_course": 0.0,
            "inbound_course": 0.0,
            "turn_direction": "",
            "altitude": 5000,
            "altitude2": 0,
            "speed_limit": 0,
            "vertical_angle": 0.0,
            "center_fix": "",
            "rnp": 0.0
          },
          {
            "type": "APPROACH",
            "proc_ident": "ILS36",
            "transition": "",
            "seq": 5,
            "leg_type": "TF",
            "fix_ident": "ZLXYN",
            "fix_lat": 34.94676111111111,
            "fix_lon": 108.7516,
            "recommended_navaid": "",
            "arc_radius": 0.0,
            "theta": 0.0,
            "rho": 0.0,
            "outbound_course": 0.0,
            "inbound_course": 0.0,
            "turn_direction": "",
            "altitude": 5000,
            "altitude2": 0,
            "speed_limit": 0,
            "vertical_angle": 0.0,
            "center_fix": "",
            "rnp": 0.0
          },
          {
            "type": "APPROACH",
            "proc_ident": "ILS36",
            "transition": "",
            "seq": 5,
            "leg_type": "TF",
            "fix_ident": "RJTTN",
            "fix_lat": 36.04906111111111,
            "fix_lon": 139.77980000000002,
            "recommended_navaid": "",
            "arc_radius": 0.0,
            "theta": 0.0,
            "rho": 0.0,
            "outbound_course": 0.0,
            "inbound_course": 0.0,
            "turn_direction": "",
            "altitude": 5000,
            "altitude2": 0,
            "speed_limit": 0,
            "vertical_angle": 0.0,
            "center_fix": "",
            "rnp": 0.0
          },
          {
            "type": "APPROACH",
            "proc_ident": "ILS36",
            "transition": "",
            "seq": 5,
            "leg_type": "TF",
            "fix_ident": "RJBBN",
            "fix_lat": 34.93436111111111,
            "fix_lon": 135.233,
            "recommended_navaid": "",
            "arc_radius": 0.0,
            "theta": 0.0,
            "rho": 0.0,
            "outbound_course": 0.0,
            "inbound_course": 0.0,
            "turn_direction": "",
            "altitude": 5000,
            "altitude2": 0,
            "speed_limit": 0,
            "vertical_angle": 0.0,
            "center_fix": "",
            "rnp": 0.0
          },
          {
            "type": "APPROACH",
            "proc_ident": "ILS36",
            "transition": "",
            "seq": 5,
            "leg_type": "TF",
            "fix_ident": "RKSIN",
            "fix_lat": 37.95986111111112,
            "fix_lon": 126.4407,
            "recommended_navaid": "",
            "arc_radius": 0.0,
            "theta": 0.0,
            "rho": 0.0,
            "outbound_course": 0.0,
            "inbound_course": 0.0,
            "turn_direction": "",
            "altitude": 5000,
            "altitude2": 0,
            "speed_limit": 0,
            "vertical_angle": 0.0,
            "center_fix": "",
            "rnp": 0.0
          },
          {
            "type": "APPROACH",
            "proc_ident": "ILS36",
            "transition": "",
            "seq": 5,
            "leg_type": "TF",
            "fix_ident": "VHHHN",
            "fix_lat": 22.807661111111113,
            "fix_lon": 113.91850000000001,
            "recommended_navaid": "",
            "arc_radius": 0.0,
            "theta": 0.0,
            "rho": 0.0,
            "outbound_course": 0.0,
            "inbound_course": 0.0,
            "turn_direction": "",
            "altitude": 5000,
            "altitude2": 0,
            "speed_limit": 0,
            "vertical_angle": 0.0,
            "center_fix": "",
            "rnp": 0.0
          },
          {
            "type": "APPROACH",
            "proc_ident": "ILS36",
            "transition": "",
            "seq": 5,
            "leg_type": "TF",
            "fix_ident": "WSSSN",
            "fix_lat": 1.8640611111111112,
            "fix_lon": 103.9915,
            "recommended_navaid": "",
            "arc_radius": 0.0,
            "theta": 0.0,
            "rho": 0.0,
            "outbound_course": 0.0,
            "inbound_course": 0.0,
            "turn_direction": "",
            "altitude": 5000,
            "altitude2": 0,
            "speed_limit": 0,
            "vertical_angle": 0.0,
            "center_fix": "",
            "rnp": 0.0
          },
          {
            "type": "APPROACH",
            "proc_ident": "ILS36",
            "transition": "",
            "seq": 5,
            "leg_type": "TF",
            "fix_ident": "VTBSN",
            "fix_lat": 14.18966111111111,
            "fix_lon": 100.7501,
            "recommended_navaid": "",
            "arc_radius": 0.0,
            "theta": 0.0,
            "rho": 0.0,
            "outbound_course": 0.0,
            "inbound_course": 0.0,
            "turn_direction": "",
            "altitude": 5000,
            "altitude2": 0,
            "speed_limit": 0,
            "vertical_angle": 0.0,
            "center_fix": "",
            "rnp": 0.0
          },
          {
            "type": "APPROACH",
            "proc_ident": "ILS36",
            "transition": "",
            "seq": 5,
            "leg_type": "TF",
            "fix_ident": "WMKKN",
            "fix_lat": 3.245261111111111,
            "fix_lon": 101.7099,
            "recommended_navaid": "",
            "arc_radius": 0.0,
            "theta": 0.0,
            "rho": 0.0,
            "outbound_course": 0.0,
            "inbound_course": 0.0,
            "turn_direction": "",
            "altitude": 5000,
            "altitude2": 0,
            "speed_limit": 0,
            "vertical_angle": 0.0,
            "center_fix": "",
            "rnp": 0.0
          },
          {
            "type": "APPROACH",
            "proc_ident": "ILS36",
            "transition": "",
            "seq": 5,
            "leg_type": "TF",
            "fix_ident": "RPLLN",
            "fix_lat": 15.00826111111111,
            "fix_lon": 121.0195,
            "recommended_navaid": "",
            "arc_radius": 0.0,
            "theta": 0.0,
            "rho": 0.0,
            "outbound_course": 0.0,
            "inbound_course": 0.0,
            "turn_direction": "",
            "altitude": 5000,
            "altitude2": 0,
            "speed_limit": 0,
            "vertical_angle": 0.0,
            "center_fix": "",
            "rnp": 0.0
          },
          {
            "type": "APPROACH",
            "proc_ident": "ILS36",
            "transition": "",
            "seq": 5,
            "leg_type": "TF",
            "fix_ident": "VIDPN",
            "fix_lat": 29.055861111111113,
            "fix_lon": 77.1,
            "recommended_navaid": "",
            "arc_radius": 0.0,
            "theta": 0.0,
            "rho": 0.0,
            "outbound_course": 0.0,
            "inbound_course": 0.0,
            "turn_direction": "",
            "altitude": 5000,
            "altitude2": 0,
            "speed_limit": 0,
            "vertical_angle": 0.0,
            "center_fix": "",
            "rnp": 0.0
          },
          {
            "type": "APPROACH",
            "proc_ident": "ILS36",
            "transition": "",
            "seq": 5,
            "leg_type": "TF",
            "fix_ident": "VABBN",
            "fix_lat": 19.58926111111111,
            "fix_lon": 72.8656,
            "recommended_navaid": "",
            "arc_radius": 0.0,
            "theta": 0.0,
            "rho": 0.0,
            "outbound_course": 0.0,
            "inbound_course": 0.0,
            "turn_direction": "",
            "altitude": 5000,
            "altitude2": 0,
            "speed_limit": 0,
            "vertical_angle": 0.0,
            "center_fix": "",
            "rnp": 0.0
          },
          {
            "type": "APPROACH",
            "proc_ident": "ILS36",
            "transition": "",
            "seq": 5,
            "leg_type": "TF",
            "fix_ident": "OMDBN",
            "fix_lat": 25.752861111111113,
            "fix_lon": 55.365700000000004,
            "recommended_navaid": "",
            "arc_radius": 0.0,
            "theta": 0.0,
            "rho": 0.0,
            "outbound_course": 0.0,
            "inbound_course": 0.0,
            "turn_direction": "",
            "altitude": 5000,
            "altitude2": 0,
            "speed_limit": 0,
            "vertical_angle": 0.0,
            "center_fix": "",
            "rnp": 0.0
          },
          {
            "type": "APPROACH",
            "proc_ident": "ILS36",
            "transition": "",
            "seq": 5,
            "leg_type": "TF",
            "fix_ident": "OTHHN",
            "fix_lat": 25.77276111111111,
            "fix_lon": 51.608000000000004,
            "recommended_navaid": "",
            "arc_radius": 0.0,
            "theta": 0.0,
            "rho": 0.0,
            "outbound_course": 0.0,
            "inbound_course": 0.0,
            "turn_direction": "",
            "altitude": 5000,
            "altitude2": 0,
            "speed_limit": 0,
            "vertical_angle": 0.0,
            "center_fix": "",
            "rnp": 0.0
          },
          {
            "type": "APPROACH",
            "proc_ident": "ILS36",
            "transition": "",
            "seq": 5,
            "leg_type": "TF",
            "fix_ident": "OERKN",
            "fix_lat": 25.457361111111112,
            "fix_lon": 46.6992,
            "recommended_navaid": "",
            "arc_radius": 0.0,
            "theta": 0.0,
            "rho": 0.0,
            "outbound_course": 0.0,
            "inbound_course": 0.0,
            "turn_direction": "",
            "altitude": 5000,
            "altitude2": 0,
            "speed_limit": 0,
            "vertical_angle": 0.0,
            "center_fix": "",
            "rnp": 0.0
          },
          {
            "type": "APPROACH",
            "proc_ident": "ILS36",
            "transition": "",
            "seq": 5,
            "leg_type": "TF",
            "fix_ident": "EGLLN",
            "fix_lat": 51.969661111111115,
            "fix_lon": -0.45430000000000004,
            "recommended_navaid": "",
            "arc_radius": 0.0,
            "theta": 0.0,
            "rho": 0.0,
            "outbound_course": 0.0,
            "inbound_course": 0.0,
            "turn_direction": "",
            "altitude": 5000,
            "altitude2": 0,
            "speed_limit": 0,
            "vertical_angle": 0.0,
            "center_fix": "",
            "rnp": 0.0
          },
          {
            "type": "APPROACH",
            "proc_ident": "ILS36",
            "transition": "",
            "seq": 5,
            "leg_type": "TF",
            "fix_ident": "LFPGN",
            "fix_lat": 49.50936111111111,
            "fix_lon": 2.5479,
            "recommended_navaid": "",
            "arc_radius": 0.0,
            "theta": 0.0,
            "rho": 0.0,
            "outbound_course": 0.0,
            "inbound_course": 0.0,
            "turn_direction": "",
            "altitude": 5000,
            "altitude2": 0,
            "speed_limit": 0,
            "vertical_angle": 0.0,
            "center_fix": "",
            "rnp": 0.0
          },
          {
            "type": "APPROACH",
            "proc_ident": "ILS36",
            "transition": "",
            "seq": 5,
            "leg_type": "TF",
            "fix_ident": "EDDFN",
            "fix_lat": 50.53756111111111,
            "fix_lon": 8.5622,
            "recommended_navaid": "",
            "arc_radius": 0.0,
            "theta": 0.0,
            "rho": 0.0,
            "outbound_course": 0.0,
            "inbound_course": 0.0,
            "turn_direction": "",
            "altitude": 5000,
            "altitude2": 0,
            "speed_limit": 0,
            "vertical_angle": 0.0,
            "center_fix": "",
            "rnp": 0.0
          },
          {
            "type": "APPROACH",
            "proc_ident": "ILS36",
            "transition": "",
            "seq": 5,
            "leg_type": "TF",
            "fix_ident": "EHAMN",
            "fix_lat": 52.81016111111111,
            "fix_lon": 4.7683,
            "recommended_navaid": "",
            "arc_radius": 0.0,
            "theta": 0.0,
            "rho": 0.0,
            "outbound_course": 0.0,
            "inbound_course": 0.0,
            "turn_direction": "",
            "altitude": 5000,
            "altitude2": 0,
            "speed_limit": 0,
            "vertical_angle": 0.0,
            "center_fix": "",
            "rnp": 0.0
          },
          {
            "type": "APPROACH",
            "proc_ident": "ILS36",
            "transition": "",
            "seq": 5,
            "leg_type": "TF",
            "fix_ident": "UUEEN",
            "fix_lat": 56.472261111111116,
            "fix_lon": 37.4146,
            "recommended_navaid": "",
            "arc_radius": 0.0,
            "theta": 0.0,
            "rho": 0.0,
            "outbound_course": 0.0,
            "inbound_course": 0.0,
            "turn_direction": "",
            "altitude": 5000,
            "altitude2": 0,
            "speed_limit": 0,
            "vertical_angle": 0.0,
            "center_fix": "",
            "rnp": 0.0
          },
          {
            "type": "APPROACH",
            "proc_ident": "ILS36",
            "transition": "",
            "seq": 5,
            "leg_type": "TF",
            "fix_ident": "LIRFN",
            "fix_lat": 42.29996111111111,
            "fix_lon": 12.2389,
            "recommended_navaid": "",
            "arc_radius": 0.0,
            "theta": 0.0,
            "rho": 0.0,
            "outbound_course": 0.0,
            "inbound_course": 0.0,
            "turn_direction": "",
            "altitude": 5000,
            "altitude2": 0,
            "speed_limit": 0,
            "vertical_angle": 0.0,
            "center_fix": "",
            "rnp": 0.0
          },
          {
            "type": "APPROACH",
            "proc_ident": "ILS36",
            "transition": "",
            "seq": 5,
            "leg_type": "TF",
            "fix_ident": "LEMDN",
            "fix_lat": 40.971561111111114,
            "fix_lon": -3.5625999999999998,
            "recommended_navaid": "",
            "arc_radius": 0.0,
            "theta": 0.0,
            "rho": 0.0,
            "outbound_course": 0.0,
            "inbound_course": 0.0,
            "turn_direction": "",
            "altitude": 5000,
            "altitude2": 0,
            "speed_limit": 0,
            "vertical_angle": 0.0,
            "center_fix": "",
            "rnp": 0.0
          },
          {
            "type": "APPROACH",
            "proc_ident": "ILS36",
            "transition": "",
            "seq": 5,
            "leg_type": "TF",
            "fix_ident": "EDDMN",
            "fix_lat": 48.85336111111111,
            "fix_lon": 11.7861,
            "recommended_navaid": "",
            "arc_radius": 0.0,
            "theta": 0.0,
            "rho": 0.0,
            "outbound_course": 0.0,
            "inbound_course": 0.0,
            "turn_direction": "",
            "altitude": 5000,
            "altitude2": 0,
            "speed_limit": 0,
            "vertical_angle": 0.0,
            "center_fix": "",
            "rnp": 0.0
          },
          {
            "type": "APPROACH",
            "proc_ident": "ILS36",
            "transition": "",
            "seq": 5,
            "leg_type": "TF",
            "fix_ident": "EGKKN",
            "fix_lat": 51.64776111111111,
            "fix_lon": -0.1903,
            "recommended_navaid": "",
            "arc_radius": 0.0,
            "theta": 0.0,
            "rho": 0.0,
            "outbound_course": 0.0,
            "inbound_course": 0.0,
            "turn_direction": "",
            "altitude": 5000,
            "altitude2": 0,
            "speed_limit": 0,
            "vertical_angle": 0.0,
            "center_fix": "",
            "rnp": 0.0
          },
          {
            "type": "APPROACH",
            "proc_ident": "ILS36",
            "transition": "",
            "seq": 5,
            "leg_type": "TF",
            "fix_ident": "LFPON",
            "fix_lat": 49.22296111111111,
            "fix_lon": 2.3794,
            "recommended_navaid": "",
            "arc_radius": 0.0,
            "theta": 0.0,
            "rho": 0.0,
            "outbound_course": 0.0,
            "inbound_course": 0.0,
            "turn_direction": "",
            "altitude": 5000,
            "altitude2": 0,
            "speed_limit": 0,
            "vertical_angle": 0.0,
            "center_fix": "",
            "rnp": 0.0
          },
          {
            "type": "APPROACH",
            "proc_ident": "ILS36",
            "transition": "",
            "seq": 5,
            "leg_type": "TF",
            "fix_ident": "KJFKN",
            "fix_lat": 41.14096111111111,
            "fix_lon": -73.7781,
            "recommended_navaid": "",
            "arc_radius": 0.0,
            "theta": 0.0,
            "rho": 0.0,
            "outbound_course": 0.0,
            "inbound_course": 0.0,
            "turn_direction": "",
            "altitude": 5000,
            "altitude2": 0,
            "speed_limit": 0,
            "vertical_angle": 0.0,
            "center_fix": "",
            "rnp": 0.0
          },
          {
            "type": "APPROACH",
            "proc_ident": "ILS36",
            "transition": "",
            "seq": 5,
            "leg_type": "TF",
            "fix_ident": "KLAXN",
            "fix_lat": 34.44126111111111,
            "fix_lon": -118.4085,
            "recommended_navaid": "",
            "arc_radius": 0.0,
            "theta": 0.0,
            "rho": 0.0,
            "outbound_course": 0.0,
            "inbound_course": 0.0,
            "turn_direction": "",
            "altitude": 5000,
            "altitude2": 0,
            "speed_limit": 0,
            "vertical_angle": 0.0,
            "center_fix": "",
            "rnp": 0.0
          },
          {
            "type": "APPROACH",
            "proc_ident": "ILS36",
            "transition": "",
            "seq": 5,
            "leg_type": "TF",
            "fix_ident": "KORDN",
            "fix_lat": 42.47386111111111,
            "fix_lon": -87.9073,
            "recommended_navaid": "",
            "arc_radius": 0.0,
            "theta": 0.0,
            "rho": 0.0,
            "outbound_course": 0.0,
            "inbound_course": 0.0,
            "turn_direction": "",
            "altitude": 5000,
            "altitude2": 0,
            "speed_limit": 0,
            "vertical_angle": 0.0,
            "center_fix": "",
            "rnp": 0.0
          },
          {
            "type": "APPROACH",
            "proc_ident": "ILS36",
            "transition": "",
            "seq": 5,
            "leg_type": "TF",
            "fix_ident": "KSFON",
            "fix_lat": 38.120961111111114,
            "fix_lon": -122.37899999999999,
            "recommended_navaid": "",
            "arc_radius": 0.0,
            "theta": 0.0,
            "rho": 0.0,
            "outbound_course": 0.0,
            "inbound_course": 0.0,
            "turn_direction": "",
            "altitude": 5000,
            "altitude2": 0,
            "speed_limit": 0,
            "vertical_angle": 0.0,
            "center_fix": "",
            "rnp": 0.0
          },
          {
            "type": "APPROACH",
            "proc_ident": "ILS36",
            "transition": "",
            "seq": 5,
            "leg_type": "TF",
            "fix_ident": "KATLN",
            "fix_lat": 34.14036111111111,
            "fix_lon": -84.4277,
            "recommended_navaid": "",
            "arc_radius": 0.0,
            "theta": 0.0,
            "rho": 0.0,
            "outbound_course": 0.0,
            "inbound_course": 0.0,
            "turn_direction": "",
            "altitude": 5000,
            "altitude2": 0,
            "speed_limit": 0,
            "vertical_angle": 0.0,
            "center_fix": "",
            "rnp": 0.0
          },
          {
            "type": "APPROACH",
            "proc_ident": "ILS36",
            "transition": "",
            "seq": 5,
            "leg_type": "TF",
            "fix_ident": "KDFWN",
            "fix_lat": 33.39946111111111,
            "fix_lon": -97.0403,
            "recommended_navaid": "",
            "arc_radius": 0.0,
            "theta": 0.0,
            "rho": 0.0,
            "outbound_course": 0.0,
            "inbound_course": 0.0,
            "turn_direction": "",
            "altitude": 5000,
            "altitude2": 0,
            "speed_limit": 0,
            "vertical_angle": 0.0,
            "center_fix": "",
            "rnp": 0.0
          },
          {
            "type": "APPROACH",
            "proc_ident": "ILS36",
            "transition": "",
            "seq": 5,
            "leg_type": "TF",
            "fix_ident": "CYVRN",
            "fix_lat": 49.69436111111111,
            "fix_lon": -123.18390000000001,
            "recommended_navaid": "",
            "arc_radius": 0.0,
            "theta": 0.0,
            "rho": 0.0,
            "outbound_course": 0.0,
            "inbound_course": 0.0,
            "turn_direction": "",
            "altitude": 5000,
            "altitude2": 0,
            "speed_limit": 0,
            "vertical_angle": 0.0,
            "center_fix": "",
            "rnp": 0.0
          },
          {
            "type": "APPROACH",
            "proc_ident": "ILS36",
            "transition": "",
            "seq": 5,
            "leg_type": "TF",
            "fix_ident": "CYYZN",
            "fix_lat": 44.17736111111111,
            "fix_lon": -79.6248,
            "recommended_navaid": "",
            "arc_radius": 0.0,
            "theta": 0.0,
            "rho": 0.0,
            "outbound_course": 0.0,
            "inbound_course": 0.0,
            "turn_direction": "",
            "altitude": 5000,
            "altitude2": 0,
            "speed_limit": 0,
            "vertical_angle": 0.0,
            "center_fix": "",
            "rnp": 0.0
          },
          {
            "type": "APPROACH",
            "proc_ident": "ILS36",
            "transition": "",
            "seq": 5,
            "leg_type": "TF",
            "fix_ident": "YSSYN",
            "fix_lat": -33.446438888888885,
            "fix_lon": 151.1772,
            "recommended_navaid": "",
            "arc_radius": 0.0,
            "theta": 0.0,
            "rho": 0.0,
            "outbound_course": 0.0,
            "inbound_course": 0.0,
            "turn_direction": "",
            "altitude": 5000,
            "altitude2": 0,
            "speed_limit": 0,
            "vertical_angle": 0.0,
            "center_fix": "",
            "rnp": 0.0
          },
          {
            "type": "APPROACH",
            "proc_ident": "ILS36",
            "transition": "",
            "seq": 5,
            "leg_type": "TF",
            "fix_ident": "YMMLN",
            "fix_lat": -37.16933888888889,
            "fix_lon": 144.841,
            "recommended_navaid": "",
            "arc_radius": 0.0,
            "theta": 0.0,
            "rho": 0.0,
            "outbound_course": 0.0,
            "inbound_course": 0.0,
            "turn_direction": "",
            "altitude": 5000,
            "altitude2": 0,
            "speed_limit": 0,
            "vertical_angle": 0.0,
            "center_fix": "",
            "rnp": 0.0
          },
          {
            "type": "APPROACH",
            "proc_ident": "ILS36",
            "transition": "",
            "seq": 5,
            "leg_type": "TF",
            "fix_ident": "NZAAN",
            "fix_lat": -36.508538888888886,
            "fix_lon": 174.785,
            "recommended_navaid": "",
            "arc_radius": 0.0,
            "theta": 0.0,
            "rho": 0.0,
            "outbound_course": 0.0,
            "inbound_course": 0.0,
            "turn_direction": "",
            "altitude": 5000,
            "altitude2": 0,
            "speed_limit": 0,
            "vertical_angle": 0.0,
            "center_fix": "",
            "rnp": 0.0
          },
          {
            "type": "APPROACH",
            "proc_ident": "ILS36",
            "transition": "",
            "seq": 5,
            "leg_type": "TF",
            "fix_ident": "HECAN",
            "fix_lat": 30.621561111111113,
            "fix_lon": 31.4056,
            "recommended_navaid": "",
            "arc_radius": 0.0,
            "theta": 0.0,
            "rho": 0.0,
            "outbound_course": 0.0,
            "inbound_course": 0.0,
            "turn_direction": "",
            "altitude": 5000,
            "altitude2": 0,
            "speed_limit": 0,
            "vertical_angle": 0.0,
            "center_fix": "",
            "rnp": 0.0
          },
          {
            "type": "APPROACH",
            "proc_ident": "ILS36",
            "transition": "",
            "seq": 5,
            "leg_type": "TF",
            "fix_ident": "FAORN",
            "fix_lat": -25.63953888888889,
            "fix_lon": 28.246000000000002,
            "recommended_navaid": "",
            "arc_radius": 0.0,
            "theta": 0.0,
            "rho": 0.0,
            "outbound_course": 0.0,
            "inbound_course": 0.0,
            "turn_direction": "",
            "altitude": 5000,
            "altitude2": 0,
            "speed_limit": 0,
            "vertical_angle": 0.0,
            "center_fix": "",
            "rnp": 0.0
          },
          {
            "type": "APPROACH",
            "proc_ident": "ILS36",
            "transition": "",
            "seq": 5,
            "leg_type": "TF",
            "fix_ident": "HKJKN",
            "fix_lat": -0.8195388888888889,
            "fix_lon": 36.9278,
            "recommended_navaid": "",
            "arc_radius": 0.0,
            "theta": 0.0,
            "rho": 0.0,
            "outbound_course": 0.0,
            "inbound_course": 0.0,
            "turn_direction": "",
            "altitude": 5000,
            "altitude2": 0,
            "speed_limit": 0,
            "vertical_angle": 0.0,
            "center_fix": "",
            "rnp": 0.0
          },
          {
            "type": "APPROACH",
            "proc_ident": "ILS36",
            "transition": "",
            "seq": 5,
            "leg_type": "TF",
            "fix_ident": "SBGRN",
            "fix_lat": -22.935938888888888,
            "fix_lon": -46.4731,
            "recommended_navaid": "",
            "arc_radius": 0.0,
            "theta": 0.0,
            "rho": 0.0,
            "outbound_course": 0.0,
            "inbound_course": 0.0,
            "turn_direction": "",
            "altitude": 5000,
            "altitude2": 0,
            "speed_limit": 0,
            "vertical_angle": 0.0,
            "center_fix": "",
            "rnp": 0.0
          },
          {
            "type": "APPROACH",
            "proc_ident": "ILS36",
            "transition": "",
            "seq": 5,
            "leg_type": "TF",
            "fix_ident": "SAEZN",
            "fix_lat": -34.32253888888889,
            "fix_lon": -58.535799999999995,
            "recommended_navaid": "",
            "arc_radius": 0.0,
            "theta": 0.0,
            "rho": 0.0,
            "outbound_course": 0.0,
            "inbound_course": 0.0,
            "turn_direction": "",
            "altitude": 5000,
            "altitude2": 0,
            "speed_limit": 0,
            "vertical_angle": 0.0,
            "center_fix": "",
            "rnp": 0.0
          },
          {
            "type": "APPROACH",
            "proc_ident": "ILS36",
            "transition": "",
            "seq": 5,
            "leg_type": "TF",
            "fix_ident": "MMMXN",
            "fix_lat": 19.935761111111113,
            "fix_lon": -99.0719,
            "recommended_navaid": "",
            "arc_radius": 0.0,
            "theta": 0.0,
            "rho": 0.0,
            "outbound_course": 0.0,
            "inbound_course": 0.0,
            "turn_direction": "",
            "altitude": 5000,
            "altitude2": 0,
            "speed_limit": 0,
            "vertical_angle": 0.0,
            "center_fix": "",
            "rnp": 0.0
          }
        ]
      }
    },
    {
      "type": "Feature",
      "geometry": {
        "type": "LineString",
        "coordinates": [
          [
            121.8083,
            31.1443
          ],
          [
            121.8083,
            31.64396111111111
          ],
          [
            121.8083,
            31.344169444444443
          ]
        ]
      },
      "properties": {
        "class": "procedure",
        "type": "SID",
        "proc_ident": "ZSPD1",
        "transition": "ZSPD",
        "legs": [
          {
            "type": "SID",
            "proc_ident": "ZSPD1",
            "transition": "ZSPD",
            "seq": 1,
            "leg_type": "IF",
            "fix_ident": "ZSPD",
            "fix_lat": 31.1443,
            "fix_lon": 121.8083,
            "recommended_navaid": "",
            "arc_radius": 0.0,
            "theta": 0.0,
            "rho": 0.0,
            "outbound_course": 0.0,
            "inbound_course": 0.0,
            "turn_direction": "",
            "altitude": 13,
            "altitude2": 0,
            "speed_limit": 0,
            "vertical_angle": 0.0,
            "center_fix": "",
            "rnp": 0.0
          },
          {
            "type": "SID",
            "proc_ident": "ZSPD1",
            "transition": "ZSPD",
            "seq": 2,
            "leg_type": "CF",
            "fix_ident": "ZSPDN",
            "fix_lat": 31.64396111111111,
            "fix_lon": 121.8083,
            "recommended_navaid": "",
            "arc_radius": 0.0,
            "theta": 0.0,
            "rho": 0.0,
            "outbound_course": 0.0,
            "inbound_course": 0.0,
            "turn_direction": "",
            "altitude": 5000,
            "altitude2": 0,
            "speed_limit": 220,
            "vertical_angle": 0.0,
            "center_fix": "",
            "rnp": 0.0
          },
          {
            "type": "SID",
            "proc_ident": "ZSPD1",
            "transition": "ZSPD",
            "seq": 3,
            "leg_type": "TF",
            "fix_ident": "ZSPDI",
            "fix_lat": 31.344169444444443,
            "fix_lon": 121.8083,
            "recommended_navaid": "",
            "arc_radius": 0.0,
            "theta": 0.0,
            "rho": 0.0,
            "outbound_course": 0.0,
            "inbound_course": 0.0,
            "turn_direction": "",
            "altitude": 8000,
            "altitude2": 0,
            "speed_limit": 0,
            "vertical_angle": 0.0,
            "center_fix": "",
            "rnp": 0.0
          }
        ]
      }
    },
    {
      "type": "Feature",
      "geometry": {
        "type": "LineString",
        "coordinates": [
          [
            121.8083,
            31.64396111111111
          ],
          [
            121.8083,
            31.344169444444443
          ],
          [
            121.8083,
            31.244230555555557
          ],
          [
            121.8083,
            31.1443
          ]
        ]
      },
      "properties": {
        "class": "procedure",
        "type": "STAR",
        "proc_ident": "ZSPD1",
        "transition": "ZSPD",
        "legs": [
          {
            "type": "STAR",
            "proc_ident": "ZSPD1",
            "transition": "ZSPD",
            "seq": 1,
            "leg_type": "IF",
            "fix_ident": "ZSPDN",
            "fix_lat": 31.64396111111111,
            "fix_lon": 121.8083,
            "recommended_navaid": "",
            "arc_radius": 0.0,
            "theta": 0.0,
            "rho": 0.0,
            "outbound_course": 0.0,
            "inbound_course": 0.0,
            "turn_direction": "",
            "altitude": 12500,
            "altitude2": 0,
            "speed_limit": 0,
            "vertical_angle": 0.0,
            "center_fix": "",
            "rnp": 0.0
          },
          {
            "type": "STAR",
            "proc_ident": "ZSPD1",
            "transition": "ZSPD",
            "seq": 2,
            "leg_type": "TF",
            "fix_ident": "ZSPDI",
            "fix_lat": 31.344169444444443,
            "fix_lon": 121.8083,
            "recommended_navaid": "",
            "arc_radius": 0.0,
            "theta": 0.0,
            "rho": 0.0,
            "outbound_course": 180.0,
            "inbound_course": 0.0,
            "turn_direction": "0",
            "altitude": 10000,
            "altitude2": 0,
            "speed_limit": 0,
            "vertical_angle": 0.0,
            "center_fix": "",
            "rnp": 0.0
          },
          {
            "type": "STAR",
            "proc_ident": "ZSPD1",
            "transition": "ZSPD",
            "seq": 3,
            "leg_type": "CF",
            "fix_ident": "ZSPDF",
            "fix_lat": 31.244230555555557,
            "fix_lon": 121.8083,
            "recommended_navaid": "",
            "arc_radius": 0.0,
            "theta": 0.0,
            "rho": 0.0,
            "outbound_course": 180.0,
            "inbound_course": 0.0,
            "turn_direction": "0",
            "altitude": 6000,
            "altitude2": 0,
            "speed_limit": 250,
            "vertical_angle": 0.0,
            "center_fix": "",
            "rnp": 0.0
          },
          {
            "type": "STAR",
            "proc_ident": "ZSPD1",
            "transition": "ZSPD",
            "seq": 4,
            "leg_type": "TF",
            "fix_ident": "ZSPD",
            "fix_lat": 31.1443,
            "fix_lon": 121.8083,
            "recommended_navaid": "",
            "arc_radius": 0.0,
            "theta": 0.0,
            "rho": 0.0,
            "outbound_course": 180.0,
            "inbound_course": 0.0,
            "turn_direction": "0",
            "altitude": 4000,
            "altitude2": 0,
            "speed_limit": 220,
            "vertical_angle": 0.0,
            "center_fix": "",
            "rnp": 0.0
          }
        ]
      }
    },
    {
      "type": "Feature",
      "geometry": {
        "type": "LineString",
        "coordinates": [
          [
            113.2988,
            23.3924
          ],
          [
            113.2988,
            23.89206111111111
          ],
          [
            113.2988,
            23.592269444444444
          ]
        ]
      },
      "properties": {
        "class": "procedure",
        "type": "SID",
        "proc_ident": "ZGGG1",
        "transition": "ZGGG",
        "legs": [
          {
            "type": "SID",
            "proc_ident": "ZGGG1",
            "transition": "ZGGG",
            "seq": 1,
            "leg_type": "IF",
            "fix_ident": "ZGGG",
            "fix_lat": 23.3924,
            "fix_lon": 113.2988,
            "recommended_navaid": "",
            "arc_radius": 0.0,
            "theta": 0.0,
            "rho": 0.0,
            "outbound_course": 0.0,
            "inbound_course": 0.0,
            "turn_direction": "",
            "altitude": 36,
            "altitude2": 0,
            "speed_limit": 0,
            "vertical_angle": 0.0,
            "center_fix": "",
            "rnp": 0.0
          },
          {
            "type": "SID",
            "proc_ident": "ZGGG1",
            "transition": "ZGGG",
            "seq": 2,
            "leg_type": "CF",
            "fix_ident": "ZGGGN",
            "fix_lat": 23.89206111111111,
            "fix_lon": 113.2988,
            "recommended_navaid": "",
            "arc_radius": 0.0,
            "theta": 0.0,
            "rho": 0.0,
            "outbound_course": 0.0,
            "inbound_course": 0.0,
            "turn_direction": "",
            "altitude": 5000,
            "altitude2": 0,
            "speed_limit": 220,
            "vertical_angle": 0.0,
            "center_fix": "",
            "rnp": 0.0
          },
          {
            "type": "SID",
            "proc_ident": "ZGGG1",
            "transition": "ZGGG",
            "seq": 3,
            "leg_type": "TF",
            "fix_ident": "ZGGGI",
            "fix_lat": 23.592269444444444,
            "fix_lon": 113.2988,
            "recommended_navaid": "",
            "arc_radius": 0.0,
            "theta": 0.0,
            "rho": 0.0,
            "outbound_course": 0.0,
            "inbound_course": 0.0,
            "turn_direction": "",
            "altitude": 8000,
            "altitude2": 0,
            "speed_limit": 0,
            "vertical_angle": 0.0,
            "center_fix": "",
            "rnp": 0.0
          }
        ]
      }
    },
    {
      "type": "Feature",
      "geometry": {
        "type": "LineString",
        "coordinates": [
          [
            113.2988,
            23.89206111111111
          ],
          [
            113.2988,
            23.592269444444444
          ],
          [
            113.2988,
            23.492330555555558
          ],
          [
            113.2988,
            23.3924
          ]
        ]
      },
      "properties": {
        "class": "procedure",
        "type": "STAR",
        "proc_ident": "ZGGG1",
        "transition": "ZGGG",
        "legs": [
          {
            "type": "STAR",
            "proc_ident": "ZGGG1",
            "transition": "ZGGG",
            "seq": 1,
            "leg_type": "IF",
            "fix_ident": "ZGGGN",
            "fix_lat": 23.89206111111111,
            "fix_lon": 113.2988,
            "recommended_navaid": "",
            "arc_radius": 0.0,
            "theta": 0.0,
            "rho": 0.0,
            "outbound_course": 0.0,
            "inbound_course": 0.0,
            "turn_direction": "",
            "altitude": 12500,
            "altitude2": 0,
            "speed_limit": 0,
            "vertical_angle": 0.0,
            "center_fix": "",
            "rnp": 0.0
          },
          {
            "type": "STAR",
            "proc_ident": "ZGGG1",
            "transition": "ZGGG",
            "seq": 2,
            "leg_type": "TF",
            "fix_ident": "ZGGGI",
            "fix_lat": 23.592269444444444,
            "fix_lon": 113.2988,
            "recommended_navaid": "",
            "arc_radius": 0.0,
            "theta": 0.0,
            "rho": 0.0,
            "outbound_course": 180.0,
            "inbound_course": 0.0,
            "turn_direction": "0",
            "altitude": 10000,
            "altitude2": 0,
            "speed_limit": 0,
            "vertical_angle": 0.0,
            "center_fix": "",
            "rnp": 0.0
          },
          {
            "type": "STAR",
            "proc_ident": "ZGGG1",
            "transition": "ZGGG",
            "seq": 3,
            "leg_type": "CF",
            "fix_ident": "ZGGGF",
            "fix_lat": 23.492330555555558,
            "fix_lon": 113.2988,
            "recommended_navaid": "",
            "arc_radius": 0.0,
            "theta": 0.0,
            "rho": 0.0,
            "outbound_course": 180.0,
            "inbound_course": 0.0,
            "turn_direction": "0",
            "altitude": 6000,
            "altitude2": 0,
            "speed_limit": 250,
            "vertical_angle": 0.0,
            "center_fix": "",
            "rnp": 0.0
          },
          {
            "type": "STAR",
            "proc_ident": "ZGGG1",
            "transition": "ZGGG",
            "seq": 4,
            "leg_type": "TF",
            "fix_ident": "ZGGG",
            "fix_lat": 23.3924,
            "fix_lon": 113.2988,
            "recommended_navaid": "",
            "arc_radius": 0.0,
            "theta": 0.0,
            "rho": 0.0,
            "outbound_course": 180.0,
            "inbound_course": 0.0,
            "turn_direction": "0",
            "altitude": 4000,
            "altitude2": 0,
            "speed_limit": 220,
            "vertical_angle": 0.0,
            "center_fix": "",
            "rnp": 0.0
          }
        ]
      }
    },
    {
      "type": "Feature",
      "geometry": {
        "type": "LineString",
        "coordinates": [
          [
            103.947,
            30.5785
          ],
          [
            103.947,
            31.07816111111111
          ],
          [
            103.947,
            30.778369444444444
          ]
        ]
      },
      "properties": {
        "class": "procedure",
        "type": "SID",
        "proc_ident": "ZUUU1",
        "transition": "ZUUU",
        "legs": [
          {
            "type": "SID",
            "proc_ident": "ZUUU1",
            "transition": "ZUUU",
            "seq": 1,
            "leg_type": "IF",
            "fix_ident": "ZUUU",
            "fix_lat": 30.5785,
            "fix_lon": 103.947,
            "recommended_navaid": "",
            "arc_radius": 0.0,
            "theta": 0.0,
            "rho": 0.0,
            "outbound_course": 0.0,
            "inbound_course": 0.0,
            "turn_direction": "",
            "altitude": 1625,
            "altitude2": 0,
            "speed_limit": 0,
            "vertical_angle": 0.0,
            "center_fix": "",
            "rnp": 0.0
          },
          {
            "type": "SID",
            "proc_ident": "ZUUU1",
            "transition": "ZUUU",
            "seq": 2,
            "leg_type": "CF",
            "fix_ident": "ZUUUN",
            "fix_lat": 31.07816111111111,
            "fix_lon": 103.947,
            "recommended_navaid": "",
            "arc_radius": 0.0,
            "theta": 0.0,
            "rho": 0.0,
            "outbound_course": 0.0,
            "inbound_course": 0.0,
            "turn_direction": "",
            "altitude": 5000,
            "altitude2": 0,
            "speed_limit": 220,
            "vertical_angle": 0.0,
            "center_fix": "",
            "rnp": 0.0
          },
          {
            "type": "SID",
            "proc_ident": "ZUUU1",
            "transition": "ZUUU",
            "seq": 3,
            "leg_type": "TF",
            "fix_ident": "ZUUUI",
            "fix_lat": 30.778369444444444,
            "fix_lon": 103.947,
            "recommended_navaid": "",
            "arc_radius": 0.0,
            "theta": 0.0,
            "rho": 0.0,
            "outbound_course": 0.0,
            "inbound_course": 0.0,
            "turn_direction": "",
            "altitude": 8000,
            "altitude2": 0,
            "speed_limit": 0,
            "vertical_angle": 0.0,
            "center_fix": "",
            "rnp": 0.0
          }
        ]
      }
    },
    {
      "type": "Feature",
      "geometry": {
        "type": "LineString",
        "coordinates": [
          [
            103.947,
            31.07816111111111
          ],
          [
            103.947,
            30.778369444444444
          ],
          [
            103.947,
            30.678430555555558
          ],
          [
            103.947,
            30.5785
          ]
        ]
      },
      "properties": {
        "class": "procedure",
        "type": "STAR",
        "proc_ident": "ZUUU1",
        "transition": "ZUUU",
        "legs": [
          {
            "type": "STAR",
            "proc_ident": "ZUUU1",
            "transition": "ZUUU",
            "seq": 1,
            "leg_type": "IF",
            "fix_ident": "ZUUUN",
            "fix_lat": 31.07816111111111,
            "fix_lon": 103.947,
            "recommended_navaid": "",
            "arc_radius": 0.0,
            "theta": 0.0,
            "rho": 0.0,
            "outbound_course": 0.0,
            "inbound_course": 0.0,
            "turn_direction": "",
            "altitude": 12500,
            "altitude2": 0,
            "speed_limit": 0,
            "vertical_angle": 0.0,
            "center_fix": "",
            "rnp": 0.0
          },
          {
            "type": "STAR",
            "proc_ident": "ZUUU1",
            "transition": "ZUUU",
            "seq": 2,
            "leg_type": "TF",
            "fix_ident": "ZUUUI",
            "fix_lat": 30.778369444444444,
            "fix_lon": 103.947,
            "recommended_navaid": "",
            "arc_radius": 0.0,
            "theta": 0.0,
            "rho": 0.0,
            "outbound_course": 180.0,
            "inbound_course": 0.0,
            "turn_direction": "0",
            "altitude": 10000,
            "altitude2": 0,
            "speed_limit": 0,
            "vertical_angle": 0.0,
            "center_fix": "",
            "rnp": 0.0
          },
          {
            "type": "STAR",
            "proc_ident": "ZUUU1",
            "transition": "ZUUU",
            "seq": 3,
            "leg_type": "CF",
            "fix_ident": "ZUUUF",
            "fix_lat": 30.678430555555558,
            "fix_lon": 103.947,
            "recommended_navaid": "",
            "arc_radius": 0.0,
            "theta": 0.0,
            "rho": 0.0,
            "outbound_course": 180.0,
            "inbound_course": 0.0,
            "turn_direction": "0",
            "altitude": 6000,
            "altitude2": 0,
            "speed_limit": 250,
            "vertical_angle": 0.0,
            "center_fix": "",
            "rnp": 0.0
          },
          {
            "type": "STAR",
            "proc_ident": "ZUUU1",
            "transition": "ZUUU",
            "seq": 4,
            "leg_type": "TF",
            "fix_ident": "ZUUU",
            "fix_lat": 30.5785,
            "fix_lon": 103.947,
            "recommended_navaid": "",
            "arc_radius": 0.0,
            "theta": 0.0,
            "rho": 0.0,
            "outbound_course": 180.0,
            "inbound_course": 0.0,
            "turn_direction": "0",
            "altitude": 4000,
            "altitude2": 0,
            "speed_limit": 220,
            "vertical_angle": 0.0,
            "center_fix": "",
            "rnp": 0.0
          }
        ]
      }
    },
    {
      "type": "Feature",
      "geometry": {
        "type": "LineString",
        "coordinates": [
          [
            121.3363,
            31.1979
          ],
          [
            121.3363,
            31.69756111111111
          ],
          [
            121.3363,
            31.397769444444442
          ]
        ]
      },
      "properties": {
        "class": "procedure",
        "type": "SID",
        "proc_ident": "ZSSS1",
        "transition": "ZSSS",
        "legs": [
          {
            "type": "SID",
            "proc_ident": "ZSSS1",
            "transition": "ZSSS",
            "seq": 1,
            "leg_type": "IF",
            "fix_ident": "ZSSS",
            "fix_lat": 31.1979,
            "fix_lon": 121.3363,
            "recommended_navaid": "",
            "arc_radius": 0.0,
            "theta": 0.0,
            "rho": 0.0,
            "outbound_course": 0.0,
            "inbound_course": 0.0,
            "turn_direction": "",
            "altitude": 10,
            "altitude2": 0,
            "speed_limit": 0,
            "vertical_angle": 0.0,
            "center_fix": "",
            "rnp": 0.0
          },
          {
            "type": "SID",
            "proc_ident": "ZSSS1",
            "transition": "ZSSS",
            "seq": 2,
            "leg_type": "CF",
            "fix_ident": "ZSSSN",
            "fix_lat": 31.69756111111111,
            "fix_lon": 121.3363,
            "recommended_navaid": "",
            "arc_radius": 0.0,
            "theta": 0.0,
            "rho": 0.0,
            "outbound_course": 0.0,
            "inbound_course": 0.0,
            "turn_direction": "",
            "altitude": 5000,
            "altitude2": 0,
            "speed_limit": 220,
            "vertical_angle": 0.0,
            "center_fix": "",
            "rnp": 0.0
          },
          {
            "type": "SID",
            "proc_ident": "ZSSS1",
            "transition": "ZSSS",
            "seq": 3,
            "leg_type": "TF",
            "fix_ident": "ZSSSI",
            "fix_lat": 31.397769444444442,
            "fix_lon": 121.3363,
            "recommended_navaid": "",
            "arc_radius": 0.0,
            "theta": 0.0,
            "rho": 0.0,
            "outbound_course": 0.0,
            "inbound_course": 0.0,
            "turn_direction": "",
            "altitude": 8000,
            "altitude2": 0,
            "speed_limit": 0,
            "vertical_angle": 0.0,
            "center_fix": "",
            "rnp": 0.0
          }
        ]
      }
    },
    {
      "type": "Feature",
      "geometry": {
        "type": "LineString",
        "coordinates": [
          [
            121.3363,
            31.69756111111111
          ],
          [
            121.3363,
            31.397769444444442
          ],
          [
            121.3363,
            31.297830555555556
          ],
          [
            121.3363,
            31.1979
          ]
        ]
      },
      "properties": {
        "class": "procedure",
        "type": "STAR",
        "proc_ident": "ZSSS1",
        "transition": "ZSSS",
        "legs": [
          {
            "type": "STAR",
            "proc_ident": "ZSSS1",
            "transition": "ZSSS",
            "seq": 1,
            "leg_type": "IF",
            "fix_ident": "ZSSSN",
            "fix_lat": 31.69756111111111,
            "fix_lon": 121.3363,
            "recommended_navaid": "",
            "arc_radius": 0.0,
            "theta": 0.0,
            "rho": 0.0,
            "outbound_course": 0.0,
            "inbound_course": 0.0,
            "turn_direction": "",
            "altitude": 12500,
            "altitude2": 0,
            "speed_limit": 0,
            "vertical_angle": 0.0,
            "center_fix": "",
            "rnp": 0.0
          },
          {
            "type": "STAR",
            "proc_ident": "ZSSS1",
            "transition": "ZSSS",
            "seq": 2,
            "leg_type": "TF",
            "fix_ident": "ZSSSI",
            "fix_lat": 31.397769444444442,
            "fix_lon": 121.3363,
            "recommended_navaid": "",
            "arc_radius": 0.0,
            "theta": 0.0,
            "rho": 0.0,
            "outbound_course": 180.0,
            "inbound_course": 0.0,
            "turn_direction": "0",
            "altitude": 10000,
            "altitude2": 0,
            "speed_limit": 0,
            "vertical_angle": 0.0,
            "center_fix": "",
            "rnp": 0.0
          },
          {
            "type": "STAR",
            "proc_ident": "ZSSS1",
            "transition": "ZSSS",
            "seq": 3,
            "leg_type": "CF",
            "fix_ident": "ZSSSF",
            "fix_lat": 31.297830555555556,
            "fix_lon": 121.3363,
            "recommended_navaid": "",
            "arc_radius": 0.0,
            "theta": 0.0,
            "rho": 0.0,
            "outbound_course": 180.0,
            "inbound_course": 0.0,
            "turn_direction": "0",
            "altitude": 6000,
            "altitude2": 0,
            "speed_limit": 250,
            "vertical_angle": 0.0,
            "center_fix": "",
            "rnp": 0.0
          },
          {
            "type": "STAR",
            "proc_ident": "ZSSS1",
            "transition": "ZSSS",
            "seq": 4,
            "leg_type": "TF",
            "fix_ident": "ZSSS",
            "fix_lat": 31.1979,
            "fix_lon": 121.3363,
            "recommended_navaid": "",
            "arc_radius": 0.0,
            "theta": 0.0,
            "rho": 0.0,
            "outbound_course": 180.0,
            "inbound_course": 0.0,
            "turn_direction": "0",
            "altitude": 4000,
            "altitude2": 0,
            "speed_limit": 220,
            "vertical_angle": 0.0,
            "center_fix": "",
            "rnp": 0.0
          }
        ]
      }
    },
    {
      "type": "Feature",
      "geometry": {
        "type": "LineString",
        "coordinates": [
          [
            108.7516,
            34.4471
          ],
          [
            108.7516,
            34.94676111111111
          ],
          [
            108.7516,
            34.646969444444444
          ]
        ]
      },
      "properties": {
        "class": "procedure",
        "type": "SID",
        "proc_ident": "ZLXY1",
        "transition": "ZLXY",
        "legs": [
          {
            "type": "SID",
            "proc_ident": "ZLXY1",
            "transition": "ZLXY",
            "seq": 1,
            "leg_type": "IF",
            "fix_ident": "ZLXY",
            "fix_lat": 34.4471,
            "fix_lon": 108.7516,
            "recommended_navaid": "",
            "arc_radius": 0.0,
            "theta": 0.0,
            "rho": 0.0,
            "outbound_course": 0.0,
            "inbound_course": 0.0,
            "turn_direction": "",
            "altitude": 1572,
            "altitude2": 0,
            "speed_limit": 0,
            "vertical_angle": 0.0,
            "center_fix": "",
            "rnp": 0.0
          },
          {
            "type": "SID",
            "proc_ident": "ZLXY1",
            "transition": "ZLXY",
            "seq": 2,
            "leg_type": "CF",
            "fix_ident": "ZLXYN",
            "fix_lat": 34.94676111111111,
            "fix_lon": 108.7516,
            "recommended_navaid": "",
            "arc_radius": 0.0,
            "theta": 0.0,
            "rho": 0.0,
            "outbound_course": 0.0,
            "inbound_course": 0.0,
            "turn_direction": "",
            "altitude": 5000,
            "altitude2": 0,
            "speed_limit": 220,
            "vertical_angle": 0.0,
            "center_fix": "",
            "rnp": 0.0
          },
          {
            "type": "SID",
            "proc_ident": "ZLXY1",
            "transition": "ZLXY",
            "seq": 3,
            "leg_type": "TF",
            "fix_ident": "ZLXYI",
            "fix_lat": 34.646969444444444,
            "fix_lon": 108.7516,
            "recommended_navaid": "",
            "arc_radius": 0.0,
            "theta": 0.0,
            "rho": 0.0,
            "outbound_course": 0.0,
            "inbound_course": 0.0,
            "turn_direction": "",
            "altitude": 8000,
            "altitude2": 0,
            "speed_limit": 0,
            "vertical_angle": 0.0,
            "center_fix": "",
            "rnp": 0.0
          }
        ]
      }
    },
    {
      "type": "Feature",
      "geometry": {
        "type": "LineString",
        "coordinates": [
          [
            108.7516,
            34.94676111111111
          ],
          [
            108.7516,
            34.646969444444444
          ],
          [
            108.7516,
            34.54703055555555
          ],
          [
            108.7516,
            34.4471
          ]
        ]
      },
      "properties": {
        "class": "procedure",
        "type": "STAR",
        "proc_ident": "ZLXY1",
        "transition": "ZLXY",
        "legs": [
          {
            "type": "STAR",
            "proc_ident": "ZLXY1",
            "transition": "ZLXY",
            "seq": 1,
            "leg_type": "IF",
            "fix_ident": "ZLXYN",
            "fix_lat": 34.94676111111111,
            "fix_lon": 108.7516,
            "recommended_navaid": "",
            "arc_radius": 0.0,
            "theta": 0.0,
            "rho": 0.0,
            "outbound_course": 0.0,
            "inbound_course": 0.0,
            "turn_direction": "",
            "altitude": 12500,
            "altitude2": 0,
            "speed_limit": 0,
            "vertical_angle": 0.0,
            "center_fix": "",
            "rnp": 0.0
          },
          {
            "type": "STAR",
            "proc_ident": "ZLXY1",
            "transition": "ZLXY",
            "seq": 2,
            "leg_type": "TF",
            "fix_ident": "ZLXYI",
            "fix_lat": 34.646969444444444,
            "fix_lon": 108.7516,
            "recommended_navaid": "",
            "arc_radius": 0.0,
            "theta": 0.0,
            "rho": 0.0,
            "outbound_course": 180.0,
            "inbound_course": 0.0,
            "turn_direction": "0",
            "altitude": 10000,
            "altitude2": 0,
            "speed_limit": 0,
            "vertical_angle": 0.0,
            "center_fix": "",
            "rnp": 0.0
          },
          {
            "type": "STAR",
            "proc_ident": "ZLXY1",
            "transition": "ZLXY",
            "seq": 3,
            "leg_type": "CF",
            "fix_ident": "ZLXYF",
            "fix_lat": 34.54703055555555,
            "fix_lon": 108.7516,
            "recommended_navaid": "",
            "arc_radius": 0.0,
            "theta": 0.0,
            "rho": 0.0,
            "outbound_course": 180.0,
            "inbound_course": 0.0,
            "turn_direction": "0",
            "altitude": 6000,
            "altitude2": 0,
            "speed_limit": 250,
            "vertical_angle": 0.0,
            "center_fix": "",
            "rnp": 0.0
          },
          {
            "type": "STAR",
            "proc_ident": "ZLXY1",
            "transition": "ZLXY",
            "seq": 4,
            "leg_type": "TF",
            "fix_ident": "ZLXY",
            "fix_lat": 34.4471,
            "fix_lon": 108.7516,
            "recommended_navaid": "",
            "arc_radius": 0.0,
            "theta": 0.0,
            "rho": 0.0,
            "outbound_course": 180.0,
            "inbound_course": 0.0,
            "turn_direction": "0",
            "altitude": 4000,
            "altitude2": 0,
            "speed_limit": 220,
            "vertical_angle": 0.0,
            "center_fix": "",
            "rnp": 0.0
          }
        ]
      }
    },
    {
      "type": "Feature",
      "geometry": {
        "type": "LineString",
        "coordinates": [
          [
            139.77980000000002,
            35.5494
          ],
          [
            139.77980000000002,
            36.04906111111111
          ],
          [
            139.77980000000002,
            35.749269444444444
          ]
        ]
      },
      "properties": {
        "class": "procedure",
        "type": "SID",
        "proc_ident": "RJTT1",
        "transition": "RJTT",
        "legs": [
          {
            "type": "SID",
            "proc_ident": "RJTT1",
            "transition": "RJTT",
            "seq": 1,
            "leg_type": "IF",
            "fix_ident": "RJTT",
            "fix_lat": 35.5494,
            "fix_lon": 139.77980000000002,
            "recommended_navaid": "",
            "arc_radius": 0.0,
            "theta": 0.0,
            "rho": 0.0,
            "outbound_course": 0.0,
            "inbound_course": 0.0,
            "turn_direction": "",
            "altitude": 21,
            "altitude2": 0,
            "speed_limit": 0,
            "vertical_angle": 0.0,
            "center_fix": "",
            "rnp": 0.0
          },
          {
            "type": "SID",
            "proc_ident": "RJTT1",
            "transition": "RJTT",
            "seq": 2,
            "leg_type": "CF",
            "fix_ident": "RJTTN",
            "fix_lat": 36.04906111111111,
            "fix_lon": 139.77980000000002,
            "recommended_navaid": "",
            "arc_radius": 0.0,
            "theta": 0.0,
            "rho": 0.0,
            "outbound_course": 0.0,
            "inbound_course": 0.0,
            "turn_direction": "",
            "altitude": 5000,
            "altitude2": 0,
            "speed_limit": 220,
            "vertical_angle": 0.0,
            "center_fix": "",
            "rnp": 0.0
          },
          {
            "type": "SID",
            "proc_ident": "RJTT1",
            "transition": "RJTT",
            "seq": 3,
            "leg_type": "TF",
            "fix_ident": "RJTTI",
            "fix_lat": 35.749269444444444,
            "fix_lon": 139.77980000000002,
            "recommended_navaid": "",
            "arc_radius": 0.0,
            "theta": 0.0,
            "rho": 0.0,
            "outbound_course": 0.0,
            "inbound_course": 0.0,
            "turn_direction": "",
            "altitude": 8000,
            "altitude2": 0,
            "speed_limit": 0,
            "vertical_angle": 0.0,
            "center_fix": "",
            "rnp": 0.0
          }
        ]
      }
    },
    {
      "type": "Feature",
      "geometry": {
        "type": "LineString",
        "coordinates": [
          [
            139.77980000000002,
            36.04906111111111
          ],
          [
            139.77980000000002,
            35.749269444444444
          ],
          [
            139.77980000000002,
            35.64933055555556
          ],
          [
            139.77980000000002,
            35.5494
          ]
        ]
      },
      "properties": {
        "class": "procedure",
        "type": "STAR",
        "proc_ident": "RJTT1",
        "transition": "RJTT",
        "legs": [
          {
            "type": "STAR",
            "proc_ident": "RJTT1",
            "transition": "RJTT",
            "seq": 1,
            "leg_type": "IF",
            "fix_ident": "RJTTN",
            "fix_lat": 36.04906111111111,
            "fix_lon": 139.77980000000002,
            "recommended_navaid": "",
            "arc_radius": 0.0,
            "theta": 0.0,
            "rho": 0.0,
            "outbound_course": 0.0,
            "inbound_course": 0.0,
            "turn_direction": "",
            "altitude": 12500,
            "altitude2": 0,
            "speed_limit": 0,
            "vertical_angle": 0.0,
            "center_fix": "",
            "rnp": 0.0
          },
          {
            "type": "STAR",
            "proc_ident": "RJTT1",
            "transition": "RJTT",
            "seq": 2,
            "leg_type": "TF",
            "fix_ident": "RJTTI",
            "fix_lat": 35.749269444444444,
            "fix_lon": 139.77980000000002,
            "recommended_navaid": "",
            "arc_radius": 0.0,
            "theta": 0.0,
            "rho": 0.0,
            "outbound_course": 180.0,
            "inbound_course": 0.0,
            "turn_direction": "0",
            "altitude": 10000,
            "altitude2": 0,
            "speed_limit": 0,
            "vertical_angle": 0.0,
            "center_fix": "",
            "rnp": 0.0
          },
          {
            "type": "STAR",
            "proc_ident": "RJTT1",
            "transition": "RJTT",
            "seq": 3,
            "leg_type": "CF",
            "fix_ident": "RJTTF",
            "fix_lat": 35.64933055555556,
            "fix_lon": 139.77980000000002,
            "recommended_navaid": "",
            "arc_radius": 0.0,
            "theta": 0.0,
            "rho": 0.0,
            "outbound_course": 180.0,
            "inbound_course": 0.0,
            "turn_direction": "0",
            "altitude": 6000,
            "altitude2": 0,
            "speed_limit": 250,
            "vertical_angle": 0.0,
            "center_fix": "",
            "rnp": 0.0
          },
          {
            "type": "STAR",
            "proc_ident": "RJTT1",
            "transition": "RJTT",
            "seq": 4,
            "leg_type": "TF",
            "fix_ident": "RJTT",
            "fix_lat": 35.5494,
            "fix_lon": 139.77980000000002,
            "recommended_navaid": "",
            "arc_radius": 0.0,
            "theta": 0.0,
            "rho": 0.0,
            "outbound_course": 180.0,
            "inbound_course": 0.0,
            "turn_direction": "0",
            "altitude": 4000,
            "altitude2": 0,
            "speed_limit": 220,
            "vertical_angle": 0.0,
            "center_fix": "",
            "rnp": 0.0
          }
        ]
      }
    },
    {
      "type": "Feature",
      "geometry": {
        "type": "LineString",
        "coordinates": [
          [
            135.233,
            34.4347
          ],
          [
            135.233,
            34.93436111111111
          ],
          [
            135.233,
            34.634569444444445
          ]
        ]
      },
      "properties": {
        "class": "procedure",
        "type": "SID",
        "proc_ident": "RJBB1",
        "transition": "RJBB",
        "legs": [
          {
            "type": "SID",
            "proc_ident": "RJBB1",
            "transition": "RJBB",
            "seq": 1,
            "leg_type": "IF",
            "fix_ident": "RJBB",
            "fix_lat": 34.4347,
            "fix_lon": 135.233,
            "recommended_navaid": "",
            "arc_radius": 0.0,
            "theta": 0.0,
            "rho": 0.0,
            "outbound_course": 0.0,
            "inbound_course": 0.0,
            "turn_direction": "",
            "altitude": 26,
            "altitude2": 0,
            "speed_limit": 0,
            "vertical_angle": 0.0,
            "center_fix": "",
            "rnp": 0.0
          },
          {
            "type": "SID",
            "proc_ident": "RJBB1",
            "transition": "RJBB",
            "seq": 2,
            "leg_type": "CF",
            "fix_ident": "RJBBN",
            "fix_lat": 34.93436111111111,
            "fix_lon": 135.233,
            "recommended_navaid": "",
            "arc_radius": 0.0,
            "theta": 0.0,
            "rho": 0.0,
            "outbound_course": 0.0,
            "inbound_course": 0.0,
            "turn_direction": "",
            "altitude": 5000,
            "altitude2": 0,
            "speed_limit": 220,
            "vertical_angle": 0.0,
            "center_fix": "",
            "rnp": 0.0
          },
          {
            "type": "SID",
            "proc_ident": "RJBB1",
            "transition": "RJBB",
            "seq": 3,
            "leg_type": "TF",
            "fix_ident": "RJBBI",
            "fix_lat": 34.634569444444445,
            "fix_lon": 135.233,
            "recommended_navaid": "",
            "arc_radius": 0.0,
            "theta": 0.0,
            "rho": 0.0,
            "outbound_course": 0.0,
            "inbound_course": 0.0,
            "turn_direction": "",
            "altitude": 8000,
            "altitude2": 0,
            "speed_limit": 0,
            "vertical_angle": 0.0,
            "center_fix": "",
            "rnp": 0.0
          }
        ]
      }
    },
    {
      "type": "Feature",
      "geometry": {
        "type": "LineString",
        "coordinates": [
          [
            135.233,
            34.93436111111111
          ],
          [
            135.233,
            34.634569444444445
          ],
          [
            135.233,
            34.53463055555555
          ],
          [
            135.233,
            34.4347
          ]
        ]
      },
      "properties": {
        "class": "procedure",
        "type": "STAR",
        "proc_ident": "RJBB1",
        "transition": "RJBB",
        "legs": [
          {
            "type": "STAR",
            "proc_ident": "RJBB1",
            "transition": "RJBB",
            "seq": 1,
            "leg_type": "IF",
            "fix_ident": "RJBBN",
            "fix_lat": 34.93436111111111,
            "fix_lon": 135.233,
            "recommended_navaid": "",
            "arc_radius": 0.0,
            "theta": 0.0,
            "rho": 0.0,
            "outbound_course": 0.0,
            "inbound_course": 0.0,
            "turn_direction": "",
            "altitude": 12500,
            "altitude2": 0,
            "speed_limit": 0,
            "vertical_angle": 0.0,
            "center_fix": "",
            "rnp": 0.0
          },
          {
            "type": "STAR",
            "proc_ident": "RJBB1",
            "transition": "RJBB",
            "seq": 2,
            "leg_type": "TF",
            "fix_ident": "RJBBI",
            "fix_lat": 34.634569444444445,
            "fix_lon": 135.233,
            "recommended_navaid": "",
            "arc_radius": 0.0,
            "theta": 0.0,
            "rho": 0.0,
            "outbound_course": 180.0,
            "inbound_course": 0.0,
            "turn_direction": "0",
            "altitude": 10000,
            "altitude2": 0,
            "speed_limit": 0,
            "vertical_angle": 0.0,
            "center_fix": "",
            "rnp": 0.0
          },
          {
            "type": "STAR",
            "proc_ident": "RJBB1",
            "transition": "RJBB",
            "seq": 3,
            "leg_type": "CF",
            "fix_ident": "RJBBF",
            "fix_lat": 34.53463055555555,
            "fix_lon": 135.233,
            "recommended_navaid": "",
            "arc_radius": 0.0,
            "theta": 0.0,
            "rho": 0.0,
            "outbound_course": 180.0,
            "inbound_course": 0.0,
            "turn_direction": "0",
            "altitude": 6000,
            "altitude2": 0,
            "speed_limit": 250,
            "vertical_angle": 0.0,
            "center_fix": "",
            "rnp": 0.0
          },
          {
            "type": "STAR",
            "proc_ident": "RJBB1",
            "transition": "RJBB",
            "seq": 4,
            "leg_type": "TF",
            "fix_ident": "RJBB",
            "fix_lat": 34.4347,
            "fix_lon": 135.233,
            "recommended_navaid": "",
            "arc_radius": 0.0,
            "theta": 0.0,
            "rho": 0.0,
            "outbound_course": 180.0,
            "inbound_course": 0.0,
            "turn_direction": "0",
            "altitude": 4000,
            "altitude2": 0,
            "speed_limit": 220,
            "vertical_angle": 0.0,
            "center_fix": "",
            "rnp": 0.0
          }
        ]
      }
    },
    {
      "type": "Feature",
      "geometry": {
        "type": "LineString",
        "coordinates": [
          [
            126.4407,
            37.4602
          ],
          [
            126.4407,
            37.95986111111112
          ],
          [
            126.4407,
            37.660069444444446
          ]
        ]
      },
      "properties": {
        "class": "procedure",
        "type": "SID",
        "proc_ident": "RKSI1",
        "transition": "RKSI",
        "legs": [
          {
            "type": "SID",
            "proc_ident": "RKSI1",
            "transition": "RKSI",
            "seq": 1,
            "leg_type": "IF",
            "fix_ident": "RKSI",
            "fix_lat": 37.4602,
            "fix_lon": 126.4407,
            "recommended_navaid": "",
            "arc_radius": 0.0,
            "theta": 0.0,
            "rho": 0.0,
            "outbound_course": 0.0,
            "inbound_course": 0.0,
            "turn_direction": "",
            "altitude": 23,
            "altitude2": 0,
            "speed_limit": 0,
            "vertical_angle": 0.0,
            "center_fix": "",
            "rnp": 0.0
          },
          {
            "type": "SID",
            "proc_ident": "RKSI1",
            "transition": "RKSI",
            "seq": 2,
            "leg_type": "CF",
            "fix_ident": "RKSIN",
            "fix_lat": 37.95986111111112,
            "fix_lon": 126.4407,
            "recommended_navaid": "",
            "arc_radius": 0.0,
            "theta": 0.0,
            "rho": 0.0,
            "outbound_course": 0.0,
            "inbound_course": 0.0,
            "turn_direction": "",
            "altitude": 5000,
            "altitude2": 0,
            "speed_limit": 220,
            "vertical_angle": 0.0,
            "center_fix": "",
            "rnp": 0.0
          },
          {
            "type": "SID",
            "proc_ident": "RKSI1",
            "transition": "RKSI",
            "seq": 3,
            "leg_type": "TF",
            "fix_ident": "RKSII",
            "fix_lat": 37.660069444444446,
            "fix_lon": 126.4407,
            "recommended_navaid": "",
            "arc_radius": 0.0,
            "theta": 0.0,
            "rho": 0.0,
            "outbound_course": 0.0,
            "inbound_course": 0.0,
            "turn_direction": "",
            "altitude": 8000,
            "altitude2": 0,
            "speed_limit": 0,
            "vertical_angle": 0.0,
            "center_fix": "",
            "rnp": 0.0
          }
        ]
      }
    },
    {
      "type": "Feature",
      "geometry": {
        "type": "LineString",
        "coordinates": [
          [
            126.4407,
            37.95986111111112
          ],
          [
            126.4407,
            37.660069444444446
          ],
          [
            126.4407,
            37.56013055555555
          ],
          [
            126.4407,
            37.4602
          ]
        ]
      },
      "properties": {
        "class": "procedure",
        "type": "STAR",
        "proc_ident": "RKSI1",
        "transition": "RKSI",
        "legs": [
          {
            "type": "STAR",
            "proc_ident": "RKSI1",
            "transition": "RKSI",
            "seq": 1,
            "leg_type": "IF",
            "fix_ident": "RKSIN",
            "fix_lat": 37.95986111111112,
            "fix_lon": 126.4407,
            "recommended_navaid": "",
            "arc_radius": 0.0,
            "theta": 0.0,
            "rho": 0.0,
            "outbound_course": 0.0,
            "inbound_course": 0.0,
            "turn_direction": "",
            "altitude": 12500,
            "altitude2": 0,
            "speed_limit": 0,
            "vertical_angle": 0.0,
            "center_fix": "",
            "rnp": 0.0
          },
          {
            "type": "STAR",
            "proc_ident": "RKSI1",
            "transition": "RKSI",
            "seq": 2,
            "leg_type": "TF",
            "fix_ident": "RKSII",
            "fix_lat": 37.660069444444446,
            "fix_lon": 126.4407,
            "recommended_navaid": "",
            "arc_radius": 0.0,
            "theta": 0.0,
            "rho": 0.0,
            "outbound_course": 180.0,
            "inbound_course": 0.0,
            "turn_direction": "0",
            "altitude": 10000,
            "altitude2": 0,
            "speed_limit": 0,
            "vertical_angle": 0.0,
            "center_fix": "",
            "rnp": 0.0
          },
          {
            "type": "STAR",
            "proc_ident": "RKSI1",
            "transition": "RKSI",
            "seq": 3,
            "leg_type": "CF",
            "fix_ident": "RKSIF",
            "fix_lat": 37.56013055555555,
            "fix_lon": 126.4407,
            "recommended_navaid": "",
            "arc_radius": 0.0,
            "theta": 0.0,
            "rho": 0.0,
            "outbound_course": 180.0,
            "inbound_course": 0.0,
            "turn_direction": "0",
            "altitude": 6000,
            "altitude2": 0,
            "speed_limit": 250,
            "vertical_angle": 0.0,
            "center_fix": "",
            "rnp": 0.0
          },
          {
            "type": "STAR",
            "proc_ident": "RKSI1",
            "transition": "RKSI",
            "seq": 4,
            "leg_type": "TF",
            "fix_ident": "RKSI",
            "fix_lat": 37.4602,
            "fix_lon": 126.4407,
            "recommended_navaid": "",
            "arc_radius": 0.0,
            "theta": 0.0,
            "rho": 0.0,
            "outbound_course": 180.0,
            "inbound_course": 0.0,
            "turn_direction": "0",
            "altitude": 4000,
            "altitude2": 0,
            "speed_limit": 220,
            "vertical_angle": 0.0,
            "center_fix": "",
            "rnp": 0.0
          }
        ]
      }
    },
    {
      "type": "Feature",
      "geometry": {
        "type": "LineString",
        "coordinates": [
          [
            113.91850000000001,
            22.308
          ],
          [
            113.91850000000001,
            22.807661111111113
          ],
          [
            113.91850000000001,
            22.507869444444445
          ]
        ]
      },
      "properties": {
        "class": "procedure",
        "type": "SID",
        "proc_ident": "VHHH1",
        "transition": "VHHH",
        "legs": [
          {
            "type": "SID",
            "proc_ident": "VHHH1",
            "transition": "VHHH",
            "seq": 1,
            "leg_type": "IF",
            "fix_ident": "VHHH",
            "fix_lat": 22.308,
            "fix_lon": 113.91850000000001,
            "recommended_navaid": "",
            "arc_radius": 0.0,
            "theta": 0.0,
            "rho": 0.0,
            "outbound_course": 0.0,
            "inbound_course": 0.0,
            "turn_direction": "",
            "altitude": 28,
            "altitude2": 0,
            "speed_limit": 0,
            "vertical_angle": 0.0,
            "center_fix": "",
            "rnp": 0.0
          },
          {
            "type": "SID",
            "proc_ident": "VHHH1",
            "transition": "VHHH",
            "seq": 2,
            "leg_type": "CF",
            "fix_ident": "VHHHN",
            "fix_lat": 22.807661111111113,
            "fix_lon": 113.91850000000001,
            "recommended_navaid": "",
            "arc_radius": 0.0,
            "theta": 0.0,
            "rho": 0.0,
            "outbound_course": 0.0,
            "inbound_course": 0.0,
            "turn_direction": "",
            "altitude": 5000,
            "altitude2": 0,
            "speed_limit": 220,
            "vertical_angle": 0.0,
            "center_fix": "",
            "rnp": 0.0
          },
          {
            "type": "SID",
            "proc_ident": "VHHH1",
            "transition": "VHHH",
            "seq": 3,
            "leg_type": "TF",
            "fix_ident": "VHHHI",
            "fix_lat": 22.507869444444445,
            "fix_lon": 113.91850000000001,
            "recommended_navaid": "",
            "arc_radius": 0.0,
            "theta": 0.0,
            "rho": 0.0,
            "outbound_course": 0.0,
            "inbound_course": 0.0,
            "turn_direction": "",
            "altitude": 8000,
            "altitude2": 0,
            "speed_limit": 0,
            "vertical_angle": 0.0,
            "center_fix": "",
            "rnp": 0.0
          }
        ]
      }
    },
    {
      "type": "Feature",
      "geometry": {
        "type": "LineString",
        "coordinates": [
          [
            113.91850000000001,
            22.807661111111113
          ],
          [
            113.91850000000001,
            22.507869444444445
          ],
          [
            113.91850000000001,
            22.407930555555556
          ],
          [
            113.91850000000001,
            22.308
          ]
        ]
      },
      "properties": {
        "class": "procedure",
        "type": "STAR",
        "proc_ident": "VHHH1",
        "transition": "VHHH",
        "legs": [
          {
            "type": "STAR",
            "proc_ident": "VHHH1",
            "transition": "VHHH",
            "seq": 1,
            "leg_type": "IF",
            "fix_ident": "VHHHN",
            "fix_lat": 22.807661111111113,
            "fix_lon": 113.91850000000001,
            "recommended_navaid": "",
            "arc_radius": 0.0,
            "theta": 0.0,
            "rho": 0.0,
            "outbound_course": 0.0,
            "inbound_course": 0.0,
            "turn_direction": "",
            "altitude": 12500,
            "altitude2": 0,
            "speed_limit": 0,
            "vertical_angle": 0.0,
            "center_fix": "",
            "rnp": 0.0
          },
          {
            "type": "STAR",
            "proc_ident": "VHHH1",
            "transition": "VHHH",
            "seq": 2,
            "leg_type": "TF",
            "fix_ident": "VHHHI",
            "fix_lat": 22.507869444444445,
            "fix_lon": 113.91850000000001,
            "recommended_navaid": "",
            "arc_radius": 0.0,
            "theta": 0.0,
            "rho": 0.0,
            "outbound_course": 180.0,
            "inbound_course": 0.0,
            "turn_direction": "0",
            "altitude": 10000,
            "altitude2": 0,
            "speed_limit": 0,
            "vertical_angle": 0.0,
            "center_fix": "",
            "rnp": 0.0
          },
          {
            "type": "STAR",
            "proc_ident": "VHHH1",
            "transition": "VHHH",
            "seq": 3,
            "leg_type": "CF",
            "fix_ident": "VHHHF",
            "fix_lat": 22.407930555555556,
            "fix_lon": 113.91850000000001,
            "recommended_navaid": "",
            "arc_radius": 0.0,
            "theta": 0.0,
            "rho": 0.0,
            "outbound_course": 180.0,
            "inbound_course": 0.0,
            "turn_direction": "0",
            "altitude": 6000,
            "altitude2": 0,
            "speed_limit": 250,
            "vertical_angle": 0.0,
            "center_fix": "",
            "rnp": 0.0
          },
          {
            "type": "STAR",
            "proc_ident": "VHHH1",
            "transition": "VHHH",
            "seq": 4,
            "leg_type": "TF",
            "fix_ident": "VHHH",
            "fix_lat": 22.308,
            "fix_lon": 113.91850000000001,
            "recommended_navaid": "",
            "arc_radius": 0.0,
            "theta": 0.0,
            "rho": 0.0,
            "outbound_course": 180.0,
            "inbound_course": 0.0,
            "turn_direction": "0",
            "altitude": 4000,
            "altitude2": 0,
            "speed_limit": 220,
            "vertical_angle": 0.0,
            "center_fix": "",
            "rnp": 0.0
          }
        ]
      }
    },
    {
      "type": "Feature",
      "geometry": {
        "type": "LineString",
        "coordinates": [
          [
            103.9915,
            1.3644
          ],
          [
            103.9915,
            1.8640611111111112
          ],
          [
            103.9915,
            1.5642694444444445
          ]
        ]
      },
      "properties": {
        "class": "procedure",
        "type": "SID",
        "proc_ident": "WSSS1",
        "transition": "WSSS",
        "legs": [
          {
            "type": "SID",
            "proc_ident": "WSSS1",
            "transition": "WSSS",
            "seq": 1,
            "leg_type": "IF",
            "fix_ident": "WSSS",
            "fix_lat": 1.3644,
            "fix_lon": 103.9915,
            "recommended_navaid": "",
            "arc_radius": 0.0,
            "theta": 0.0,
            "rho": 0.0,
            "outbound_course": 0.0,
            "inbound_course": 0.0,
            "turn_direction": "",
            "altitude": 22,
            "altitude2": 0,
            "speed_limit": 0,
            "vertical_angle": 0.0,
            "center_fix": "",
            "rnp": 0.0
          },
          {
            "type": "SID",
            "proc_ident": "WSSS1",
            "transition": "WSSS",
            "seq": 2,
            "leg_type": "CF",
            "fix_ident": "WSSSN",
            "fix_lat": 1.8640611111111112,
            "fix_lon": 103.9915,
            "recommended_navaid": "",
            "arc_radius": 0.0,
            "theta": 0.0,
            "rho": 0.0,
            "outbound_course": 0.0,
            "inbound_course": 0.0,
            "turn_direction": "",
            "altitude": 5000,
            "altitude2": 0,
            "speed_limit": 220,
            "vertical_angle": 0.0,
            "center_fix": "",
            "rnp": 0.0
          },
          {
            "type": "SID",
            "proc_ident": "WSSS1",
            "transition": "WSSS",
            "seq": 3,
            "leg_type": "TF",
            "fix_ident": "WSSSI",
            "fix_lat": 1.5642694444444445,
            "fix_lon": 103.9915,
            "recommended_navaid": "",
            "arc_radius": 0.0,
            "theta": 0.0,
            "rho": 0.0,
            "outbound_course": 0.0,
            "inbound_course": 0.0,
            "turn_direction": "",
            "altitude": 8000,
            "altitude2": 0,
            "speed_limit": 0,
            "vertical_angle": 0.0,
            "center_fix": "",
            "rnp": 0.0
          }
        ]
      }
    },
    {
      "type": "Feature",
      "geometry": {
        "type": "LineString",
        "coordinates": [
          [
            103.9915,
            1.8640611111111112
          ],
          [
            103.9915,
            1.5642694444444445
          ],
          [
            103.9915,
            1.4643305555555555
          ],
          [
            103.9915,
            1.3644
          ]
        ]
      },
      "properties": {
        "class": "procedure",
        "type": "STAR",
        "proc_ident": "WSSS1",
        "transition": "WSSS",
        "legs": [
          {
            "type": "STAR",
            "proc_ident": "WSSS1",
            "transition": "WSSS",
            "seq": 1,
            "leg_type": "IF",
            "fix_ident": "WSSSN",
            "fix_lat": 1.8640611111111112,
            "fix_lon": 103.9915,
            "recommended_navaid": "",
            "arc_radius": 0.0,
            "theta": 0.0,
            "rho": 0.0,
            "outbound_course": 0.0,
            "inbound_course": 0.0,
            "turn_direction": "",
            "altitude": 12500,
            "altitude2": 0,
            "speed_limit": 0,
            "vertical_angle": 0.0,
            "center_fix": "",
            "rnp": 0.0
          },
          {
            "type": "STAR",
            "proc_ident": "WSSS1",
            "transition": "WSSS",
            "seq": 2,
            "leg_type": "TF",
            "fix_ident": "WSSSI",
            "fix_lat": 1.5642694444444445,
            "fix_lon": 103.9915,
            "recommended_navaid": "",
            "arc_radius": 0.0,
            "theta": 0.0,
            "rho": 0.0,
            "outbound_course": 180.0,
            "inbound_course": 0.0,
            "turn_direction": "0",
            "altitude": 10000,
            "altitude2": 0,
            "speed_limit": 0,
            "vertical_angle": 0.0,
            "center_fix": "",
            "rnp": 0.0
          },
          {
            "type": "STAR",
            "proc_ident": "WSSS1",
            "transition": "WSSS",
            "seq": 3,
            "leg_type": "CF",
            "fix_ident": "WSSSF",
            "fix_lat": 1.4643305555555555,
            "fix_lon": 103.9915,
            "recommended_navaid": "",
            "arc_radius": 0.0,
            "theta": 0.0,
            "rho": 0.0,
            "outbound_course": 180.0,
            "inbound_course": 0.0,
            "turn_direction": "0",
            "altitude": 6000,
            "altitude2": 0,
            "speed_limit": 250,
            "vertical_angle": 0.0,
            "center_fix": "",
            "rnp": 0.0
          },
          {
            "type": "STAR",
            "proc_ident": "WSSS1",
            "transition": "WSSS",
            "seq": 4,
            "leg_type": "TF",
            "fix_ident": "WSSS",
            "fix_lat": 1.3644,
            "fix_lon": 103.9915,
            "recommended_navaid": "",
            "arc_radius": 0.0,
            "theta": 0.0,
            "rho": 0.0,
            "outbound_course": 180.0,
            "inbound_course": 0.0,
            "turn_direction": "0",
            "altitude": 4000,
            "altitude2": 0,
            "speed_limit": 220,
            "vertical_angle": 0.0,
            "center_fix": "",
            "rnp": 0.0
          }
        ]
      }
    },
    {
      "type": "Feature",
      "geometry": {
        "type": "LineString",
        "coordinates": [
          [
            100.7501,
            13.69
          ],
          [
            100.7501,
            14.18966111111111
          ],
          [
            100.7501,
            13.889869444444445
          ]
        ]
      },
      "properties": {
        "class": "procedure",
        "type": "SID",
        "proc_ident": "VTBS1",
        "transition": "VTBS",
        "legs": [
          {
            "type": "SID",
            "proc_ident": "VTBS1",
            "transition": "VTBS",
            "seq": 1,
            "leg_type": "IF",
            "fix_ident": "VTBS",
            "fix_lat": 13.69,
            "fix_lon": 100.7501,
            "recommended_navaid": "",
            "arc_radius": 0.0,
            "theta": 0.0,
            "rho": 0.0,
            "outbound_course": 0.0,
            "inbound_course": 0.0,
            "turn_direction": "",
            "altitude": 5,
            "altitude2": 0,
            "speed_limit": 0,
            "vertical_angle": 0.0,
            "center_fix": "",
            "rnp": 0.0
          },
          {
            "type": "SID",
            "proc_ident": "VTBS1",
            "transition": "VTBS",
            "seq": 2,
            "leg_type": "CF",
            "fix_ident": "VTBSN",
            "fix_lat": 14.18966111111111,
            "fix_lon": 100.7501,
            "recommended_navaid": "",
            "arc_radius": 0.0,
            "theta": 0.0,
            "rho": 0.0,
            "outbound_course": 0.0,
            "inbound_course": 0.0,
            "turn_direction": "",
            "altitude": 5000,
            "altitude2": 0,
            "speed_limit": 220,
            "vertical_angle": 0.0,
            "center_fix": "",
            "rnp": 0.0
          },
          {
            "type": "SID",
            "proc_ident": "VTBS1",
            "transition": "VTBS",
            "seq": 3,
            "leg_type": "TF",
            "fix_ident": "VTBSI",
            "fix_lat": 13.889869444444445,
            "fix_lon": 100.7501,
            "recommended_navaid": "",
            "arc_radius": 0.0,
            "theta": 0.0,
            "rho": 0.0,
            "outbound_course": 0.0,
            "inbound_course": 0.0,
            "turn_direction": "",
            "altitude": 8000,
            "altitude2": 0,
            "speed_limit": 0,
            "vertical_angle": 0.0,
            "center_fix": "",
            "rnp": 0.0
          }
        ]
      }
    },
    {
      "type": "Feature",
      "geometry": {
        "type": "LineString",
        "coordinates": [
          [
            100.7501,
            14.18966111111111
          ],
          [
            100.7501,
            13.889869444444445
          ],
          [
            100.7501,
            13.789930555555555
          ],
          [
            100.7501,
            13.69
          ]
        ]
      },
      "properties": {
        "class": "procedure",
        "type": "STAR",
        "proc_ident": "VTBS1",
        "transition": "VTBS",
        "legs": [
          {
            "type": "STAR",
            "proc_ident": "VTBS1",
            "transition": "VTBS",
            "seq": 1,
            "leg_type": "IF",
            "fix_ident": "VTBSN",
            "fix_lat": 14.18966111111111,
            "fix_lon": 100.7501,
            "recommended_navaid": "",
            "arc_radius": 0.0,
            "theta": 0.0,
            "rho": 0.0,
            "outbound_course": 0.0,
            "inbound_course": 0.0,
            "turn_direction": "",
            "altitude": 12500,
            "altitude2": 0,
            "speed_limit": 0,
            "vertical_angle": 0.0,
            "center_fix": "",
            "rnp": 0.0
          },
          {
            "type": "STAR",
            "proc_ident": "VTBS1",
            "transition": "VTBS",
            "seq": 2,
            "leg_type": "TF",
            "fix_ident": "VTBSI",
            "fix_lat": 13.889869444444445,
            "fix_lon": 100.7501,
            "recommended_navaid": "",
            "arc_radius": 0.0,
            "theta": 0.0,
            "rho": 0.0,
            "outbound_course": 180.0,
            "inbound_course": 0.0,
            "turn_direction": "0",
            "altitude": 10000,
            "altitude2": 0,
            "speed_limit": 0,
            "vertical_angle": 0.0,
            "center_fix": "",
            "rnp": 0.0
          },
          {
            "type": "STAR",
            "proc_ident": "VTBS1",
            "transition": "VTBS",
            "seq": 3,
            "leg_type": "CF",
            "fix_ident": "VTBSF",
            "fix_lat": 13.789930555555555,
            "fix_lon": 100.7501,
            "recommended_navaid": "",
            "arc_radius": 0.0,
            "theta": 0.0,
            "rho": 0.0,
            "outbound_course": 180.0,
            "inbound_course": 0.0,
            "turn_direction": "0",
            "altitude": 6000,
            "altitude2": 0,
            "speed_limit": 250,
            "vertical_angle": 0.0,
            "center_fix": "",
            "rnp": 0.0
          },
          {
            "type": "STAR",
            "proc_ident": "VTBS1",
            "transition": "VTBS",
            "seq": 4,
            "leg_type": "TF",
            "fix_ident": "VTBS",
            "fix_lat": 13.69,
            "fix_lon": 100.7501,
            "recommended_navaid": "",
            "arc_radius": 0.0,
            "theta": 0.0,
            "rho": 0.0,
            "outbound_course": 180.0,
            "inbound_course": 0.0,
            "turn_direction": "0",
            "altitude": 4000,
            "altitude2": 0,
            "speed_limit": 220,
            "vertical_angle": 0.0,
            "center_fix": "",
            "rnp": 0.0
          }
        ]
      }
    },
    {
      "type": "Feature",
      "geometry": {
        "type": "LineString",
        "coordinates": [
          [
            101.7099,
            2.7456
          ],
          [
            101.7099,
            3.245261111111111
          ],
          [
            101.7099,
            2.9454694444444445
          ]
        ]
      },
      "properties": {
        "class": "procedure",
        "type": "SID",
        "proc_ident": "WMKK1",
        "transition": "WMKK",
        "legs": [
          {
            "type": "SID",
            "proc_ident": "WMKK1",
            "transition": "WMKK",
            "seq": 1,
            "leg_type": "IF",
            "fix_ident": "WMKK",
            "fix_lat": 2.7456,
            "fix_lon": 101.7099,
            "recommended_navaid": "",
            "arc_radius": 0.0,
            "theta": 0.0,
            "rho": 0.0,
            "outbound_course": 0.0,
            "inbound_course": 0.0,
            "turn_direction": "",
            "altitude": 70,
            "altitude2": 0,
            "speed_limit": 0,
            "vertical_angle": 0.0,
            "center_fix": "",
            "rnp": 0.0
          },
          {
            "type": "SID",
            "proc_ident": "WMKK1",
            "transition": "WMKK",
            "seq": 2,
            "leg_type": "CF",
            "fix_ident": "WMKKN",
            "fix_lat": 3.245261111111111,
            "fix_lon": 101.7099,
            "recommended_navaid": "",
            "arc_radius": 0.0,
            "theta": 0.0,
            "rho": 0.0,
            "outbound_course": 0.0,
            "inbound_course": 0.0,
            "turn_direction": "",
            "altitude": 5000,
            "altitude2": 0,
            "speed_limit": 220,
            "vertical_angle": 0.0,
            "center_fix": "",
            "rnp": 0.0
          },
          {
            "type": "SID",
            "proc_ident": "WMKK1",
            "transition": "WMKK",
            "seq": 3,
            "leg_type": "TF",
            "fix_ident": "WMKKI",
            "fix_lat": 2.9454694444444445,
            "fix_lon": 101.7099,
            "recommended_navaid": "",
            "arc_radius": 0.0,
            "theta": 0.0,
            "rho": 0.0,
            "outbound_course": 0.0,
            "inbound_course": 0.0,
            "turn_direction": "",
            "altitude": 8000,
            "altitude2": 0,
            "speed_limit": 0,
            "vertical_angle": 0.0,
            "center_fix": "",
            "rnp": 0.0
          }
        ]
      }
    },
    {
      "type": "Feature",
      "geometry": {
        "type": "LineString",
        "coordinates": [
          [
            101.7099,
            3.245261111111111
          ],
          [
            101.7099,
            2.9454694444444445
          ],
          [
            101.7099,
            2.845530555555556
          ],
          [
            101.7099,
            2.7456
          ]
        ]
      },
      "properties": {
        "class": "procedure",
        "type": "STAR",
        "proc_ident": "WMKK1",
        "transition": "WMKK",
        "legs": [
          {
            "type": "STAR",
            "proc_ident": "WMKK1",
            "transition": "WMKK",
            "seq": 1,
            "leg_type": "IF",
            "fix_ident": "WMKKN",
            "fix_lat": 3.245261111111111,
            "fix_lon": 101.7099,
            "recommended_navaid": "",
            "arc_radius": 0.0,
            "theta": 0.0,
            "rho": 0.0,
            "outbound_course": 0.0,
            "inbound_course": 0.0,
            "turn_direction": "",
            "altitude": 12500,
            "altitude2": 0,
            "speed_limit": 0,
            "vertical_angle": 0.0,
            "center_fix": "",
            "rnp": 0.0
          },
          {
            "type": "STAR",
            "proc_ident": "WMKK1",
            "transition": "WMKK",
            "seq": 2,
            "leg_type": "TF",
            "fix_ident": "WMKKI",
            "fix_lat": 2.9454694444444445,
            "fix_lon": 101.7099,
            "recommended_navaid": "",
            "arc_radius": 0.0,
            "theta": 0.0,
            "rho": 0.0,
            "outbound_course": 180.0,
            "inbound_course": 0.0,
            "turn_direction": "0",
            "altitude": 10000,
            "altitude2": 0,
            "speed_limit": 0,
            "vertical_angle": 0.0,
            "center_fix": "",
            "rnp": 0.0
          },
          {
            "type": "STAR",
            "proc_ident": "WMKK1",
            "transition": "WMKK",
            "seq": 3,
            "leg_type": "CF",
            "fix_ident": "WMKKF",
            "fix_lat": 2.845530555555556,
            "fix_lon": 101.7099,
            "recommended_navaid": "",
            "arc_radius": 0.0,
            "theta": 0.0,
            "rho": 0.0,
            "outbound_course": 180.0,
            "inbound_course": 0.0,
            "turn_direction": "0",
            "altitude": 6000,
            "altitude2": 0,
            "speed_limit": 250,
            "vertical_angle": 0.0,
            "center_fix": "",
            "rnp": 0.0
          },
          {
            "type": "STAR",
            "proc_ident": "WMKK1",
            "transition": "WMKK",
            "seq": 4,
            "leg_type": "TF",
            "fix_ident": "WMKK",
            "fix_lat": 2.7456,
            "fix_lon": 101.7099,
            "recommended_navaid": "",
            "arc_radius": 0.0,
            "theta": 0.0,
            "rho": 0.0,
            "outbound_course": 180.0,
            "inbound_course": 0.0,
            "turn_direction": "0",
            "altitude": 4000,
            "altitude2": 0,
            "speed_limit": 220,
            "vertical_angle": 0.0,
            "center_fix": "",
            "rnp": 0.0
          }
        ]
      }
    },
    {
      "type": "Feature",
      "geometry": {
        "type": "LineString",
        "coordinates": [
          [
            121.0195,
            14.5086
          ],
          [
            121.0195,
            15.00826111111111
          ],
          [
            121.0195,
            14.708469444444443
          ]
        ]
      },
      "properties": {
        "class": "procedure",
        "type": "SID",
        "proc_ident": "RPLL1",
        "transition": "RPLL",
        "legs": [
          {
            "type": "SID",
            "proc_ident": "RPLL1",
            "transition": "RPLL",
            "seq": 1,
            "leg_type": "IF",
            "fix_ident": "RPLL",
            "fix_lat": 14.5086,
            "fix_lon": 121.0195,
            "recommended_navaid": "",
            "arc_radius": 0.0,
            "theta": 0.0,
            "rho": 0.0,
            "outbound_course": 0.0,
            "inbound_course": 0.0,
            "turn_direction": "",
            "altitude": 75,
            "altitude2": 0,
            "speed_limit": 0,
            "vertical_angle": 0.0,
            "center_fix": "",
            "rnp": 0.0
          },
          {
            "type": "SID",
            "proc_ident": "RPLL1",
            "transition": "RPLL",
            "seq": 2,
            "leg_type": "CF",
            "fix_ident": "RPLLN",
            "fix_lat": 15.00826111111111,
            "fix_lon": 121.0195,
            "recommended_navaid": "",
            "arc_radius": 0.0,
            "theta": 0.0,
            "rho": 0.0,
            "outbound_course": 0.0,
            "inbound_course": 0.0,
            "turn_direction": "",
            "altitude": 5000,
            "altitude2": 0,
            "speed_limit": 220,
            "vertical_angle": 0.0,
            "center_fix": "",
            "rnp": 0.0
          },
          {
            "type": "SID",
            "proc_ident": "RPLL1",
            "transition": "RPLL",
            "seq": 3,
            "leg_type": "TF",
            "fix_ident": "RPLLI",
            "fix_lat": 14.708469444444443,
            "fix_lon": 121.0195,
            "recommended_navaid": "",
            "arc_radius": 0.0,
            "theta": 0.0,
            "rho": 0.0,
            "outbound_course": 0.0,
            "inbound_course": 0.0,
            "turn_direction": "",
            "altitude": 8000,
            "altitude2": 0,
            "speed_limit": 0,
            "vertical_angle": 0.0,
            "center_fix": "",
            "rnp": 0.0
          }
        ]
      }
    },
    {
      "type": "Feature",
      "geometry": {
        "type": "LineString",
        "coordinates": [
          [
            121.0195,
            15.00826111111111
          ],
          [
            121.0195,
            14.708469444444443
          ],
          [
            121.0195,
            14.608530555555555
          ],
          [
            121.0195,
            14.5086
          ]
        ]
      },
      "properties": {
        "class": "procedure",
        "type": "STAR",
        "proc_ident": "RPLL1",
        "transition": "RPLL",
        "legs": [
          {
            "type": "STAR",
            "proc_ident": "RPLL1",
            "transition": "RPLL",
            "seq": 1,
            "leg_type": "IF",
            "fix_ident": "RPLLN",
            "fix_lat": 15.00826111111111,
            "fix_lon": 121.0195,
            "recommended_navaid": "",
            "arc_radius": 0.0,
            "theta": 0.0,
            "rho": 0.0,
            "outbound_course": 0.0,
            "inbound_course": 0.0,
            "turn_direction": "",
            "altitude": 12500,
            "altitude2": 0,
            "speed_limit": 0,
            "vertical_angle": 0.0,
            "center_fix": "",
            "rnp": 0.0
          },
          {
            "type": "STAR",
            "proc_ident": "RPLL1",
            "transition": "RPLL",
            "seq": 2,
            "leg_type": "TF",
            "fix_ident": "RPLLI",
            "fix_lat": 14.708469444444443,
            "fix_lon": 121.0195,
            "recommended_navaid": "",
            "arc_radius": 0.0,
            "theta": 0.0,
            "rho": 0.0,
            "outbound_course": 180.0,
            "inbound_course": 0.0,
            "turn_direction": "0",
            "altitude": 10000,
            "altitude2": 0,
            "speed_limit": 0,
            "vertical_angle": 0.0,
            "center_fix": "",
            "rnp": 0.0
          },
          {
            "type": "STAR",
            "proc_ident": "RPLL1",
            "transition": "RPLL",
            "seq": 3,
            "leg_type": "CF",
            "fix_ident": "RPLLF",
            "fix_lat": 14.608530555555555,
            "fix_lon": 121.0195,
            "recommended_navaid": "",
            "arc_radius": 0.0,
            "theta": 0.0,
            "rho": 0.0,
            "outbound_course": 180.0,
            "inbound_course": 0.0,
            "turn_direction": "0",
            "altitude": 6000,
            "altitude2": 0,
            "speed_limit": 250,
            "vertical_angle": 0.0,
            "center_fix": "",
            "rnp": 0.0
          },
          {
            "type": "STAR",
            "proc_ident": "RPLL1",
            "transition": "RPLL",
            "seq": 4,
            "leg_type": "TF",
            "fix_ident": "RPLL",
            "fix_lat": 14.5086,
            "fix_lon": 121.0195,
            "recommended_navaid": "",
            "arc_radius": 0.0,
            "theta": 0.0,
            "rho": 0.0,
            "outbound_course": 180.0,
            "inbound_course": 0.0,
            "turn_direction": "0",
            "altitude": 4000,
            "altitude2": 0,
            "speed_limit": 220,
            "vertical_angle": 0.0,
            "center_fix": "",
            "rnp": 0.0
          }
        ]
      }
    },
    {
      "type": "Feature",
      "geometry": {
        "type": "LineString",
        "coordinates": [
          [
            77.1,
            28.5562
          ],
          [
            77.1,
            29.055861111111113
          ],
          [
            77.1,
            28.756069444444446
          ]
        ]
      },
      "properties": {
        "class": "procedure",
        "type": "SID",
        "proc_ident": "VIDP1",
        "transition": "VIDP",
        "legs": [
          {
            "type": "SID",
            "proc_ident": "VIDP1",
            "transition": "VIDP",
            "seq": 1,
            "leg_type": "IF",
            "fix_ident": "VIDP",
            "fix_lat": 28.5562,
            "fix_lon": 77.1,
            "recommended_navaid": "",
            "arc_radius": 0.0,
            "theta": 0.0,
            "rho": 0.0,
            "outbound_course": 0.0,
            "inbound_course": 0.0,
            "turn_direction": "",
            "altitude": 776,
            "altitude2": 0,
            "speed_limit": 0,
            "vertical_angle": 0.0,
            "center_fix": "",
            "rnp": 0.0
          },
          {
            "type": "SID",
            "proc_ident": "VIDP1",
            "transition": "VIDP",
            "seq": 2,
            "leg_type": "CF",
            "fix_ident": "VIDPN",
            "fix_lat": 29.055861111111113,
            "fix_lon": 77.1,
            "recommended_navaid": "",
            "arc_radius": 0.0,
            "theta": 0.0,
            "rho": 0.0,
            "outbound_course": 0.0,
            "inbound_course": 0.0,
            "turn_direction": "",
            "altitude": 5000,
            "altitude2": 0,
            "speed_limit": 220,
            "vertical_angle": 0.0,
            "center_fix": "",
            "rnp": 0.0
          },
          {
            "type": "SID",
            "proc_ident": "VIDP1",
            "transition": "VIDP",
            "seq": 3,
            "leg_type": "TF",
            "fix_ident": "VIDPI",
            "fix_lat": 28.756069444444446,
            "fix_lon": 77.1,
            "recommended_navaid": "",
            "arc_radius": 0.0,
            "theta": 0.0,
            "rho": 0.0,
            "outbound_course": 0.0,
            "inbound_course": 0.0,
            "turn_direction": "",
            "altitude": 8000,
            "altitude2": 0,
            "speed_limit": 0,
            "vertical_angle": 0.0,
            "center_fix": "",
            "rnp": 0.0
          }
        ]
      }
    },
    {
      "type": "Feature",
      "geometry": {
        "type": "LineString",
        "coordinates": [
          [
            77.1,
            29.055861111111113
          ],
          [
            77.1,
            28.756069444444446
          ],
          [
            77.1,
            28.656130555555553
          ],
          [
            77.1,
            28.5562
          ]
        ]
      },
      "properties": {
        "class": "procedure",
        "type": "STAR",
        "proc_ident": "VIDP1",
        "transition": "VIDP",
        "legs": [
          {
            "type": "STAR",
            "proc_ident": "VIDP1",
            "transition": "VIDP",
            "seq": 1,
            "leg_type": "IF",
            "fix_ident": "VIDPN",
            "fix_lat": 29.055861111111113,
            "fix_lon": 77.1,
            "recommended_navaid": "",
            "arc_radius": 0.0,
            "theta": 0.0,
            "rho": 0.0,
            "outbound_course": 0.0,
            "inbound_course": 0.0,
            "turn_direction": "",
            "altitude": 12500,
            "altitude2": 0,
            "speed_limit": 0,
            "vertical_angle": 0.0,
            "center_fix": "",
            "rnp": 0.0
          },
          {
            "type": "STAR",
            "proc_ident": "VIDP1",
            "transition": "VIDP",
            "seq": 2,
            "leg_type": "TF",
            "fix_ident": "VIDPI",
            "fix_lat": 28.756069444444446,
            "fix_lon": 77.1,
            "recommended_navaid": "",
            "arc_radius": 0.0,
            "theta": 0.0,
            "rho": 0.0,
            "outbound_course": 180.0,
            "inbound_course": 0.0,
            "turn_direction": "0",
            "altitude": 10000,
            "altitude2": 0,
            "speed_limit": 0,
            "vertical_angle": 0.0,
            "center_fix": "",
            "rnp": 0.0
          },
          {
            "type": "STAR",
            "proc_ident": "VIDP1",
            "transition": "VIDP",
            "seq": 3,
            "leg_type": "CF",
            "fix_ident": "VIDPF",
            "fix_lat": 28.656130555555553,
            "fix_lon": 77.1,
            "recommended_navaid": "",
            "arc_radius": 0.0,
            "theta": 0.0,
            "rho": 0.0,
            "outbound_course": 180.0,
            "inbound_course": 0.0,
            "turn_direction": "0",
            "altitude": 6000,
            "altitude2": 0,
            "speed_limit": 250,
            "vertical_angle": 0.0,
            "center_fix": "",
            "rnp": 0.0
          },
          {
            "type": "STAR",
            "proc_ident": "VIDP1",
            "transition": "VIDP",
            "seq": 4,
            "leg_type": "TF",
            "fix_ident": "VIDP",
            "fix_lat": 28.5562,
            "fix_lon": 77.1,
            "recommended_navaid": "",
            "arc_radius": 0.0,
            "theta": 0.0,
            "rho": 0.0,
            "outbound_course": 180.0,
            "inbound_course": 0.0,
            "turn_direction": "0",
            "altitude": 4000,
            "altitude2": 0,
            "speed_limit": 220,
            "vertical_angle": 0.0,
            "center_fix": "",
            "rnp": 0.0
          }
        ]
      }
    },
    {
      "type": "Feature",
      "geometry": {
        "type": "LineString",
        "coordinates": [
          [
            72.8656,
            19.089599999999997
          ],
          [
            72.8656,
            19.58926111111111
          ],
          [
            72.8656,
            19.289469444444446
          ]
        ]
      },
      "properties": {
        "class": "procedure",
        "type": "SID",
        "proc_ident": "VABB1",
        "transition": "VABB",
        "legs": [
          {
            "type": "SID",
            "proc_ident": "VABB1",
            "transition": "VABB",
            "seq": 1,
            "leg_type": "IF",
            "fix_ident": "VABB",
            "fix_lat": 19.089599999999997,
            "fix_lon": 72.8656,
            "recommended_navaid": "",
            "arc_radius": 0.0,
            "theta": 0.0,
            "rho": 0.0,
            "outbound_course": 0.0,
            "inbound_course": 0.0,
            "turn_direction": "",
            "altitude": 10,
            "altitude2": 0,
            "speed_limit": 0,
            "vertical_angle": 0.0,
            "center_fix": "",
            "rnp": 0.0
          },
          {
            "type": "SID",
            "proc_ident": "VABB1",
            "transition": "VABB",
            "seq": 2,
            "leg_type": "CF",
            "fix_ident": "VABBN",
            "fix_lat": 19.58926111111111,
            "fix_lon": 72.8656,
            "recommended_navaid": "",
            "arc_radius": 0.0,
            "theta": 0.0,
            "rho": 0.0,
            "outbound_course": 0.0,
            "inbound_course": 0.0,
            "turn_direction": "",
            "altitude": 5000,
            "altitude2": 0,
            "speed_limit": 220,
            "vertical_angle": 0.0,
            "center_fix": "",
            "rnp": 0.0
          },
          {
            "type": "SID",
            "proc_ident": "VABB1",
            "transition": "VABB",
            "seq": 3,
            "leg_type": "TF",
            "fix_ident": "VABBI",
            "fix_lat": 19.289469444444446,
            "fix_lon": 72.8656,
            "recommended_navaid": "",
            "arc_radius": 0.0,
            "theta": 0.0,
            "rho": 0.0,
            "outbound_course": 0.0,
            "inbound_course": 0.0,
            "turn_direction": "",
            "altitude": 8000,
            "altitude2": 0,
            "speed_limit": 0,
            "vertical_angle": 0.0,
            "center_fix": "",
            "rnp": 0.0
          }
        ]
      }
    },
    {
      "type": "Feature",
      "geometry": {
        "type": "LineString",
        "coordinates": [
          [
            72.8656,
            19.58926111111111
          ],
          [
            72.8656,
            19.289469444444446
          ],
          [
            72.8656,
            19.189530555555557
          ],
          [
            72.8656,
            19.089599999999997
          ]
        ]
      },
      "properties": {
        "class": "procedure",
        "type": "STAR",
        "proc_ident": "VABB1",
        "transition": "VABB",
        "legs": [
          {
            "type": "STAR",
            "proc_ident": "VABB1",
            "transition": "VABB",
            "seq": 1,
            "leg_type": "IF",
            "fix_ident": "VABBN",
            "fix_lat": 19.58926111111111,
            "fix_lon": 72.8656,
            "recommended_navaid": "",
            "arc_radius": 0.0,
            "theta": 0.0,
            "rho": 0.0,
            "outbound_course": 0.0,
            "inbound_course": 0.0,
            "turn_direction": "",
            "altitude": 12500,
            "altitude2": 0,
            "speed_limit": 0,
            "vertical_angle": 0.0,
            "center_fix": "",
            "rnp": 0.0
          },
          {
            "type": "STAR",
            "proc_ident": "VABB1",
            "transition": "VABB",
            "seq": 2,
            "leg_type": "TF",
            "fix_ident": "VABBI",
            "fix_lat": 19.289469444444446,
            "fix_lon": 72.8656,
            "recommended_navaid": "",
            "arc_radius": 0.0,
            "theta": 0.0,
            "rho": 0.0,
            "outbound_course": 180.0,
            "inbound_course": 0.0,
            "turn_direction": "0",
            "altitude": 10000,
            "altitude2": 0,
            "speed_limit": 0,
            "vertical_angle": 0.0,
            "center_fix": "",
            "rnp": 0.0
          },
          {
            "type": "STAR",
            "proc_ident": "VABB1",
            "transition": "VABB",
            "seq": 3,
            "leg_type": "CF",
            "fix_ident": "VABBF",
            "fix_lat": 19.189530555555557,
            "fix_lon": 72.8656,
            "recommended_navaid": "",
            "arc_radius": 0.0,
            "theta": 0.0,
            "rho": 0.0,
            "outbound_course": 180.0,
            "inbound_course": 0.0,
            "turn_direction": "0",
            "altitude": 6000,
            "altitude2": 0,
            "speed_limit": 250,
            "vertical_angle": 0.0,
            "center_fix": "",
            "rnp": 0.0
          },
          {
            "type": "STAR",
            "proc_ident": "VABB1",
            "transition": "VABB",
            "seq": 4,
            "leg_type": "TF",
            "fix_ident": "VABB",
            "fix_lat": 19.089599999999997,
            "fix_lon": 72.8656,
            "recommended_navaid": "",
            "arc_radius": 0.0,
            "theta": 0.0,
            "rho": 0.0,
            "outbound_course": 180.0,
            "inbound_course": 0.0,
            "turn_direction": "0",
            "altitude": 4000,
            "altitude2": 0,
            "speed_limit": 220,
            "vertical_angle": 0.0,
            "center_fix": "",
            "rnp": 0.0
          }
        ]
      }
    },
    {
      "type": "Feature",
      "geometry": {
        "type": "LineString",
        "coordinates": [
          [
            55.365700000000004,
            25.2532
          ],
          [
            55.365700000000004,
            25.752861111111113
          ],
          [
            55.365700000000004,
            25.453069444444445
          ]
        ]
      },
      "properties": {
        "class": "procedure",
        "type": "SID",
        "proc_ident": "OMDB1",
        "transition": "OMDB",
        "legs": [
          {
            "type": "SID",
            "proc_ident": "OMDB1",
            "transition": "OMDB",
            "seq": 1,
            "leg_type": "IF",
            "fix_ident": "OMDB",
            "fix_lat": 25.2532,
            "fix_lon": 55.365700000000004,
            "recommended_navaid": "",
            "arc_radius": 0.0,
            "theta": 0.0,
            "rho": 0.0,
            "outbound_course": 0.0,
            "inbound_course": 0.0,
            "turn_direction": "",
            "altitude": 62,
            "altitude2": 0,
            "speed_limit": 0,
            "vertical_angle": 0.0,
            "center_fix": "",
            "rnp": 0.0
          },
          {
            "type": "SID",
            "proc_ident": "OMDB1",
            "transition": "OMDB",
            "seq": 2,
            "leg_type": "CF",
            "fix_ident": "OMDBN",
            "fix_lat": 25.752861111111113,
            "fix_lon": 55.365700000000004,
            "recommended_navaid": "",
            "arc_radius": 0.0,
            "theta": 0.0,
            "rho": 0.0,
            "outbound_course": 0.0,
            "inbound_course": 0.0,
            "turn_direction": "",
            "altitude": 5000,
            "altitude2": 0,
            "speed_limit": 220,
            "vertical_angle": 0.0,
            "center_fix": "",
            "rnp": 0.0
          },
          {
            "type": "SID",
            "proc_ident": "OMDB1",
            "transition": "OMDB",
            "seq": 3,
            "leg_type": "TF",
            "fix_ident": "OMDBI",
            "fix_lat": 25.453069444444445,
            "fix_lon": 55.365700000000004,
            "recommended_navaid": "",
            "arc_radius": 0.0,
            "theta": 0.0,
            "rho": 0.0,
            "outbound_course": 0.0,
            "inbound_course": 0.0,
            "turn_direction": "",
            "altitude": 8000,
            "altitude2": 0,
            "speed_limit": 0,
            "vertical_angle": 0.0,
            "center_fix": "",
            "rnp": 0.0
          }
        ]
      }
    },
    {
      "type": "Feature",
      "geometry": {
        "type": "LineString",
        "coordinates": [
          [
            55.365700000000004,
            25.752861111111113
          ],
          [
            55.365700000000004,
            25.453069444444445
          ],
          [
            55.365700000000004,
            25.353130555555556
          ],
          [
            55.365700000000004,
            25.2532
          ]
        ]
      },
      "properties": {
        "class": "procedure",
        "type": "STAR",
        "proc_ident": "OMDB1",
        "transition": "OMDB",
        "legs": [
          {
            "type": "STAR",
            "proc_ident": "OMDB1",
            "transition": "OMDB",
            "seq": 1,
            "leg_type": "IF",
            "fix_ident": "OMDBN",
            "fix_lat": 25.752861111111113,
            "fix_lon": 55.365700000000004,
            "recommended_navaid": "",
            "arc_radius": 0.0,
            "theta": 0.0,
            "rho": 0.0,
            "outbound_course": 0.0,
            "inbound_course": 0.0,
            "turn_direction": "",
            "altitude": 12500,
            "altitude2": 0,
            "speed_limit": 0,
            "vertical_angle": 0.0,
            "center_fix": "",
            "rnp": 0.0
          },
          {
            "type": "STAR",
            "proc_ident": "OMDB1",
            "transition": "OMDB",
            "seq": 2,
            "leg_type": "TF",
            "fix_ident": "OMDBI",
            "fix_lat": 25.453069444444445,
            "fix_lon": 55.365700000000004,
            "recommended_navaid": "",
            "arc_radius": 0.0,
            "theta": 0.0,
            "rho": 0.0,
            "outbound_course": 180.0,
            "inbound_course": 0.0,
            "turn_direction": "0",
            "altitude": 10000,
            "altitude2": 0,
            "speed_limit": 0,
            "vertical_angle": 0.0,
            "center_fix": "",
            "rnp": 0.0
          },
          {
            "type": "STAR",
            "proc_ident": "OMDB1",
            "transition": "OMDB",
            "seq": 3,
            "leg_type": "CF",
            "fix_ident": "OMDBF",
            "fix_lat": 25.353130555555556,
            "fix_lon": 55.365700000000004,
            "recommended_navaid": "",
            "arc_radius": 0.0,
            "theta": 0.0,
            "rho": 0.0,
            "outbound_course": 180.0,
            "inbound_course": 0.0,
            "turn_direction": "0",
            "altitude": 6000,
            "altitude2": 0,
            "speed_limit": 250,
            "vertical_angle": 0.0,
            "center_fix": "",
            "rnp": 0.0
          },
          {
            "type": "STAR",
            "proc_ident": "OMDB1",
            "transition": "OMDB",
            "seq": 4,
            "leg_type": "TF",
            "fix_ident": "OMDB",
            "fix_lat": 25.2532,
            "fix_lon": 55.365700000000004,
            "recommended_navaid": "",
            "arc_radius": 0.0,
            "theta": 0.0,
            "rho": 0.0,
            "outbound_course": 180.0,
            "inbound_course": 0.0,
            "turn_direction": "0",
            "altitude": 4000,
            "altitude2": 0,
            "speed_limit": 220,
            "vertical_angle": 0.0,
            "center_fix": "",
            "rnp": 0.0
          }
        ]
      }
    },
    {
      "type": "Feature",
      "geometry": {
        "type": "LineString",
        "coordinates": [
          [
            51.608000000000004,
            25.2731
          ],
          [
            51.608000000000004,
            25.77276111111111
          ],
          [
            51.608000000000004,
            25.47296944444444
          ]
        ]
      },
      "properties": {
        "class": "procedure",
        "type": "SID",
        "proc_ident": "OTHH1",
        "transition": "OTHH",
        "legs": [
          {
            "type": "SID",
            "proc_ident": "OTHH1",
            "transition": "OTHH",
            "seq": 1,
            "leg_type": "IF",
            "fix_ident": "OTHH",
            "fix_lat": 25.2731,
            "fix_lon": 51.608000000000004,
            "recommended_navaid": "",
            "arc_radius": 0.0,
            "theta": 0.0,
            "rho": 0.0,
            "outbound_course": 0.0,
            "inbound_course": 0.0,
            "turn_direction": "",
            "altitude": 13,
            "altitude2": 0,
            "speed_limit": 0,
            "vertical_angle": 0.0,
            "center_fix": "",
            "rnp": 0.0
          },
          {
            "type": "SID",
            "proc_ident": "OTHH1",
            "transition": "OTHH",
            "seq": 2,
            "leg_type": "CF",
            "fix_ident": "OTHHN",
            "fix_lat": 25.77276111111111,
            "fix_lon": 51.608000000000004,
            "recommended_navaid": "",
            "arc_radius": 0.0,
            "theta": 0.0,
            "rho": 0.0,
            "outbound_course": 0.0,
            "inbound_course": 0.0,
            "turn_direction": "",
            "altitude": 5000,
            "altitude2": 0,
            "speed_limit": 220,
            "vertical_angle": 0.0,
            "center_fix": "",
            "rnp": 0.0
          },
          {
            "type": "SID",
            "proc_ident": "OTHH1",
            "transition": "OTHH",
            "seq": 3,
            "leg_type": "TF",
            "fix_ident": "OTHHI",
            "fix_lat": 25.47296944444444,
            "fix_lon": 51.608000000000004,
            "recommended_navaid": "",
            "arc_radius": 0.0,
            "theta": 0.0,
            "rho": 0.0,
            "outbound_course": 0.0,
            "inbound_course": 0.0,
            "turn_direction": "",
            "altitude": 8000,
            "altitude2": 0,
            "speed_limit": 0,
            "vertical_angle": 0.0,
            "center_fix": "",
            "rnp": 0.0
          }
        ]
      }
    },
    {
      "type": "Feature",
      "geometry": {
        "type": "LineString",
        "coordinates": [
          [
            51.608000000000004,
            25.77276111111111
          ],
          [
            51.608000000000004,
            25.47296944444444
          ],
          [
            51.608000000000004,
            25.373030555555555
          ],
          [
            51.608000000000004,
            25.2731
          ]
        ]
      },
      "properties": {
        "class": "procedure",
        "type": "STAR",
        "proc_ident": "OTHH1",
        "transition": "OTHH",
        "legs": [
          {
            "type": "STAR",
            "proc_ident": "OTHH1",
            "transition": "OTHH",
            "seq": 1,
            "leg_type": "IF",
            "fix_ident": "OTHHN",
            "fix_lat": 25.77276111111111,
            "fix_lon": 51.608000000000004,
            "recommended_navaid": "",
            "arc_radius": 0.0,
            "theta": 0.0,
            "rho": 0.0,
            "outbound_course": 0.0,
            "inbound_course": 0.0,
            "turn_direction": "",
            "altitude": 12500,
            "altitude2": 0,
            "speed_limit": 0,
            "vertical_angle": 0.0,
            "center_fix": "",
            "rnp": 0.0
          },
          {
            "type": "STAR",
            "proc_ident": "OTHH1",
            "transition": "OTHH",
            "seq": 2,
            "leg_type": "TF",
            "fix_ident": "OTHHI",
            "fix_lat": 25.47296944444444,
            "fix_lon": 51.608000000000004,
            "recommended_navaid": "",
            "arc_radius": 0.0,
            "theta": 0.0,
            "rho": 0.0,
            "outbound_course": 180.0,
            "inbound_course": 0.0,
            "turn_direction": "0",
            "altitude": 10000,
            "altitude2": 0,
            "speed_limit": 0,
            "vertical_angle": 0.0,
            "center_fix": "",
            "rnp": 0.0
          },
          {
            "type": "STAR",
            "proc_ident": "OTHH1",
            "transition": "OTHH",
            "seq": 3,
            "leg_type": "CF",
            "fix_ident": "OTHHF",
            "fix_lat": 25.373030555555555,
            "fix_lon": 51.608000000000004,
            "recommended_navaid": "",
            "arc_radius": 0.0,
            "theta": 0.0,
            "rho": 0.0,
            "outbound_course": 180.0,
            "inbound_course": 0.0,
            "turn_direction": "0",
            "altitude": 6000,
            "altitude2": 0,
            "speed_limit": 250,
            "vertical_angle": 0.0,
            "center_fix": "",
            "rnp": 0.0
          },
          {
            "type": "STAR",
            "proc_ident": "OTHH1",
            "transition": "OTHH",
            "seq": 4,
            "leg_type": "TF",
            "fix_ident": "OTHH",
            "fix_lat": 25.2731,
            "fix_lon": 51.608000000000004,
            "recommended_navaid": "",
            "arc_radius": 0.0,
            "theta": 0.0,
            "rho": 0.0,
            "outbound_course": 180.0,
            "inbound_course": 0.0,
            "turn_direction": "0",
            "altitude": 4000,
            "altitude2": 0,
            "speed_limit": 220,
            "vertical_angle": 0.0,
            "center_fix": "",
            "rnp": 0.0
          }
        ]
      }
    },
    {
      "type": "Feature",
      "geometry": {
        "type": "LineString",
        "coordinates": [
          [
            46.6992,
            24.9577
          ],
          [
            46.6992,
            25.457361111111112
          ],
          [
            46.6992,
            25.157569444444444
          ]
        ]
      },
      "properties": {
        "class": "procedure",
        "type": "SID",
        "proc_ident": "OERK1",
        "transition": "OERK",
        "legs": [
          {
            "type": "SID",
            "proc_ident": "OERK1",
            "transition": "OERK",
            "seq": 1,
            "leg_type": "IF",
            "fix_ident": "OERK",
            "fix_lat": 24.9577,
            "fix_lon": 46.6992,
            "recommended_navaid": "",
            "arc_radius": 0.0,
            "theta": 0.0,
            "rho": 0.0,
            "outbound_course": 0.0,
            "inbound_course": 0.0,
            "turn_direction": "",
            "altitude": 2050,
            "altitude2": 0,
            "speed_limit": 0,
            "vertical_angle": 0.0,
            "center_fix": "",
            "rnp": 0.0
          },
          {
            "type": "SID",
            "proc_ident": "OERK1",
            "transition": "OERK",
            "seq": 2,
            "leg_type": "CF",
            "fix_ident": "OERKN",
            "fix_lat": 25.457361111111112,
            "fix_lon": 46.6992,
            "recommended_navaid": "",
            "arc_radius": 0.0,
            "theta": 0.0,
            "rho": 0.0,
            "outbound_course": 0.0,
            "inbound_course": 0.0,
            "turn_direction": "",
            "altitude": 5000,
            "altitude2": 0,
            "speed_limit": 220,
            "vertical_angle": 0.0,
            "center_fix": "",
            "rnp": 0.0
          },
          {
            "type": "SID",
            "proc_ident": "OERK1",
            "transition": "OERK",
            "seq": 3,
            "leg_type": "TF",
            "fix_ident": "OERKI",
            "fix_lat": 25.157569444444444,
            "fix_lon": 46.6992,
            "recommended_navaid": "",
            "arc_radius": 0.0,
            "theta": 0.0,
            "rho": 0.0,
            "outbound_course": 0.0,
            "inbound_course": 0.0,
            "turn_direction": "",
            "altitude": 8000,
            "altitude2": 0,
            "speed_limit": 0,
            "vertical_angle": 0.0,
            "center_fix": "",
            "rnp": 0.0
          }
        ]
      }
    },
    {
      "type": "Feature",
      "geometry": {
        "type": "LineString",
        "coordinates": [
          [
            46.6992,
            25.457361111111112
          ],
          [
            46.6992,
            25.157569444444444
          ],
          [
            46.6992,
            25.057630555555555
          ],
          [
            46.6992,
            24.9577
          ]
        ]
      },
      "properties": {
        "class": "procedure",
        "type": "STAR",
        "proc_ident": "OERK1",
        "transition": "OERK",
        "legs": [
          {
            "type": "STAR",
            "proc_ident": "OERK1",
            "transition": "OERK",
            "seq": 1,
            "leg_type": "IF",
            "fix_ident": "OERKN",
            "fix_lat": 25.457361111111112,
            "fix_lon": 46.6992,
            "recommended_navaid": "",
            "arc_radius": 0.0,
            "theta": 0.0,
            "rho": 0.0,
            "outbound_course": 0.0,
            "inbound_course": 0.0,
            "turn_direction": "",
            "altitude": 12500,
            "altitude2": 0,
            "speed_limit": 0,
            "vertical_angle": 0.0,
            "center_fix": "",
            "rnp": 0.0
          },
          {
            "type": "STAR",
            "proc_ident": "OERK1",
            "transition": "OERK",
            "seq": 2,
            "leg_type": "TF",
            "fix_ident": "OERKI",
            "fix_lat": 25.157569444444444,
            "fix_lon": 46.6992,
            "recommended_navaid": "",
            "arc_radius": 0.0,
            "theta": 0.0,
            "rho": 0.0,
            "outbound_course": 180.0,
            "inbound_course": 0.0,
            "turn_direction": "0",
            "altitude": 10000,
            "altitude2": 0,
            "speed_limit": 0,
            "vertical_angle": 0.0,
            "center_fix": "",
            "rnp": 0.0
          },
          {
            "type": "STAR",
            "proc_ident": "OERK1",
            "transition": "OERK",
            "seq": 3,
            "leg_type": "CF",
            "fix_ident": "OERKF",
            "fix_lat": 25.057630555555555,
            "fix_lon": 46.6992,
            "recommended_navaid": "",
            "arc_radius": 0.0,
            "theta": 0.0,
            "rho": 0.0,
            "outbound_course": 180.0,
            "inbound_course": 0.0,
            "turn_direction": "0",
            "altitude": 6000,
            "altitude2": 0,
            "speed_limit": 250,
            "vertical_angle": 0.0,
            "center_fix": "",
            "rnp": 0.0
          },
          {
            "type": "STAR",
            "proc_ident": "OERK1",
            "transition": "OERK",
            "seq": 4,
            "leg_type": "TF",
            "fix_ident": "OERK",
            "fix_lat": 24.9577,
            "fix_lon": 46.6992,
            "recommended_navaid": "",
            "arc_radius": 0.0,
            "theta": 0.0,
            "rho": 0.0,
            "outbound_course": 180.0,
            "inbound_course": 0.0,
            "turn_direction": "0",
            "altitude": 4000,
            "altitude2": 0,
            "speed_limit": 220,
            "vertical_angle": 0.0,
            "center_fix": "",
            "rnp": 0.0
          }
        ]
      }
    },
    {
      "type": "Feature",
      "geometry": {
        "type": "LineString",
        "coordinates": [
          [
            -0.45430000000000004,
            51.47
          ],
          [
            -0.45430000000000004,
            51.969661111111115
          ],
          [
            -0.45430000000000004,
            51.669869444444444
          ]
        ]
      },
      "properties": {
        "class": "procedure",
        "type": "SID",
        "proc_ident": "EGLL1",
        "transition": "EGLL",
        "legs": [
          {
            "type": "SID",
            "proc_ident": "EGLL1",
            "transition": "EGLL",
            "seq": 1,
            "leg_type": "IF",
            "fix_ident": "EGLL",
            "fix_lat": 51.47,
            "fix_lon": -0.45430000000000004,
            "recommended_navaid": "",
            "arc_radius": 0.0,
            "theta": 0.0,
            "rho": 0.0,
            "outbound_course": 0.0,
            "inbound_course": 0.0,
            "turn_direction": "",
            "altitude": 83,
            "altitude2": 0,
            "speed_limit": 0,
            "vertical_angle": 0.0,
            "center_fix": "",
            "rnp": 0.0
          },
          {
            "type": "SID",
            "proc_ident": "EGLL1",
            "transition": "EGLL",
            "seq": 2,
            "leg_type": "CF",
            "fix_ident": "EGLLN",
            "fix_lat": 51.969661111111115,
            "fix_lon": -0.45430000000000004,
            "recommended_navaid": "",
            "arc_radius": 0.0,
            "theta": 0.0,
            "rho": 0.0,
            "outbound_course": 0.0,
            "inbound_course": 0.0,
            "turn_direction": "",
            "altitude": 5000,
            "altitude2": 0,
            "speed_limit": 220,
            "vertical_angle": 0.0,
            "center_fix": "",
            "rnp": 0.0
          },
          {
            "type": "SID",
            "proc_ident": "EGLL1",
            "transition": "EGLL",
            "seq": 3,
            "leg_type": "TF",
            "fix_ident": "EGLLI",
            "fix_lat": 51.669869444444444,
            "fix_lon": -0.45430000000000004,
            "recommended_navaid": "",
            "arc_radius": 0.0,
            "theta": 0.0,
            "rho": 0.0,
            "outbound_course": 0.0,
            "inbound_course": 0.0,
            "turn_direction": "",
            "altitude": 8000,
            "altitude2": 0,
            "speed_limit": 0,
            "vertical_angle": 0.0,
            "center_fix": "",
            "rnp": 0.0
          }
        ]
      }
    },
    {
      "type": "Feature",
      "geometry": {
        "type": "LineString",
        "coordinates": [
          [
            -0.45430000000000004,
            51.969661111111115
          ],
          [
            -0.45430000000000004,
            51.669869444444444
          ],
          [
            -0.45430000000000004,
            51.56993055555556
          ],
          [
            -0.45430000000000004,
            51.47
          ]
        ]
      },
      "properties": {
        "class": "procedure",
        "type": "STAR",
        "proc_ident": "EGLL1",
        "transition": "EGLL",
        "legs": [
          {
            "type": "STAR",
            "proc_ident": "EGLL1",
            "transition": "EGLL",
            "seq": 1,
            "leg_type": "IF",
            "fix_ident": "EGLLN",
            "fix_lat": 51.969661111111115,
            "fix_lon": -0.45430000000000004,
            "recommended_navaid": "",
            "arc_radius": 0.0,
            "theta": 0.0,
            "rho": 0.0,
            "outbound_course": 0.0,
            "inbound_course": 0.0,
            "turn_direction": "",
            "altitude": 12500,
            "altitude2": 0,
            "speed_limit": 0,
            "vertical_angle": 0.0,
            "center_fix": "",
            "rnp": 0.0
          },
          {
            "type": "STAR",
            "proc_ident": "EGLL1",
            "transition": "EGLL",
            "seq": 2,
            "leg_type": "TF",
            "fix_ident": "EGLLI",
            "fix_lat": 51.669869444444444,
            "fix_lon": -0.45430000000000004,
            "recommended_navaid": "",
            "arc_radius": 0.0,
            "theta": 0.0,
            "rho": 0.0,
            "outbound_course": 180.0,
            "inbound_course": 0.0,
            "turn_direction": "0",
            "altitude": 10000,
            "altitude2": 0,
            "speed_limit": 0,
            "vertical_angle": 0.0,
            "center_fix": "",
            "rnp": 0.0
          },
          {
            "type": "STAR",
            "proc_ident": "EGLL1",
            "transition": "EGLL",
            "seq": 3,
            "leg_type": "CF",
            "fix_ident": "EGLLF",
            "fix_lat": 51.56993055555556,
            "fix_lon": -0.45430000000000004,
            "recommended_navaid": "",
            "arc_radius": 0.0,
            "theta": 0.0,
            "rho": 0.0,
            "outbound_course": 180.0,
            "inbound_course": 0.0,
            "turn_direction": "0",
            "altitude": 6000,
            "altitude2": 0,
            "speed_limit": 250,
            "vertical_angle": 0.0,
            "center_fix": "",
            "rnp": 0.0
          },
          {
            "type": "STAR",
            "proc_ident": "EGLL1",
            "transition": "EGLL",
            "seq": 4,
            "leg_type": "TF",
            "fix_ident": "EGLL",
            "fix_lat": 51.47,
            "fix_lon": -0.45430000000000004,
            "recommended_navaid": "",
            "arc_radius": 0.0,
            "theta": 0.0,
            "rho": 0.0,
            "outbound_course": 180.0,
            "inbound_course": 0.0,
            "turn_direction": "0",
            "altitude": 4000,
            "altitude2": 0,
            "speed_limit": 220,
            "vertical_angle": 0.0,
            "center_fix": "",
            "rnp": 0.0
          }
        ]
      }
    },
    {
      "type": "Feature",
      "geometry": {
        "type": "LineString",
        "coordinates": [
          [
            2.5479,
            49.0097
          ],
          [
            2.5479,
            49.50936111111111
          ],
          [
            2.5479,
            49.20956944444445
          ]
        ]
      },
      "properties": {
        "class": "procedure",
        "type": "SID",
        "proc_ident": "LFPG1",
        "transition": "LFPG",
        "legs": [
          {
            "type": "SID",
            "proc_ident": "LFPG1",
            "transition": "LFPG",
            "seq": 1,
            "leg_type": "IF",
            "fix_ident": "LFPG",
            "fix_lat": 49.0097,
            "fix_lon": 2.5479,
            "recommended_navaid": "",
            "arc_radius": 0.0,
            "theta": 0.0,
            "rho": 0.0,
            "outbound_course": 0.0,
            "inbound_course": 0.0,
            "turn_direction": "",
            "altitude": 392,
            "altitude2": 0,
            "speed_limit": 0,
            "vertical_angle": 0.0,
            "center_fix": "",
            "rnp": 0.0
          },
          {
            "type": "SID",
            "proc_ident": "LFPG1",
            "transition": "LFPG",
            "seq": 2,
            "leg_type": "CF",
            "fix_ident": "LFPGN",
            "fix_lat": 49.50936111111111,
            "fix_lon": 2.5479,
            "recommended_navaid": "",
            "arc_radius": 0.0,
            "theta": 0.0,
            "rho": 0.0,
            "outbound_course": 0.0,
            "inbound_course": 0.0,
            "turn_direction": "",
            "altitude": 5000,
            "altitude2": 0,
            "speed_limit": 220,
            "vertical_angle": 0.0,
            "center_fix": "",
            "rnp": 0.0
          },
          {
            "type": "SID",
            "proc_ident": "LFPG1",
            "transition": "LFPG",
            "seq": 3,
            "leg_type": "TF",
            "fix_ident": "LFPGI",
            "fix_lat": 49.20956944444445,
            "fix_lon": 2.5479,
            "recommended_navaid": "",
            "arc_radius": 0.0,
            "theta": 0.0,
            "rho": 0.0,
            "outbound_course": 0.0,
            "inbound_course": 0.0,
            "turn_direction": "",
            "altitude": 8000,
            "altitude2": 0,
            "speed_limit": 0,
            "vertical_angle": 0.0,
            "center_fix": "",
            "rnp": 0.0
          }
        ]
      }
    },
    {
      "type": "Feature",
      "geometry": {
        "type": "LineString",
        "coordinates": [
          [
            2.5479,
            49.50936111111111
          ],
          [
            2.5479,
            49.20956944444445
          ],
          [
            2.5479,
            49.109630555555555
          ],
          [
            2.5479,
            49.0097
          ]
        ]
      },
      "properties": {
        "class": "procedure",
        "type": "STAR",
        "proc_ident": "LFPG1",
        "transition": "LFPG",
        "legs": [
          {
            "type": "STAR",
            "proc_ident": "LFPG1",
            "transition": "LFPG",
            "seq": 1,
            "leg_type": "IF",
            "fix_ident": "LFPGN",
            "fix_lat": 49.50936111111111,
            "fix_lon": 2.5479,
            "recommended_navaid": "",
            "arc_radius": 0.0,
            "theta": 0.0,
            "rho": 0.0,
            "outbound_course": 0.0,
            "inbound_course": 0.0,
            "turn_direction": "",
            "altitude": 12500,
            "altitude2": 0,
            "speed_limit": 0,
            "vertical_angle": 0.0,
            "center_fix": "",
            "rnp": 0.0
          },
          {
            "type": "STAR",
            "proc_ident": "LFPG1",
            "transition": "LFPG",
            "seq": 2,
            "leg_type": "TF",
            "fix_ident": "LFPGI",
            "fix_lat": 49.20956944444445,
            "fix_lon": 2.5479,
            "recommended_navaid": "",
            "arc_radius": 0.0,
            "theta": 0.0,
            "rho": 0.0,
            "outbound_course": 180.0,
            "inbound_course": 0.0,
            "turn_direction": "0",
            "altitude": 10000,
            "altitude2": 0,
            "speed_limit": 0,
            "vertical_angle": 0.0,
            "center_fix": "",
            "rnp": 0.0
          },
          {
            "type": "STAR",
            "proc_ident": "LFPG1",
            "transition": "LFPG",
            "seq": 3,
            "leg_type": "CF",
            "fix_ident": "LFPGF",
            "fix_lat": 49.109630555555555,
            "fix_lon": 2.5479,
            "recommended_navaid": "",
            "arc_radius": 0.0,
            "theta": 0.0,
            "rho": 0.0,
            "outbound_course": 180.0,
            "inbound_course": 0.0,
            "turn_direction": "0",
            "altitude": 6000,
            "altitude2": 0,
            "speed_limit": 250,
            "vertical_angle": 0.0,
            "center_fix": "",
            "rnp": 0.0
          },
          {
            "type": "STAR",
            "proc_ident": "LFPG1",
            "transition": "LFPG",
            "seq": 4,
            "leg_type": "TF",
            "fix_ident": "LFPG",
            "fix_lat": 49.0097,
            "fix_lon": 2.5479,
            "recommended_navaid": "",
            "arc_radius": 0.0,
            "theta": 0.0,
            "rho": 0.0,
            "outbound_course": 180.0,
            "inbound_course": 0.0,
            "turn_direction": "0",
            "altitude": 4000,
            "altitude2": 0,
            "speed_limit": 220,
            "vertical_angle": 0.0,
            "center_fix": "",
            "rnp": 0.0
          }
        ]
      }
    },
    {
      "type": "Feature",
      "geometry": {
        "type": "LineString",
        "coordinates": [
          [
            8.5622,
            50.0379
          ],
          [
            8.5622,
            50.53756111111111
          ],
          [
            8.5622,
            50.237769444444446
          ]
        ]
      },
      "properties": {
        "class": "procedure",
        "type": "SID",
        "proc_ident": "EDDF1",
        "transition": "EDDF",
        "legs": [
          {
            "type": "SID",
            "proc_ident": "EDDF1",
            "transition": "EDDF",
            "seq": 1,
            "leg_type": "IF",
            "fix_ident": "EDDF",
            "fix_lat": 50.0379,
            "fix_lon": 8.5622,
            "recommended_navaid": "",
            "arc_radius": 0.0,
            "theta": 0.0,
            "rho": 0.0,
            "outbound_course": 0.0,
            "inbound_course": 0.0,
            "turn_direction": "",
            "altitude": 364,
            "altitude2": 0,
            "speed_limit": 0,
            "vertical_angle": 0.0,
            "center_fix": "",
            "rnp": 0.0
          },
          {
            "type": "SID",
            "proc_ident": "EDDF1",
            "transition": "EDDF",
            "seq": 2,
            "leg_type": "CF",
            "fix_ident": "EDDFN",
            "fix_lat": 50.53756111111111,
            "fix_lon": 8.5622,
            "recommended_navaid": "",
            "arc_radius": 0.0,
            "theta": 0.0,
            "rho": 0.0,
            "outbound_course": 0.0,
            "inbound_course": 0.0,
            "turn_direction": "",
            "altitude": 5000,
            "altitude2": 0,
            "speed_limit": 220,
            "vertical_angle": 0.0,
            "center_fix": "",
            "rnp": 0.0
          },
          {
            "type": "SID",
            "proc_ident": "EDDF1",
            "transition": "EDDF",
            "seq": 3,
            "leg_type": "TF",
            "fix_ident": "EDDFI",
            "fix_lat": 50.237769444444446,
            "fix_lon": 8.5622,
            "recommended_navaid": "",
            "arc_radius": 0.0,
            "theta": 0.0,
            "rho": 0.0,
            "outbound_course": 0.0,
            "inbound_course": 0.0,
            "turn_direction": "",
            "altitude": 8000,
            "altitude2": 0,
            "speed_limit": 0,
            "vertical_angle": 0.0,
            "center_fix": "",
            "rnp": 0.0
          }
        ]
      }
    },
    {
      "type": "Feature",
      "geometry": {
        "type": "LineString",
        "coordinates": [
          [
            8.5622,
            50.53756111111111
          ],
          [
            8.5622,
            50.237769444444446
          ],
          [
            8.5622,
            50.13783055555555
          ],
          [
            8.5622,
            50.0379
          ]
        ]
      },
      "properties": {
        "class": "procedure",
        "type": "STAR",
        "proc_ident": "EDDF1",
        "transition": "EDDF",
        "legs": [
          {
            "type": "STAR",
            "proc_ident": "EDDF1",
            "transition": "EDDF",
            "seq": 1,
            "leg_type": "IF",
            "fix_ident": "EDDFN",
            "fix_lat": 50.53756111111111,
            "fix_lon": 8.5622,
            "recommended_navaid": "",
            "arc_radius": 0.0,
            "theta": 0.0,
            "rho": 0.0,
            "outbound_course": 0.0,
            "inbound_course": 0.0,
            "turn_direction": "",
            "altitude": 12500,
            "altitude2": 0,
            "speed_limit": 0,
            "vertical_angle": 0.0,
            "center_fix": "",
            "rnp": 0.0
          },
          {
            "type": "STAR",
            "proc_ident": "EDDF1",
            "transition": "EDDF",
            "seq": 2,
            "leg_type": "TF",
            "fix_ident": "EDDFI",
            "fix_lat": 50.237769444444446,
            "fix_lon": 8.5622,
            "recommended_navaid": "",
            "arc_radius": 0.0,
            "theta": 0.0,
            "rho": 0.0,
            "outbound_course": 180.0,
            "inbound_course": 0.0,
            "turn_direction": "0",
            "altitude": 10000,
            "altitude2": 0,
            "speed_limit": 0,
            "vertical_angle": 0.0,
            "center_fix": "",
            "rnp": 0.0
          },
          {
            "type": "STAR",
            "proc_ident": "EDDF1",
            "transition": "EDDF",
            "seq": 3,
            "leg_type": "CF",
            "fix_ident": "EDDFF",
            "fix_lat": 50.13783055555555,
            "fix_lon": 8.5622,
            "recommended_navaid": "",
            "arc_radius": 0.0,
            "theta": 0.0,
            "rho": 0.0,
            "outbound_course": 180.0,
            "inbound_course": 0.0,
            "turn_direction": "0",
            "altitude": 6000,
            "altitude2": 0,
            "speed_limit": 250,
            "vertical_angle": 0.0,
            "center_fix": "",
            "rnp": 0.0
          },
          {
            "type": "STAR",
            "proc_ident": "EDDF1",
            "transition": "EDDF",
            "seq": 4,
            "leg_type": "TF",
            "fix_ident": "EDDF",
            "fix_lat": 50.0379,
            "fix_lon": 8.5622,
            "recommended_navaid": "",
            "arc_radius": 0.0,
            "theta": 0.0,
            "rho": 0.0,
            "outbound_course": 180.0,
            "inbound_course": 0.0,
            "turn_direction": "0",
            "altitude": 4000,
            "altitude2": 0,
            "speed_limit": 220,
            "vertical_angle": 0.0,
            "center_fix": "",
            "rnp": 0.0
          }
        ]
      }
    },
    {
      "type": "Feature",
      "geometry": {
        "type": "LineString",
        "coordinates": [
          [
            4.7683,
            52.3105
          ],
          [
            4.7683,
            52.81016111111111
          ],
          [
            4.7683,
            52.51036944444444
          ]
        ]
      },
      "properties": {
        "class": "procedure",
        "type": "SID",
        "proc_ident": "EHAM1",
        "transition": "EHAM",
        "legs": [
          {
            "type": "SID",
            "proc_ident": "EHAM1",
            "transition": "EHAM",
            "seq": 1,
            "leg_type": "IF",
            "fix_ident": "EHAM",
            "fix_lat": 52.3105,
            "fix_lon": 4.7683,
            "recommended_navaid": "",
            "arc_radius": 0.0,
            "theta": 0.0,
            "rho": 0.0,
            "outbound_course": 0.0,
            "inbound_course": 0.0,
            "turn_direction": "",
            "altitude": -11,
            "altitude2": 0,
            "speed_limit": 0,
            "vertical_angle": 0.0,
            "center_fix": "",
            "rnp": 0.0
          },
          {
            "type": "SID",
            "proc_ident": "EHAM1",
            "transition": "EHAM",
            "seq": 2,
            "leg_type": "CF",
            "fix_ident": "EHAMN",
            "fix_lat": 52.81016111111111,
            "fix_lon": 4.7683,
            "recommended_navaid": "",
            "arc_radius": 0.0,
            "theta": 0.0,
            "rho": 0.0,
            "outbound_course": 0.0,
            "inbound_course": 0.0,
            "turn_direction": "",
            "altitude": 5000,
            "altitude2": 0,
            "speed_limit": 220,
            "vertical_angle": 0.0,
            "center_fix": "",
            "rnp": 0.0
          },
          {
            "type": "SID",
            "proc_ident": "EHAM1",
            "transition": "EHAM",
            "seq": 3,
            "leg_type": "TF",
            "fix_ident": "EHAMI",
            "fix_lat": 52.51036944444444,
            "fix_lon": 4.7683,
            "recommended_navaid": "",
            "arc_radius": 0.0,
            "theta": 0.0,
            "rho": 0.0,
            "outbound_course": 0.0,
            "inbound_course": 0.0,
            "turn_direction": "",
            "altitude": 8000,
            "altitude2": 0,
            "speed_limit": 0,
            "vertical_angle": 0.0,
            "center_fix": "",
            "rnp": 0.0
          }
        ]
      }
    },
    {
      "type": "Feature",
      "geometry": {
        "type": "LineString",
        "coordinates": [
          [
            4.7683,
            52.81016111111111
          ],
          [
            4.7683,
            52.51036944444444
          ],
          [
            4.7683,
            52.41043055555556
          ],
          [
            4.7683,
            52.3105
          ]
        ]
      },
      "properties": {
        "class": "procedure",
        "type": "STAR",
        "proc_ident": "EHAM1",
        "transition": "EHAM",
        "legs": [
          {
            "type": "STAR",
            "proc_ident": "EHAM1",
            "transition": "EHAM",
            "seq": 1,
            "leg_type": "IF",
            "fix_ident": "EHAMN",
            "fix_lat": 52.81016111111111,
            "fix_lon": 4.7683,
            "recommended_navaid": "",
            "arc_radius": 0.0,
            "theta": 0.0,
            "rho": 0.0,
            "outbound_course": 0.0,
            "inbound_course": 0.0,
            "turn_direction": "",
            "altitude": 12500,
            "altitude2": 0,
            "speed_limit": 0,
            "vertical_angle": 0.0,
            "center_fix": "",
            "rnp": 0.0
          },
          {
            "type": "STAR",
            "proc_ident": "EHAM1",
            "transition": "EHAM",
            "seq": 2,
            "leg_type": "TF",
            "fix_ident": "EHAMI",
            "fix_lat": 52.51036944444444,
            "fix_lon": 4.7683,
            "recommended_navaid": "",
            "arc_radius": 0.0,
            "theta": 0.0,
            "rho": 0.0,
            "outbound_course": 180.0,
            "inbound_course": 0.0,
            "turn_direction": "0",
            "altitude": 10000,
            "altitude2": 0,
            "speed_limit": 0,
            "vertical_angle": 0.0,
            "center_fix": "",
            "rnp": 0.0
          },
          {
            "type": "STAR",
            "proc_ident": "EHAM1",
            "transition": "EHAM",
            "seq": 3,
            "leg_type": "CF",
            "fix_ident": "EHAMF",
            "fix_lat": 52.41043055555556,
            "fix_lon": 4.7683,
            "recommended_navaid": "",
            "arc_radius": 0.0,
            "theta": 0.0,
            "rho": 0.0,
            "outbound_course": 180.0,
            "inbound_course": 0.0,
            "turn_direction": "0",
            "altitude": 6000,
            "altitude2": 0,
            "speed_limit": 250,
            "vertical_angle": 0.0,
            "center_fix": "",
            "rnp": 0.0
          },
          {
            "type": "STAR",
            "proc_ident": "EHAM1",
            "transition": "EHAM",
            "seq": 4,
            "leg_type": "TF",
            "fix_ident": "EHAM",
            "fix_lat": 52.3105,
            "fix_lon": 4.7683,
            "recommended_navaid": "",
            "arc_radius": 0.0,
            "theta": 0.0,
            "rho": 0.0,
            "outbound_course": 180.0,
            "inbound_course": 0.0,
            "turn_direction": "0",
            "altitude": 4000,
            "altitude2": 0,
            "speed_limit": 220,
            "vertical_angle": 0.0,
            "center_fix": "",
            "rnp": 0.0
          }
        ]
      }
    },
    {
      "type": "Feature",
      "geometry": {
        "type": "LineString",
        "coordinates": [
          [
            37.4146,
            55.9726
          ],
          [
            37.4146,
            56.472261111111116
          ],
          [
            37.4146,
            56.172469444444445
          ]
        ]
      },
      "properties": {
        "class": "procedure",
        "type": "SID",
        "proc_ident": "UUEE1",
        "transition": "UUEE",
        "legs": [
          {
            "type": "SID",
            "proc_ident": "UUEE1",
            "transition": "UUEE",
            "seq": 1,
            "leg_type": "IF",
            "fix_ident": "UUEE",
            "fix_lat": 55.9726,
            "fix_lon": 37.4146,
            "recommended_navaid": "",
            "arc_radius": 0.0,
            "theta": 0.0,
            "rho": 0.0,
            "outbound_course": 0.0,
            "inbound_course": 0.0,
            "turn_direction": "",
            "altitude": 748,
            "altitude2": 0,
            "speed_limit": 0,
            "vertical_angle": 0.0,
            "center_fix": "",
            "rnp": 0.0
          },
          {
            "type": "SID",
            "proc_ident": "UUEE1",
            "transition": "UUEE",
            "seq": 2,
            "leg_type": "CF",
            "fix_ident": "UUEEN",
            "fix_lat": 56.472261111111116,
            "fix_lon": 37.4146,
            "recommended_navaid": "",
            "arc_radius": 0.0,
            "theta": 0.0,
            "rho": 0.0,
            "outbound_course": 0.0,
            "inbound_course": 0.0,
            "turn_direction": "",
            "altitude": 5000,
            "altitude2": 0,
            "speed_limit": 220,
            "vertical_angle": 0.0,
            "center_fix": "",
            "rnp": 0.0
          },
          {
            "type": "SID",
            "proc_ident": "UUEE1",
            "transition": "UUEE",
            "seq": 3,
            "leg_type": "TF",
            "fix_ident": "UUEEI",
            "fix_lat": 56.172469444444445,
            "fix_lon": 37.4146,
            "recommended_navaid": "",
            "arc_radius": 0.0,
            "theta": 0.0,
            "rho": 0.0,
            "outbound_course": 0.0,
            "inbound_course": 0.0,
            "turn_direction": "",
            "altitude": 8000,
            "altitude2": 0,
            "speed_limit": 0,
            "vertical_angle": 0.0,
            "center_fix": "",
            "rnp": 0.0
          }
        ]
      }
    },
    {
      "type": "Feature",
      "geometry": {
        "type": "LineString",
        "coordinates": [
          [
            37.4146,
            56.472261111111116
          ],
          [
            37.4146,
            56.172469444444445
          ],
          [
            37.4146,
            56.07253055555556
          ],
          [
            37.4146,
            55.9726
          ]
        ]
      },
      "properties": {
        "class": "procedure",
        "type": "STAR",
        "proc_ident": "UUEE1",
        "transition": "UUEE",
        "legs": [
          {
            "type": "STAR",
            "proc_ident": "UUEE1",
            "transition": "UUEE",
            "seq": 1,
            "leg_type": "IF",
            "fix_ident": "UUEEN",
            "fix_lat": 56.472261111111116,
            "fix_lon": 37.4146,
            "recommended_navaid": "",
            "arc_radius": 0.0,
            "theta": 0.0,
            "rho": 0.0,
            "outbound_course": 0.0,
            "inbound_course": 0.0,
            "turn_direction": "",
            "altitude": 12500,
            "altitude2": 0,
            "speed_limit": 0,
            "vertical_angle": 0.0,
            "center_fix": "",
            "rnp": 0.0
          },
          {
            "type": "STAR",
            "proc_ident": "UUEE1",
            "transition": "UUEE",
            "seq": 2,
            "leg_type": "TF",
            "fix_ident": "UUEEI",
            "fix_lat": 56.172469444444445,
            "fix_lon": 37.4146,
            "recommended_navaid": "",
            "arc_radius": 0.0,
            "theta": 0.0,
            "rho": 0.0,
            "outbound_course": 180.0,
            "inbound_course": 0.0,
            "turn_direction": "0",
            "altitude": 10000,
            "altitude2": 0,
            "speed_limit": 0,
            "vertical_angle": 0.0,
            "center_fix": "",
            "rnp": 0.0
          },
          {
            "type": "STAR",
            "proc_ident": "UUEE1",
            "transition": "UUEE",
            "seq": 3,
            "leg_type": "CF",
            "fix_ident": "UUEEF",
            "fix_lat": 56.07253055555556,
            "fix_lon": 37.4146,
            "recommended_navaid": "",
            "arc_radius": 0.0,
            "theta": 0.0,
            "rho": 0.0,
            "outbound_course": 180.0,
            "inbound_course": 0.0,
            "turn_direction": "0",
            "altitude": 6000,
            "altitude2": 0,
            "speed_limit": 250,
            "vertical_angle": 0.0,
            "center_fix": "",
            "rnp": 0.0
          },
          {
            "type": "STAR",
            "proc_ident": "UUEE1",
            "transition": "UUEE",
            "seq": 4,
            "leg_type": "TF",
            "fix_ident": "UUEE",
            "fix_lat": 55.9726,
            "fix_lon": 37.4146,
            "recommended_navaid": "",
            "arc_radius": 0.0,
            "theta": 0.0,
            "rho": 0.0,
            "outbound_course": 180.0,
            "inbound_course": 0.0,
            "turn_direction": "0",
            "altitude": 4000,
            "altitude2": 0,
            "speed_limit": 220,
            "vertical_angle": 0.0,
            "center_fix": "",
            "rnp": 0.0
          }
        ]
      }
    },
    {
      "type": "Feature",
      "geometry": {
        "type": "LineString",
        "coordinates": [
          [
            12.2389,
            41.8003
          ],
          [
            12.2389,
            42.29996111111111
          ],
          [
            12.2389,
            42.000169444444445
          ]
        ]
      },
      "properties": {
        "class": "procedure",
        "type": "SID",
        "proc_ident": "LIRF1",
        "transition": "LIRF",
        "legs": [
          {
            "type": "SID",
            "proc_ident": "LIRF1",
            "transition": "LIRF",
            "seq": 1,
            "leg_type": "IF",
            "fix_ident": "LIRF",
            "fix_lat": 41.8003,
            "fix_lon": 12.2389,
            "recommended_navaid": "",
            "arc_radius": 0.0,
            "theta": 0.0,
            "rho": 0.0,
            "outbound_course": 0.0,
            "inbound_course": 0.0,
            "turn_direction": "",
            "altitude": 8,
            "altitude2": 0,
            "speed_limit": 0,
            "vertical_angle": 0.0,
            "center_fix": "",
            "rnp": 0.0
          },
          {
            "type": "SID",
            "proc_ident": "LIRF1",
            "transition": "LIRF",
            "seq": 2,
            "leg_type": "CF",
            "fix_ident": "LIRFN",
            "fix_lat": 42.29996111111111,
            "fix_lon": 12.2389,
            "recommended_navaid": "",
            "arc_radius": 0.0,
            "theta": 0.0,
            "rho": 0.0,
            "outbound_course": 0.0,
            "inbound_course": 0.0,
            "turn_direction": "",
            "altitude": 5000,
            "altitude2": 0,
            "speed_limit": 220,
            "vertical_angle": 0.0,
            "center_fix": "",
            "rnp": 0.0
          },
          {
            "type": "SID",
            "proc_ident": "LIRF1",
            "transition": "LIRF",
            "seq": 3,
            "leg_type": "TF",
            "fix_ident": "LIRFI",
            "fix_lat": 42.000169444444445,
            "fix_lon": 12.2389,
            "recommended_navaid": "",
            "arc_radius": 0.0,
            "theta": 0.0,
            "rho": 0.0,
            "outbound_course": 0.0,
            "inbound_course": 0.0,
            "turn_direction": "",
            "altitude": 8000,
            "altitude2": 0,
            "speed_limit": 0,
            "vertical_angle": 0.0,
            "center_fix": "",
            "rnp": 0.0
          }
        ]
      }
    },
    {
      "type": "Feature",
      "geometry": {
        "type": "LineString",
        "coordinates": [
          [
            12.2389,
            42.29996111111111
          ],
          [
            12.2389,
            42.000169444444445
          ],
          [
            12.2389,
            41.90023055555555
          ],
          [
            12.2389,
            41.8003
          ]
        ]
      },
      "properties": {
        "class": "procedure",
        "type": "STAR",
        "proc_ident": "LIRF1",
        "transition": "LIRF",
        "legs": [
          {
            "type": "STAR",
            "proc_ident": "LIRF1",
            "transition": "LIRF",
            "seq": 1,
            "leg_type": "IF",
            "fix_ident": "LIRFN",
            "fix_lat": 42.29996111111111,
            "fix_lon": 12.2389,
            "recommended_navaid": "",
            "arc_radius": 0.0,
            "theta": 0.0,
            "rho": 0.0,
            "outbound_course": 0.0,
            "inbound_course": 0.0,
            "turn_direction": "",
            "altitude": 12500,
            "altitude2": 0,
            "speed_limit": 0,
            "vertical_angle": 0.0,
            "center_fix": "",
            "rnp": 0.0
          },
          {
            "type": "STAR",
            "proc_ident": "LIRF1",
            "transition": "LIRF",
            "seq": 2,
            "leg_type": "TF",
            "fix_ident": "LIRFI",
            "fix_lat": 42.000169444444445,
            "fix_lon": 12.2389,
            "recommended_navaid": "",
            "arc_radius": 0.0,
            "theta": 0.0,
            "rho": 0.0,
            "outbound_course": 180.0,
            "inbound_course": 0.0,
            "turn_direction": "0",
            "altitude": 10000,
            "altitude2": 0,
            "speed_limit": 0,
            "vertical_angle": 0.0,
            "center_fix": "",
            "rnp": 0.0
          },
          {
            "type": "STAR",
            "proc_ident": "LIRF1",
            "transition": "LIRF",
            "seq": 3,
            "leg_type": "CF",
            "fix_ident": "LIRFF",
            "fix_lat": 41.90023055555555,
            "fix_lon": 12.2389,
            "recommended_navaid": "",
            "arc_radius": 0.0,
            "theta": 0.0,
            "rho": 0.0,
            "outbound_course": 180.0,
            "inbound_course": 0.0,
            "turn_direction": "0",
            "altitude": 6000,
            "altitude2": 0,
            "speed_limit": 250,
            "vertical_angle": 0.0,
            "center_fix": "",
            "rnp": 0.0
          },
          {
            "type": "STAR",
            "proc_ident": "LIRF1",
            "transition": "LIRF",
            "seq": 4,
            "leg_type": "TF",
            "fix_ident": "LIRF",
            "fix_lat": 41.8003,
            "fix_lon": 12.2389,
            "recommended_navaid": "",
            "arc_radius": 0.0,
            "theta": 0.0,
            "rho": 0.0,
            "outbound_course": 180.0,
            "inbound_course": 0.0,
            "turn_direction": "0",
            "altitude": 4000,
            "altitude2": 0,
            "speed_limit": 220,
            "vertical_angle": 0.0,
            "center_fix": "",
            "rnp": 0.0
          }
        ]
      }
    },
    {
      "type": "Feature",
      "geometry": {
        "type": "LineString",
        "coordinates": [
          [
            -3.5625999999999998,
            40.471900000000005
          ],
          [
            -3.5625999999999998,
            40.971561111111114
          ],
          [
            -3.5625999999999998,
            40.67176944444444
          ]
        ]
      },
      "properties": {
        "class": "procedure",
        "type": "SID",
        "proc_ident": "LEMD1",
        "transition": "LEMD",
        "legs": [
          {
            "type": "SID",
            "proc_ident": "LEMD1",
            "transition": "LEMD",
            "seq": 1,
            "leg_type": "IF",
            "fix_ident": "LEMD",
            "fix_lat": 40.471900000000005,
            "fix_lon": -3.5625999999999998,
            "recommended_navaid": "",
            "arc_radius": 0.0,
            "theta": 0.0,
            "rho": 0.0,
            "outbound_course": 0.0,
            "inbound_course": 0.0,
            "turn_direction": "",
            "altitude": 1998,
            "altitude2": 0,
            "speed_limit": 0,
            "vertical_angle": 0.0,
            "center_fix": "",
            "rnp": 0.0
          },
          {
            "type": "SID",
            "proc_ident": "LEMD1",
            "transition": "LEMD",
            "seq": 2,
            "leg_type": "CF",
            "fix_ident": "LEMDN",
            "fix_lat": 40.971561111111114,
            "fix_lon": -3.5625999999999998,
            "recommended_navaid": "",
            "arc_radius": 0.0,
            "theta": 0.0,
            "rho": 0.0,
            "outbound_course": 0.0,
            "inbound_course": 0.0,
            "turn_direction": "",
            "altitude": 5000,
            "altitude2": 0,
            "speed_limit": 220,
            "vertical_angle": 0.0,
            "center_fix": "",
            "rnp": 0.0
          },
          {
            "type": "SID",
            "proc_ident": "LEMD1",
            "transition": "LEMD",
            "seq": 3,
            "leg_type": "TF",
            "fix_ident": "LEMDI",
            "fix_lat": 40.67176944444444,
            "fix_lon": -3.5625999999999998,
            "recommended_navaid": "",
            "arc_radius": 0.0,
            "theta": 0.0,
            "rho": 0.0,
            "outbound_course": 0.0,
            "inbound_course": 0.0,
            "turn_direction": "",
            "altitude": 8000,
            "altitude2": 0,
            "speed_limit": 0,
            "vertical_angle": 0.0,
            "center_fix": "",
            "rnp": 0.0
          }
        ]
      }
    },
    {
      "type": "Feature",
      "geometry": {
        "type": "LineString",
        "coordinates": [
          [
            -3.5625999999999998,
            40.971561111111114
          ],
          [
            -3.5625999999999998,
            40.67176944444444
          ],
          [
            -3.5625999999999998,
            40.57183055555556
          ],
          [
            -3.5625999999999998,
            40.471900000000005
          ]
        ]
      },
      "properties": {
        "class": "procedure",
        "type": "STAR",
        "proc_ident": "LEMD1",
        "transition": "LEMD",
        "legs": [
          {
            "type": "STAR",
            "proc_ident": "LEMD1",
            "transition": "LEMD",
            "seq": 1,
            "leg_type": "IF",
            "fix_ident": "LEMDN",
            "fix_lat": 40.971561111111114,
            "fix_lon": -3.5625999999999998,
            "recommended_navaid": "",
            "arc_radius": 0.0,
            "theta": 0.0,
            "rho": 0.0,
            "outbound_course": 0.0,
            "inbound_course": 0.0,
            "turn_direction": "",
            "altitude": 12500,
            "altitude2": 0,
            "speed_limit": 0,
            "vertical_angle": 0.0,
            "center_fix": "",
            "rnp": 0.0
          },
          {
            "type": "STAR",
            "proc_ident": "LEMD1",
            "transition": "LEMD",
            "seq": 2,
            "leg_type": "TF",
            "fix_ident": "LEMDI",
            "fix_lat": 40.67176944444444,
            "fix_lon": -3.5625999999999998,
            "recommended_navaid": "",
            "arc_radius": 0.0,
            "theta": 0.0,
            "rho": 0.0,
            "outbound_course": 180.0,
            "inbound_course": 0.0,
            "turn_direction": "0",
            "altitude": 10000,
            "altitude2": 0,
            "speed_limit": 0,
            "vertical_angle": 0.0,
            "center_fix": "",
            "rnp": 0.0
          },
          {
            "type": "STAR",
            "proc_ident": "LEMD1",
            "transition": "LEMD",
            "seq": 3,
            "leg_type": "CF",
            "fix_ident": "LEMDF",
            "fix_lat": 40.57183055555556,
            "fix_lon": -3.5625999999999998,
            "recommended_navaid": "",
            "arc_radius": 0.0,
            "theta": 0.0,
            "rho": 0.0,
            "outbound_course": 180.0,
            "inbound_course": 0.0,
            "turn_direction": "0",
            "altitude": 6000,
            "altitude2": 0,
            "speed_limit": 250,
            "vertical_angle": 0.0,
            "center_fix": "",
            "rnp": 0.0
          },
          {
            "type": "STAR",
            "proc_ident": "LEMD1",
            "transition": "LEMD",
            "seq": 4,
            "leg_type": "TF",
            "fix_ident": "LEMD",
            "fix_lat": 40.471900000000005,
            "fix_lon": -3.5625999999999998,
            "recommended_navaid": "",
            "arc_radius": 0.0,
            "theta": 0.0,
            "rho": 0.0,
            "outbound_course": 180.0,
            "inbound_course": 0.0,
            "turn_direction": "0",
            "altitude": 4000,
            "altitude2": 0,
            "speed_limit": 220,
            "vertical_angle": 0.0,
            "center_fix": "",
            "rnp": 0.0
          }
        ]
      }
    },
    {
      "type": "Feature",
      "geometry": {
        "type": "LineString",
        "coordinates": [
          [
            11.7861,
            48.3537
          ],
          [
            11.7861,
            48.85336111111111
          ],
          [
            11.7861,
            48.55356944444444
          ]
        ]
      },
      "properties": {
        "class": "procedure",
        "type": "SID",
        "proc_ident": "EDDM1",
        "transition": "EDDM",
        "legs": [
          {
            "type": "SID",
            "proc_ident": "EDDM1",
            "transition": "EDDM",
            "seq": 1,
            "leg_type": "IF",
            "fix_ident": "EDDM",
            "fix_lat": 48.3537,
            "fix_lon": 11.7861,
            "recommended_navaid": "",
            "arc_radius": 0.0,
            "theta": 0.0,
            "rho": 0.0,
            "outbound_course": 0.0,
            "inbound_course": 0.0,
            "turn_direction": "",
            "altitude": 1487,
            "altitude2": 0,
            "speed_limit": 0,
            "vertical_angle": 0.0,
            "center_fix": "",
            "rnp": 0.0
          },
          {
            "type": "SID",
            "proc_ident": "EDDM1",
            "transition": "EDDM",
            "seq": 2,
            "leg_type": "CF",
            "fix_ident": "EDDMN",
            "fix_lat": 48.85336111111111,
            "fix_lon": 11.7861,
            "recommended_navaid": "",
            "arc_radius": 0.0,
            "theta": 0.0,
            "rho": 0.0,
            "outbound_course": 0.0,
            "inbound_course": 0.0,
            "turn_direction": "",
            "altitude": 5000,
            "altitude2": 0,
            "speed_limit": 220,
            "vertical_angle": 0.0,
            "center_fix": "",
            "rnp": 0.0
          },
          {
            "type": "SID",
            "proc_ident": "EDDM1",
            "transition": "EDDM",
            "seq": 3,
            "leg_type": "TF",
            "fix_ident": "EDDMI",
            "fix_lat": 48.55356944444444,
            "fix_lon": 11.7861,
            "recommended_navaid": "",
            "arc_radius": 0.0,
            "theta": 0.0,
            "rho": 0.0,
            "outbound_course": 0.0,
            "inbound_course": 0.0,
            "turn_direction": "",
            "altitude": 8000,
            "altitude2": 0,
            "speed_limit": 0,
            "vertical_angle": 0.0,
            "center_fix": "",
            "rnp": 0.0
          }
        ]
      }
    },
    {
      "type": "Feature",
      "geometry": {
        "type": "LineString",
        "coordinates": [
          [
            11.7861,
            48.85336111111111
          ],
          [
            11.7861,
            48.55356944444444
          ],
          [
            11.7861,
            48.453630555555556
          ],
          [
            11.7861,
            48.3537
          ]
        ]
      },
      "properties": {
        "class": "procedure",
        "type": "STAR",
        "proc_ident": "EDDM1",
        "transition": "EDDM",
        "legs": [
          {
            "type": "STAR",
            "proc_ident": "EDDM1",
            "transition": "EDDM",
            "seq": 1,
            "leg_type": "IF",
            "fix_ident": "EDDMN",
            "fix_lat": 48.85336111111111,
            "fix_lon": 11.7861,
            "recommended_navaid": "",
            "arc_radius": 0.0,
            "theta": 0.0,
            "rho": 0.0,
            "outbound_course": 0.0,
            "inbound_course": 0.0,
            "turn_direction": "",
            "altitude": 12500,
            "altitude2": 0,
            "speed_limit": 0,
            "vertical_angle": 0.0,
            "center_fix": "",
            "rnp": 0.0
          },
          {
            "type": "STAR",
            "proc_ident": "EDDM1",
            "transition": "EDDM",
            "seq": 2,
            "leg_type": "TF",
            "fix_ident": "EDDMI",
            "fix_lat": 48.55356944444444,
            "fix_lon": 11.7861,
            "recommended_navaid": "",
            "arc_radius": 0.0,
            "theta": 0.0,
            "rho": 0.0,
            "outbound_course": 180.0,
            "inbound_course": 0.0,
            "turn_direction": "0",
            "altitude": 10000,
            "altitude2": 0,
            "speed_limit": 0,
            "vertical_angle": 0.0,
            "center_fix": "",
            "rnp": 0.0
          },
          {
            "type": "STAR",
            "proc_ident": "EDDM1",
            "transition": "EDDM",
            "seq": 3,
            "leg_type": "CF",
            "fix_ident": "EDDMF",
            "fix_lat": 48.453630555555556,
            "fix_lon": 11.7861,
            "recommended_navaid": "",
            "arc_radius": 0.0,
            "theta": 0.0,
            "rho": 0.0,
            "outbound_course": 180.0,
            "inbound_course": 0.0,
            "turn_direction": "0",
            "altitude": 6000,
            "altitude2": 0,
            "speed_limit": 250,
            "vertical_angle": 0.0,
            "center_fix": "",
            "rnp": 0.0
          },
          {
            "type": "STAR",
            "proc_ident": "EDDM1",
            "transition": "EDDM",
            "seq": 4,
            "leg_type": "TF",
            "fix_ident": "EDDM",
            "fix_lat": 48.3537,
            "fix_lon": 11.7861,
            "recommended_navaid": "",
            "arc_radius": 0.0,
            "theta": 0.0,
            "rho": 0.0,
            "outbound_course": 180.0,
            "inbound_course": 0.0,
            "turn_direction": "0",
            "altitude": 4000,
            "altitude2": 0,
            "speed_limit": 220,
            "vertical_angle": 0.0,
            "center_fix": "",
            "rnp": 0.0
          }
        ]
      }
    },
    {
      "type": "Feature",
      "geometry": {
        "type": "LineString",
        "coordinates": [
          [
            -0.1903,
            51.1481
          ],
          [
            -0.1903,
            51.64776111111111
          ],
          [
            -0.1903,
            51.347969444444445
          ]
        ]
      },
      "properties": {
        "class": "procedure",
        "type": "SID",
        "proc_ident": "EGKK1",
        "transition": "EGKK",
        "legs": [
          {
            "type": "SID",
            "proc_ident": "EGKK1",
            "transition": "EGKK",
            "seq": 1,
            "leg_type": "IF",
            "fix_ident": "EGKK",
            "fix_lat": 51.1481,
            "fix_lon": -0.1903,
            "recommended_navaid": "",
            "arc_radius": 0.0,
            "theta": 0.0,
            "rho": 0.0,
            "outbound_course": 0.0,
            "inbound_course": 0.0,
            "turn_direction": "",
            "altitude": 202,
            "altitude2": 0,
            "speed_limit": 0,
            "vertical_angle": 0.0,
            "center_fix": "",
            "rnp": 0.0
          },
          {
            "type": "SID",
            "proc_ident": "EGKK1",
            "transition": "EGKK",
            "seq": 2,
            "leg_type": "CF",
            "fix_ident": "EGKKN",
            "fix_lat": 51.64776111111111,
            "fix_lon": -0.1903,
            "recommended_navaid": "",
            "arc_radius": 0.0,
            "theta": 0.0,
            "rho": 0.0,
            "outbound_course": 0.0,
            "inbound_course": 0.0,
            "turn_direction": "",
            "altitude": 5000,
            "altitude2": 0,
            "speed_limit": 220,
            "vertical_angle": 0.0,
            "center_fix": "",
            "rnp": 0.0
          },
          {
            "type": "SID",
            "proc_ident": "EGKK1",
            "transition": "EGKK",
            "seq": 3,
            "leg_type": "TF",
            "fix_ident": "EGKKI",
            "fix_lat": 51.347969444444445,
            "fix_lon": -0.1903,
            "recommended_navaid": "",
            "arc_radius": 0.0,
            "theta": 0.0,
            "rho": 0.0,
            "outbound_course": 0.0,
            "inbound_course": 0.0,
            "turn_direction": "",
            "altitude": 8000,
            "altitude2": 0,
            "speed_limit": 0,
            "vertical_angle": 0.0,
            "center_fix": "",
            "rnp": 0.0
          }
        ]
      }
    },
    {
      "type": "Feature",
      "geometry": {
        "type": "LineString",
        "coordinates": [
          [
            -0.1903,
            51.64776111111111
          ],
          [
            -0.1903,
            51.347969444444445
          ],
          [
            -0.1903,
            51.24803055555556
          ],
          [
            -0.1903,
            51.1481
          ]
        ]
      },
      "properties": {
        "class": "procedure",
        "type": "STAR",
        "proc_ident": "EGKK1",
        "transition": "EGKK",
        "legs": [
          {
            "type": "STAR",
            "proc_ident": "EGKK1",
            "transition": "EGKK",
            "seq": 1,
            "leg_type": "IF",
            "fix_ident": "EGKKN",
            "fix_lat": 51.64776111111111,
            "fix_lon": -0.1903,
            "recommended_navaid": "",
            "arc_radius": 0.0,
            "theta": 0.0,
            "rho": 0.0,
            "outbound_course": 0.0,
            "inbound_course": 0.0,
            "turn_direction": "",
            "altitude": 12500,
            "altitude2": 0,
            "speed_limit": 0,
            "vertical_angle": 0.0,
            "center_fix": "",
            "rnp": 0.0
          },
          {
            "type": "STAR",
            "proc_ident": "EGKK1",
            "transition": "EGKK",
            "seq": 2,
            "leg_type": "TF",
            "fix_ident": "EGKKI",
            "fix_lat": 51.347969444444445,
            "fix_lon": -0.1903,
            "recommended_navaid": "",
            "arc_radius": 0.0,
            "theta": 0.0,
            "rho": 0.0,
            "outbound_course": 180.0,
            "inbound_course": 0.0,
            "turn_direction": "0",
            "altitude": 10000,
            "altitude2": 0,
            "speed_limit": 0,
            "vertical_angle": 0.0,
            "center_fix": "",
            "rnp": 0.0
          },
          {
            "type": "STAR",
            "proc_ident": "EGKK1",
            "transition": "EGKK",
            "seq": 3,
            "leg_type": "CF",
            "fix_ident": "EGKKF",
            "fix_lat": 51.24803055555556,
            "fix_lon": -0.1903,
            "recommended_navaid": "",
            "arc_radius": 0.0,
            "theta": 0.0,
            "rho": 0.0,
            "outbound_course": 180.0,
            "inbound_course": 0.0,
            "turn_direction": "0",
            "altitude": 6000,
            "altitude2": 0,
            "speed_limit": 250,
            "vertical_angle": 0.0,
            "center_fix": "",
            "rnp": 0.0
          },
          {
            "type": "STAR",
            "proc_ident": "EGKK1",
            "transition": "EGKK",
            "seq": 4,
            "leg_type": "TF",
            "fix_ident": "EGKK",
            "fix_lat": 51.1481,
            "fix_lon": -0.1903,
            "recommended_navaid": "",
            "arc_radius": 0.0,
            "theta": 0.0,
            "rho": 0.0,
            "outbound_course": 180.0,
            "inbound_course": 0.0,
            "turn_direction": "0",
            "altitude": 4000,
            "altitude2": 0,
            "speed_limit": 220,
            "vertical_angle": 0.0,
            "center_fix": "",
            "rnp": 0.0
          }
        ]
      }
    },
    {
      "type": "Feature",
      "geometry": {
        "type": "LineString",
        "coordinates": [
          [
            2.3794,
            48.7233
          ],
          [
            2.3794,
            49.22296111111111
          ],
          [
            2.3794,
            48.92316944444444
          ]
        ]
      },
      "properties": {
        "class": "procedure",
        "type": "SID",
        "proc_ident": "LFPO1",
        "transition": "LFPO",
        "legs": [
          {
            "type": "SID",
            "proc_ident": "LFPO1",
            "transition": "LFPO",
            "seq": 1,
            "leg_type": "IF",
            "fix_ident": "LFPO",
            "fix_lat": 48.7233,
            "fix_lon": 2.3794,
            "recommended_navaid": "",
            "arc_radius": 0.0,
            "theta": 0.0,
            "rho": 0.0,
            "outbound_course": 0.0,
            "inbound_course": 0.0,
            "turn_direction": "",
            "altitude": 290,
            "altitude2": 0,
            "speed_limit": 0,
            "vertical_angle": 0.0,
            "center_fix": "",
            "rnp": 0.0
          },
          {
            "type": "SID",
            "proc_ident": "LFPO1",
            "transition": "LFPO",
            "seq": 2,
            "leg_type": "CF",
            "fix_ident": "LFPON",
            "fix_lat": 49.22296111111111,
            "fix_lon": 2.3794,
            "recommended_navaid": "",
            "arc_radius": 0.0,
            "theta": 0.0,
            "rho": 0.0,
            "outbound_course": 0.0,
            "inbound_course": 0.0,
            "turn_direction": "",
            "altitude": 5000,
            "altitude2": 0,
            "speed_limit": 220,
            "vertical_angle": 0.0,
            "center_fix": "",
            "rnp": 0.0
          },
          {
            "type": "SID",
            "proc_ident": "LFPO1",
            "transition": "LFPO",
            "seq": 3,
            "leg_type": "TF",
            "fix_ident": "LFPOI",
            "fix_lat": 48.92316944444444,
            "fix_lon": 2.3794,
            "recommended_navaid": "",
            "arc_radius": 0.0,
            "theta": 0.0,
            "rho": 0.0,
            "outbound_course": 0.0,
            "inbound_course": 0.0,
            "turn_direction": "",
            "altitude": 8000,
            "altitude2": 0,
            "speed_limit": 0,
            "vertical_angle": 0.0,
            "center_fix": "",
            "rnp": 0.0
          }
        ]
      }
    },
    {
      "type": "Feature",
      "geometry": {
        "type": "LineString",
        "coordinates": [
          [
            2.3794,
            49.22296111111111
          ],
          [
            2.3794,
            48.92316944444444
          ],
          [
            2.3794,
            48.82323055555556
          ],
          [
            2.3794,
            48.7233
          ]
        ]
      },
      "properties": {
        "class": "procedure",
        "type": "STAR",
        "proc_ident": "LFPO1",
        "transition": "LFPO",
        "legs": [
          {
            "type": "STAR",
            "proc_ident": "LFPO1",
            "transition": "LFPO",
            "seq": 1,
            "leg_type": "IF",
            "fix_ident": "LFPON",
            "fix_lat": 49.22296111111111,
            "fix_lon": 2.3794,
            "recommended_navaid": "",
            "arc_radius": 0.0,
            "theta": 0.0,
            "rho": 0.0,
            "outbound_course": 0.0,
            "inbound_course": 0.0,
            "turn_direction": "",
            "altitude": 12500,
            "altitude2": 0,
            "speed_limit": 0,
            "vertical_angle": 0.0,
            "center_fix": "",
            "rnp": 0.0
          },
          {
            "type": "STAR",
            "proc_ident": "LFPO1",
            "transition": "LFPO",
            "seq": 2,
            "leg_type": "TF",
            "fix_ident": "LFPOI",
            "fix_lat": 48.92316944444444,
            "fix_lon": 2.3794,
            "recommended_navaid": "",
            "arc_radius": 0.0,
            "theta": 0.0,
            "rho": 0.0,
            "outbound_course": 180.0,
            "inbound_course": 0.0,
            "turn_direction": "0",
            "altitude": 10000,
            "altitude2": 0,
            "speed_limit": 0,
            "vertical_angle": 0.0,
            "center_fix": "",
            "rnp": 0.0
          },
          {
            "type": "STAR",
            "proc_ident": "LFPO1",
            "transition": "LFPO",
            "seq": 3,
            "leg_type": "CF",
            "fix_ident": "LFPOF",
            "fix_lat": 48.82323055555556,
            "fix_lon": 2.3794,
            "recommended_navaid": "",
            "arc_radius": 0.0,
            "theta": 0.0,
            "rho": 0.0,
            "outbound_course": 180.0,
            "inbound_course": 0.0,
            "turn_direction": "0",
            "altitude": 6000,
            "altitude2": 0,
            "speed_limit": 250,
            "vertical_angle": 0.0,
            "center_fix": "",
            "rnp": 0.0
          },
          {
            "type": "STAR",
            "proc_ident": "LFPO1",
            "transition": "LFPO",
            "seq": 4,
            "leg_type": "TF",
            "fix_ident": "LFPO",
            "fix_lat": 48.7233,
            "fix_lon": 2.3794,
            "recommended_navaid": "",
            "arc_radius": 0.0,
            "theta": 0.0,
            "rho": 0.0,
            "outbound_course": 180.0,
            "inbound_course": 0.0,
            "turn_direction": "0",
            "altitude": 4000,
            "altitude2": 0,
            "speed_limit": 220,
            "vertical_angle": 0.0,
            "center_fix": "",
            "rnp": 0.0
          }
        ]
      }
    },
    {
      "type": "Feature",
      "geometry": {
        "type": "LineString",
        "coordinates": [
          [
            -73.7781,
            40.6413
          ],
          [
            -73.7781,
            41.14096111111111
          ],
          [
            -73.7781,
            40.841169444444446
          ]
        ]
      },
      "properties": {
        "class": "procedure",
        "type": "SID",
        "proc_ident": "KJFK1",
        "transition": "KJFK",
        "legs": [
          {
            "type": "SID",
            "proc_ident": "KJFK1",
            "transition": "KJFK",
            "seq": 1,
            "leg_type": "IF",
            "fix_ident": "KJFK",
            "fix_lat": 40.6413,
            "fix_lon": -73.7781,
            "recommended_navaid": "",
            "arc_radius": 0.0,
            "theta": 0.0,
            "rho": 0.0,
            "outbound_course": 0.0,
            "inbound_course": 0.0,
            "turn_direction": "",
            "altitude": 13,
            "altitude2": 0,
            "speed_limit": 0,
            "vertical_angle": 0.0,
            "center_fix": "",
            "rnp": 0.0
          },
          {
            "type": "SID",
            "proc_ident": "KJFK1",
            "transition": "KJFK",
            "seq": 2,
            "leg_type": "CF",
            "fix_ident": "KJFKN",
            "fix_lat": 41.14096111111111,
            "fix_lon": -73.7781,
            "recommended_navaid": "",
            "arc_radius": 0.0,
            "theta": 0.0,
            "rho": 0.0,
            "outbound_course": 0.0,
            "inbound_course": 0.0,
            "turn_direction": "",
            "altitude": 5000,
            "altitude2": 0,
            "speed_limit": 220,
            "vertical_angle": 0.0,
            "center_fix": "",
            "rnp": 0.0
          },
          {
            "type": "SID",
            "proc_ident": "KJFK1",
            "transition": "KJFK",
            "seq": 3,
            "leg_type": "TF",
            "fix_ident": "KJFKI",
            "fix_lat": 40.841169444444446,
            "fix_lon": -73.7781,
            "recommended_navaid": "",
            "arc_radius": 0.0,
            "theta": 0.0,
            "rho": 0.0,
            "outbound_course": 0.0,
            "inbound_course": 0.0,
            "turn_direction": "",
            "altitude": 8000,
            "altitude2": 0,
            "speed_limit": 0,
            "vertical_angle": 0.0,
            "center_fix": "",
            "rnp": 0.0
          }
        ]
      }
    },
    {
      "type": "Feature",
      "geometry": {
        "type": "LineString",
        "coordinates": [
          [
            -73.7781,
            41.14096111111111
          ],
          [
            -73.7781,
            40.841169444444446
          ],
          [
            -73.7781,
            40.74123055555555
          ],
          [
            -73.7781,
            40.6413
          ]
        ]
      },
      "properties": {
        "class": "procedure",
        "type": "STAR",
        "proc_ident": "KJFK1",
        "transition": "KJFK",
        "legs": [
          {
            "type": "STAR",
            "proc_ident": "KJFK1",
            "transition": "KJFK",
            "seq": 1,
            "leg_type": "IF",
            "fix_ident": "KJFKN",
            "fix_lat": 41.14096111111111,
            "fix_lon": -73.7781,
            "recommended_navaid": "",
            "arc_radius": 0.0,
            "theta": 0.0,
            "rho": 0.0,
            "outbound_course": 0.0,
            "inbound_course": 0.0,
            "turn_direction": "",
            "altitude": 12500,
            "altitude2": 0,
            "speed_limit": 0,
            "vertical_angle": 0.0,
            "center_fix": "",
            "rnp": 0.0
          },
          {
            "type": "STAR",
            "proc_ident": "KJFK1",
            "transition": "KJFK",
            "seq": 2,
            "leg_type": "TF",
            "fix_ident": "KJFKI",
            "fix_lat": 40.841169444444446,
            "fix_lon": -73.7781,
            "recommended_navaid": "",
            "arc_radius": 0.0,
            "theta": 0.0,
            "rho": 0.0,
            "outbound_course": 180.0,
            "inbound_course": 0.0,
            "turn_direction": "0",
            "altitude": 10000,
            "altitude2": 0,
            "speed_limit": 0,
            "vertical_angle": 0.0,
            "center_fix": "",
            "rnp": 0.0
          },
          {
            "type": "STAR",
            "proc_ident": "KJFK1",
            "transition": "KJFK",
            "seq": 3,
            "leg_type": "CF",
            "fix_ident": "KJFKF",
            "fix_lat": 40.74123055555555,
            "fix_lon": -73.7781,
            "recommended_navaid": "",
            "arc_radius": 0.0,
            "theta": 0.0,
            "rho": 0.0,
            "outbound_course": 180.0,
            "inbound_course": 0.0,
            "turn_direction": "0",
            "altitude": 6000,
            "altitude2": 0,
            "speed_limit": 250,
            "vertical_angle": 0.0,
            "center_fix": "",
            "rnp": 0.0
          },
          {
            "type": "STAR",
            "proc_ident": "KJFK1",
            "transition": "KJFK",
            "seq": 4,
            "leg_type": "TF",
            "fix_ident": "KJFK",
            "fix_lat": 40.6413,
            "fix_lon": -73.7781,
            "recommended_navaid": "",
            "arc_radius": 0.0,
            "theta": 0.0,
            "rho": 0.0,
            "outbound_course": 180.0,
            "inbound_course": 0.0,
            "turn_direction": "0",
            "altitude": 4000,
            "altitude2": 0,
            "speed_limit": 220,
            "vertical_angle": 0.0,
            "center_fix": "",
            "rnp": 0.0
          }
        ]
      }
    },
    {
      "type": "Feature",
      "geometry": {
        "type": "LineString",
        "coordinates": [
          [
            -118.4085,
            33.941599999999994
          ],
          [
            -118.4085,
            34.44126111111111
          ],
          [
            -118.4085,
            34.141469444444446
          ]
        ]
      },
      "properties": {
        "class": "procedure",
        "type": "SID",
        "proc_ident": "KLAX1",
        "transition": "KLAX",
        "legs": [
          {
            "type": "SID",
            "proc_ident": "KLAX1",
            "transition": "KLAX",
            "seq": 1,
            "leg_type": "IF",
            "fix_ident": "KLAX",
            "fix_lat": 33.941599999999994,
            "fix_lon": -118.4085,
            "recommended_navaid": "",
            "arc_radius": 0.0,
            "theta": 0.0,
            "rho": 0.0,
            "outbound_course": 0.0,
            "inbound_course": 0.0,
            "turn_direction": "",
            "altitude": 126,
            "altitude2": 0,
            "speed_limit": 0,
            "vertical_angle": 0.0,
            "center_fix": "",
            "rnp": 0.0
          },
          {
            "type": "SID",
            "proc_ident": "KLAX1",
            "transition": "KLAX",
            "seq": 2,
            "leg_type": "CF",
            "fix_ident": "KLAXN",
            "fix_lat": 34.44126111111111,
            "fix_lon": -118.4085,
            "recommended_navaid": "",
            "arc_radius": 0.0,
            "theta": 0.0,
            "rho": 0.0,
            "outbound_course": 0.0,
            "inbound_course": 0.0,
            "turn_direction": "",
            "altitude": 5000,
            "altitude2": 0,
            "speed_limit": 220,
            "vertical_angle": 0.0,
            "center_fix": "",
            "rnp": 0.0
          },
          {
            "type": "SID",
            "proc_ident": "KLAX1",
            "transition": "KLAX",
            "seq": 3,
            "leg_type": "TF",
            "fix_ident": "KLAXI",
            "fix_lat": 34.141469444444446,
            "fix_lon": -118.4085,
            "recommended_navaid": "",
            "arc_radius": 0.0,
            "theta": 0.0,
            "rho": 0.0,
            "outbound_course": 0.0,
            "inbound_course": 0.0,
            "turn_direction": "",
            "altitude": 8000,
            "altitude2": 0,
            "speed_limit": 0,
            "vertical_angle": 0.0,
            "center_fix": "",
            "rnp": 0.0
          }
        ]
      }
    },
    {
      "type": "Feature",
      "geometry": {
        "type": "LineString",
        "coordinates": [
          [
            -118.4085,
            34.44126111111111
          ],
          [
            -118.4085,
            34.141469444444446
          ],
          [
            -118.4085,
            34.04153055555555
          ],
          [
            -118.4085,
            33.941599999999994
          ]
        ]
      },
      "properties": {
        "class": "procedure",
        "type": "STAR",
        "proc_ident": "KLAX1",
        "transition": "KLAX",
        "legs": [
          {
            "type": "STAR",
            "proc_ident": "KLAX1",
            "transition": "KLAX",
            "seq": 1,
            "leg_type": "IF",
            "fix_ident": "KLAXN",
            "fix_lat": 34.44126111111111,
            "fix_lon": -118.4085,
            "recommended_navaid": "",
            "arc_radius": 0.0,
            "theta": 0.0,
            "rho": 0.0,
            "outbound_course": 0.0,
            "inbound_course": 0.0,
            "turn_direction": "",
            "altitude": 12500,
            "altitude2": 0,
            "speed_limit": 0,
            "vertical_angle": 0.0,
            "center_fix": "",
            "rnp": 0.0
          },
          {
            "type": "STAR",
            "proc_ident": "KLAX1",
            "transition": "KLAX",
            "seq": 2,
            "leg_type": "TF",
            "fix_ident": "KLAXI",
            "fix_lat": 34.141469444444446,
            "fix_lon": -118.4085,
            "recommended_navaid": "",
            "arc_radius": 0.0,
            "theta": 0.0,
            "rho": 0.0,
            "outbound_course": 180.0,
            "inbound_course": 0.0,
            "turn_direction": "0",
            "altitude": 10000,
            "altitude2": 0,
            "speed_limit": 0,
            "vertical_angle": 0.0,
            "center_fix": "",
            "rnp": 0.0
          },
          {
            "type": "STAR",
            "proc_ident": "KLAX1",
            "transition": "KLAX",
            "seq": 3,
            "leg_type": "CF",
            "fix_ident": "KLAXF",
            "fix_lat": 34.04153055555555,
            "fix_lon": -118.4085,
            "recommended_navaid": "",
            "arc_radius": 0.0,
            "theta": 0.0,
            "rho": 0.0,
            "outbound_course": 180.0,
            "inbound_course": 0.0,
            "turn_direction": "0",
            "altitude": 6000,
            "altitude2": 0,
            "speed_limit": 250,
            "vertical_angle": 0.0,
            "center_fix": "",
            "rnp": 0.0
          },
          {
            "type": "STAR",
            "proc_ident": "KLAX1",
            "transition": "KLAX",
            "seq": 4,
            "leg_type": "TF",
            "fix_ident": "KLAX",
            "fix_lat": 33.941599999999994,
            "fix_lon": -118.4085,
            "recommended_navaid": "",
            "arc_radius": 0.0,
            "theta": 0.0,
            "rho": 0.0,
            "outbound_course": 180.0,
            "inbound_course": 0.0,
            "turn_direction": "0",
            "altitude": 4000,
            "altitude2": 0,
            "speed_limit": 220,
            "vertical_angle": 0.0,
            "center_fix": "",
            "rnp": 0.0
          }
        ]
      }
    },
    {
      "type": "Feature",
      "geometry": {
        "type": "LineString",
        "coordinates": [
          [
            -87.9073,
            41.9742
          ],
          [
            -87.9073,
            42.47386111111111
          ],
          [
            -87.9073,
            42.17406944444444
          ]
        ]
      },
      "properties": {
        "class": "procedure",
        "type": "SID",
        "proc_ident": "KORD1",
        "transition": "KORD",
        "legs": [
          {
            "type": "SID",
            "proc_ident": "KORD1",
            "transition": "KORD",
            "seq": 1,
            "leg_type": "IF",
            "fix_ident": "KORD",
            "fix_lat": 41.9742,
            "fix_lon": -87.9073,
            "recommended_navaid": "",
            "arc_radius": 0.0,
            "theta": 0.0,
            "rho": 0.0,
            "outbound_course": 0.0,
            "inbound_course": 0.0,
            "turn_direction": "",
            "altitude": 668,
            "altitude2": 0,
            "speed_limit": 0,
            "vertical_angle": 0.0,
            "center_fix": "",
            "rnp": 0.0
          },
          {
            "type": "SID",
            "proc_ident": "KORD1",
            "transition": "KORD",
            "seq": 2,
            "leg_type": "CF",
            "fix_ident": "KORDN",
            "fix_lat": 42.47386111111111,
            "fix_lon": -87.9073,
            "recommended_navaid": "",
            "arc_radius": 0.0,
            "theta": 0.0,
            "rho": 0.0,
            "outbound_course": 0.0,
            "inbound_course": 0.0,
            "turn_direction": "",
            "altitude": 5000,
            "altitude2": 0,
            "speed_limit": 220,
            "vertical_angle": 0.0,
            "center_fix": "",
            "rnp": 0.0
          },
          {
            "type": "SID",
            "proc_ident": "KORD1",
            "transition": "KORD",
            "seq": 3,
            "leg_type": "TF",
            "fix_ident": "KORDI",
            "fix_lat": 42.17406944444444,
            "fix_lon": -87.9073,
            "recommended_navaid": "",
            "arc_radius": 0.0,
            "theta": 0.0,
            "rho": 0.0,
            "outbound_course": 0.0,
            "inbound_course": 0.0,
            "turn_direction": "",
            "altitude": 8000,
            "altitude2": 0,
            "speed_limit": 0,
            "vertical_angle": 0.0,
            "center_fix": "",
            "rnp": 0.0
          }
        ]
      }
    },
    {
      "type": "Feature",
      "geometry": {
        "type": "LineString",
        "coordinates": [
          [
            -87.9073,
            42.47386111111111
          ],
          [
            -87.9073,
            42.17406944444444
          ],
          [
            -87.9073,
            42.074130555555556
          ],
          [
            -87.9073,
            41.9742
          ]
        ]
      },
      "properties": {
        "class": "procedure",
        "type": "STAR",
        "proc_ident": "KORD1",
        "transition": "KORD",
        "legs": [
          {
            "type": "STAR",
            "proc_ident": "KORD1",
            "transition": "KORD",
            "seq": 1,
            "leg_type": "IF",
            "fix_ident": "KORDN",
            "fix_lat": 42.47386111111111,
            "fix_lon": -87.9073,
            "recommended_navaid": "",
            "arc_radius": 0.0,
            "theta": 0.0,
            "rho": 0.0,
            "outbound_course": 0.0,
            "inbound_course": 0.0,
            "turn_direction": "",
            "altitude": 12500,
            "altitude2": 0,
            "speed_limit": 0,
            "vertical_angle": 0.0,
            "center_fix": "",
            "rnp": 0.0
          },
          {
            "type": "STAR",
            "proc_ident": "KORD1",
            "transition": "KORD",
            "seq": 2,
            "leg_type": "TF",
            "fix_ident": "KORDI",
            "fix_lat": 42.17406944444444,
            "fix_lon": -87.9073,
            "recommended_navaid": "",
            "arc_radius": 0.0,
            "theta": 0.0,
            "rho": 0.0,
            "outbound_course": 180.0,
            "inbound_course": 0.0,
            "turn_direction": "0",
            "altitude": 10000,
            "altitude2": 0,
            "speed_limit": 0,
            "vertical_angle": 0.0,
            "center_fix": "",
            "rnp": 0.0
          },
          {
            "type": "STAR",
            "proc_ident": "KORD1",
            "transition": "KORD",
            "seq": 3,
            "leg_type": "CF",
            "fix_ident": "KORDF",
            "fix_lat": 42.074130555555556,
            "fix_lon": -87.9073,
            "recommended_navaid": "",
            "arc_radius": 0.0,
            "theta": 0.0,
            "rho": 0.0,
            "outbound_course": 180.0,
            "inbound_course": 0.0,
            "turn_direction": "0",
            "altitude": 6000,
            "altitude2": 0,
            "speed_limit": 250,
            "vertical_angle": 0.0,
            "center_fix": "",
            "rnp": 0.0
          },
          {
            "type": "STAR",
            "proc_ident": "KORD1",
            "transition": "KORD",
            "seq": 4,
            "leg_type": "TF",
            "fix_ident": "KORD",
            "fix_lat": 41.9742,
            "fix_lon": -87.9073,
            "recommended_navaid": "",
            "arc_radius": 0.0,
            "theta": 0.0,
            "rho": 0.0,
            "outbound_course": 180.0,
            "inbound_course": 0.0,
            "turn_direction": "0",
            "altitude": 4000,
            "altitude2": 0,
            "speed_limit": 220,
            "vertical_angle": 0.0,
            "center_fix": "",
            "rnp": 0.0
          }
        ]
      }
    },
    {
      "type": "Feature",
      "geometry": {
        "type": "LineString",
        "coordinates": [
          [
            -122.37899999999999,
            37.6213
          ],
          [
            -122.37899999999999,
            38.120961111111114
          ],
          [
            -122.37899999999999,
            37.82116944444445
          ]
        ]
      },
      "properties": {
        "class": "procedure",
        "type": "SID",
        "proc_ident": "KSFO1",
        "transition": "KSFO",
        "legs": [
          {
            "type": "SID",
            "proc_ident": "KSFO1",
            "transition": "KSFO",
            "seq": 1,
            "leg_type": "IF",
            "fix_ident": "KSFO",
            "fix_lat": 37.6213,
            "fix_lon": -122.37899999999999,
            "recommended_navaid": "",
            "arc_radius": 0.0,
            "theta": 0.0,
            "rho": 0.0,
            "outbound_course": 0.0,
            "inbound_course": 0.0,
            "turn_direction": "",
            "altitude": 13,
            "altitude2": 0,
            "speed_limit": 0,
            "vertical_angle": 0.0,
            "center_fix": "",
            "rnp": 0.0
          },
          {
            "type": "SID",
            "proc_ident": "KSFO1",
            "transition": "KSFO",
            "seq": 2,
            "leg_type": "CF",
            "fix_ident": "KSFON",
            "fix_lat": 38.120961111111114,
            "fix_lon": -122.37899999999999,
            "recommended_navaid": "",
            "arc_radius": 0.0,
            "theta": 0.0,
            "rho": 0.0,
            "outbound_course": 0.0,
            "inbound_course": 0.0,
            "turn_direction": "",
            "altitude": 5000,
            "altitude2": 0,
            "speed_limit": 220,
            "vertical_angle": 0.0,
            "center_fix": "",
            "rnp": 0.0
          },
          {
            "type": "SID",
            "proc_ident": "KSFO1",
            "transition": "KSFO",
            "seq": 3,
            "leg_type": "TF",
            "fix_ident": "KSFOI",
            "fix_lat": 37.82116944444445,
            "fix_lon": -122.37899999999999,
            "recommended_navaid": "",
            "arc_radius": 0.0,
            "theta": 0.0,
            "rho": 0.0,
            "outbound_course": 0.0,
            "inbound_course": 0.0,
            "turn_direction": "",
            "altitude": 8000,
            "altitude2": 0,
            "speed_limit": 0,
            "vertical_angle": 0.0,
            "center_fix": "",
            "rnp": 0.0
          }
        ]
      }
    },
    {
      "type": "Feature",
      "geometry": {
        "type": "LineString",
        "coordinates": [
          [
            -122.37899999999999,
            38.120961111111114
          ],
          [
            -122.37899999999999,
            37.82116944444445
          ],
          [
            -122.37899999999999,
            37.72123055555556
          ],
          [
            -122.37899999999999,
            37.6213
          ]
        ]
      },
      "properties": {
        "class": "procedure",
        "type": "STAR",
        "proc_ident": "KSFO1",
        "transition": "KSFO",
        "legs": [
          {
            "type": "STAR",
            "proc_ident": "KSFO1",
            "transition": "KSFO",
            "seq": 1,
            "leg_type": "IF",
            "fix_ident": "KSFON",
            "fix_lat": 38.120961111111114,
            "fix_lon": -122.37899999999999,
            "recommended_navaid": "",
            "arc_radius": 0.0,
            "theta": 0.0,
            "rho": 0.0,
            "outbound_course": 0.0,
            "inbound_course": 0.0,
            "turn_direction": "",
            "altitude": 12500,
            "altitude2": 0,
            "speed_limit": 0,
            "vertical_angle": 0.0,
            "center_fix": "",
            "rnp": 0.0
          },
          {
            "type": "STAR",
            "proc_ident": "KSFO1",
            "transition": "KSFO",
            "seq": 2,
            "leg_type": "TF",
            "fix_ident": "KSFOI",
            "fix_lat": 37.82116944444445,
            "fix_lon": -122.37899999999999,
            "recommended_navaid": "",
            "arc_radius": 0.0,
            "theta": 0.0,
            "rho": 0.0,
            "outbound_course": 180.0,
            "inbound_course": 0.0,
            "turn_direction": "0",
            "altitude": 10000,
            "altitude2": 0,
            "speed_limit": 0,
            "vertical_angle": 0.0,
            "center_fix": "",
            "rnp": 0.0
          },
          {
            "type": "STAR",
            "proc_ident": "KSFO1",
            "transition": "KSFO",
            "seq": 3,
            "leg_type": "CF",
            "fix_ident": "KSFOF",
            "fix_lat": 37.72123055555556,
            "fix_lon": -122.37899999999999,
            "recommended_navaid": "",
            "arc_radius": 0.0,
            "theta": 0.0,
            "rho": 0.0,
            "outbound_course": 180.0,
            "inbound_course": 0.0,
            "turn_direction": "0",
            "altitude": 6000,
            "altitude2": 0,
            "speed_limit": 250,
            "vertical_angle": 0.0,
            "center_fix": "",
            "rnp": 0.0
          },
          {
            "type": "STAR",
            "proc_ident": "KSFO1",
            "transition": "KSFO",
            "seq": 4,
            "leg_type": "TF",
            "fix_ident": "KSFO",
            "fix_lat": 37.6213,
            "fix_lon": -122.37899999999999,
            "recommended_navaid": "",
            "arc_radius": 0.0,
            "theta": 0.0,
            "rho": 0.0,
            "outbound_course": 180.0,
            "inbound_course": 0.0,
            "turn_direction": "0",
            "altitude": 4000,
            "altitude2": 0,
            "speed_limit": 220,
            "vertical_angle": 0.0,
            "center_fix": "",
            "rnp": 0.0
          }
        ]
      }
    },
    {
      "type": "Feature",
      "geometry": {
        "type": "LineString",
        "coordinates": [
          [
            -84.4277,
            33.6407
          ],
          [
            -84.4277,
            34.14036111111111
          ],
          [
            -84.4277,
            33.84056944444445
          ]
        ]
      },
      "properties": {
        "class": "procedure",
        "type": "SID",
        "proc_ident": "KATL1",
        "transition": "KATL",
        "legs": [
          {
            "type": "SID",
            "proc_ident": "KATL1",
            "transition": "KATL",
            "seq": 1,
            "leg_type": "IF",
            "fix_ident": "KATL",
            "fix_lat": 33.6407,
            "fix_lon": -84.4277,
            "recommended_navaid": "",
            "arc_radius": 0.0,
            "theta": 0.0,
            "rho": 0.0,
            "outbound_course": 0.0,
            "inbound_course": 0.0,
            "turn_direction": "",
            "altitude": 1026,
            "altitude2": 0,
            "speed_limit": 0,
            "vertical_angle": 0.0,
            "center_fix": "",
            "rnp": 0.0
          },
          {
            "type": "SID",
            "proc_ident": "KATL1",
            "transition": "KATL",
            "seq": 2,
            "leg_type": "CF",
            "fix_ident": "KATLN",
            "fix_lat": 34.14036111111111,
            "fix_lon": -84.4277,
            "recommended_navaid": "",
            "arc_radius": 0.0,
            "theta": 0.0,
            "rho": 0.0,
            "outbound_course": 0.0,
            "inbound_course": 0.0,
            "turn_direction": "",
            "altitude": 5000,
            "altitude2": 0,
            "speed_limit": 220,
            "vertical_angle": 0.0,
            "center_fix": "",
            "rnp": 0.0
          },
          {
            "type": "SID",
            "proc_ident": "KATL1",
            "transition": "KATL",
            "seq": 3,
            "leg_type": "TF",
            "fix_ident": "KATLI",
            "fix_lat": 33.84056944444445,
            "fix_lon": -84.4277,
            "recommended_navaid": "",
            "arc_radius": 0.0,
            "theta": 0.0,
            "rho": 0.0,
            "outbound_course": 0.0,
            "inbound_course": 0.0,
            "turn_direction": "",
            "altitude": 8000,
            "altitude2": 0,
            "speed_limit": 0,
            "vertical_angle": 0.0,
            "center_fix": "",
            "rnp": 0.0
          }
        ]
      }
    },
    {
      "type": "Feature",
      "geometry": {
        "type": "LineString",
        "coordinates": [
          [
            -84.4277,
            34.14036111111111
          ],
          [
            -84.4277,
            33.84056944444445
          ],
          [
            -84.4277,
            33.740630555555555
          ],
          [
            -84.4277,
            33.6407
          ]
        ]
      },
      "properties": {
        "class": "procedure",
        "type": "STAR",
        "proc_ident": "KATL1",
        "transition": "KATL",
        "legs": [
          {
            "type": "STAR",
            "proc_ident": "KATL1",
            "transition": "KATL",
            "seq": 1,
            "leg_type": "IF",
            "fix_ident": "KATLN",
            "fix_lat": 34.14036111111111,
            "fix_lon": -84.4277,
            "recommended_navaid": "",
            "arc_radius": 0.0,
            "theta": 0.0,
            "rho": 0.0,
            "outbound_course": 0.0,
            "inbound_course": 0.0,
            "turn_direction": "",
            "altitude": 12500,
            "altitude2": 0,
            "speed_limit": 0,
            "vertical_angle": 0.0,
            "center_fix": "",
            "rnp": 0.0
          },
          {
            "type": "STAR",
            "proc_ident": "KATL1",
            "transition": "KATL",
            "seq": 2,
            "leg_type": "TF",
            "fix_ident": "KATLI",
            "fix_lat": 33.84056944444445,
            "fix_lon": -84.4277,
            "recommended_navaid": "",
            "arc_radius": 0.0,
            "theta": 0.0,
            "rho": 0.0,
            "outbound_course": 180.0,
            "inbound_course": 0.0,
            "turn_direction": "0",
            "altitude": 10000,
            "altitude2": 0,
            "speed_limit": 0,
            "vertical_angle": 0.0,
            "center_fix": "",
            "rnp": 0.0
          },
          {
            "type": "STAR",
            "proc_ident": "KATL1",
            "transition": "KATL",
            "seq": 3,
            "leg_type": "CF",
            "fix_ident": "KATLF",
            "fix_lat": 33.740630555555555,
            "fix_lon": -84.4277,
            "recommended_navaid": "",
            "arc_radius": 0.0,
            "theta": 0.0,
            "rho": 0.0,
            "outbound_course": 180.0,
            "inbound_course": 0.0,
            "turn_direction": "0",
            "altitude": 6000,
            "altitude2": 0,
            "speed_limit": 250,
            "vertical_angle": 0.0,
            "center_fix": "",
            "rnp": 0.0
          },
          {
            "type": "STAR",
            "proc_ident": "KATL1",
            "transition": "KATL",
            "seq": 4,
            "leg_type": "TF",
            "fix_ident": "KATL",
            "fix_lat": 33.6407,
            "fix_lon": -84.4277,
            "recommended_navaid": "",
            "arc_radius": 0.0,
            "theta": 0.0,
            "rho": 0.0,
            "outbound_course": 180.0,
            "inbound_course": 0.0,
            "turn_direction": "0",
            "altitude": 4000,
            "altitude2": 0,
            "speed_limit": 220,
            "vertical_angle": 0.0,
            "center_fix": "",
            "rnp": 0.0
          }
        ]
      }
    },
    {
      "type": "Feature",
      "geometry": {
        "type": "LineString",
        "coordinates": [
          [
            -97.0403,
            32.8998
          ],
          [
            -97.0403,
            33.39946111111111
          ],
          [
            -97.0403,
            33.099669444444444
          ]
        ]
      },
      "properties": {
        "class": "procedure",
        "type": "SID",
        "proc_ident": "KDFW1",
        "transition": "KDFW",
        "legs": [
          {
            "type": "SID",
            "proc_ident": "KDFW1",
            "transition": "KDFW",
            "seq": 1,
            "leg_type": "IF",
            "fix_ident": "KDFW",
            "fix_lat": 32.8998,
            "fix_lon": -97.0403,
            "recommended_navaid": "",
            "arc_radius": 0.0,
            "theta": 0.0,
            "rho": 0.0,
            "outbound_course": 0.0,
            "inbound_course": 0.0,
            "turn_direction": "",
            "altitude": 607,
            "altitude2": 0,
            "speed_limit": 0,
            "vertical_angle": 0.0,
            "center_fix": "",
            "rnp": 0.0
          },
          {
            "type": "SID",
            "proc_ident": "KDFW1",
            "transition": "KDFW",
            "seq": 2,
            "leg_type": "CF",
            "fix_ident": "KDFWN",
            "fix_lat": 33.39946111111111,
            "fix_lon": -97.0403,
            "recommended_navaid": "",
            "arc_radius": 0.0,
            "theta": 0.0,
            "rho": 0.0,
            "outbound_course": 0.0,
            "inbound_course": 0.0,
            "turn_direction": "",
            "altitude": 5000,
            "altitude2": 0,
            "speed_limit": 220,
            "vertical_angle": 0.0,
            "center_fix": "",
            "rnp": 0.0
          },
          {
            "type": "SID",
            "proc_ident": "KDFW1",
            "transition": "KDFW",
            "seq": 3,
            "leg_type": "TF",
            "fix_ident": "KDFWI",
            "fix_lat": 33.099669444444444,
            "fix_lon": -97.0403,
            "recommended_navaid": "",
            "arc_radius": 0.0,
            "theta": 0.0,
            "rho": 0.0,
            "outbound_course": 0.0,
            "inbound_course": 0.0,
            "turn_direction": "",
            "altitude": 8000,
            "altitude2": 0,
            "speed_limit": 0,
            "vertical_angle": 0.0,
            "center_fix": "",
            "rnp": 0.0
          }
        ]
      }
    },
    {
      "type": "Feature",
      "geometry": {
        "type": "LineString",
        "coordinates": [
          [
            -97.0403,
            33.39946111111111
          ],
          [
            -97.0403,
            33.099669444444444
          ],
          [
            -97.0403,
            32.99973055555556
          ],
          [
            -97.0403,
            32.8998
          ]
        ]
      },
      "properties": {
        "class": "procedure",
        "type": "STAR",
        "proc_ident": "KDFW1",
        "transition": "KDFW",
        "legs": [
          {
            "type": "STAR",
            "proc_ident": "KDFW1",
            "transition": "KDFW",
            "seq": 1,
            "leg_type": "IF",
            "fix_ident": "KDFWN",
            "fix_lat": 33.39946111111111,
            "fix_lon": -97.0403,
            "recommended_navaid": "",
            "arc_radius": 0.0,
            "theta": 0.0,
            "rho": 0.0,
            "outbound_course": 0.0,
            "inbound_course": 0.0,
            "turn_direction": "",
            "altitude": 12500,
            "altitude2": 0,
            "speed_limit": 0,
            "vertical_angle": 0.0,
            "center_fix": "",
            "rnp": 0.0
          },
          {
            "type": "STAR",
            "proc_ident": "KDFW1",
            "transition": "KDFW",
            "seq": 2,
            "leg_type": "TF",
            "fix_ident": "KDFWI",
            "fix_lat": 33.099669444444444,
            "fix_lon": -97.0403,
            "recommended_navaid": "",
            "arc_radius": 0.0,
            "theta": 0.0,
            "rho": 0.0,
            "outbound_course": 180.0,
            "inbound_course": 0.0,
            "turn_direction": "0",
            "altitude": 10000,
            "altitude2": 0,
            "speed_limit": 0,
            "vertical_angle": 0.0,
            "center_fix": "",
            "rnp": 0.0
          },
          {
            "type": "STAR",
            "proc_ident": "KDFW1",
            "transition": "KDFW",
            "seq": 3,
            "leg_type": "CF",
            "fix_ident": "KDFWF",
            "fix_lat": 32.99973055555556,
            "fix_lon": -97.0403,
            "recommended_navaid": "",
            "arc_radius": 0.0,
            "theta": 0.0,
            "rho": 0.0,
            "outbound_course": 180.0,
            "inbound_course": 0.0,
            "turn_direction": "0",
            "altitude": 6000,
            "altitude2": 0,
            "speed_limit": 250,
            "vertical_angle": 0.0,
            "center_fix": "",
            "rnp": 0.0
          },
          {
            "type": "STAR",
            "proc_ident": "KDFW1",
            "transition": "KDFW",
            "seq": 4,
            "leg_type": "TF",
            "fix_ident": "KDFW",
            "fix_lat": 32.8998,
            "fix_lon": -97.0403,
            "recommended_navaid": "",
            "arc_radius": 0.0,
            "theta": 0.0,
            "rho": 0.0,
            "outbound_course": 180.0,
            "inbound_course": 0.0,
            "turn_direction": "0",
            "altitude": 4000,
            "altitude2": 0,
            "speed_limit": 220,
            "vertical_angle": 0.0,
            "center_fix": "",
            "rnp": 0.0
          }
        ]
      }
    },
    {
      "type": "Feature",
      "geometry": {
        "type": "LineString",
        "coordinates": [
          [
            -123.18390000000001,
            49.1947
          ],
          [
            -123.18390000000001,
            49.69436111111111
          ],
          [
            -123.18390000000001,
            49.39456944444444
          ]
        ]
      },
      "properties": {
        "class": "procedure",
        "type": "SID",
        "proc_ident": "CYVR1",
        "transition": "CYVR",
        "legs": [
          {
            "type": "SID",
            "proc_ident": "CYVR1",
            "transition": "CYVR",
            "seq": 1,
            "leg_type": "IF",
            "fix_ident": "CYVR",
            "fix_lat": 49.1947,
            "fix_lon": -123.18390000000001,
            "recommended_navaid": "",
            "arc_radius": 0.0,
            "theta": 0.0,
            "rho": 0.0,
            "outbound_course": 0.0,
            "inbound_course": 0.0,
            "turn_direction": "",
            "altitude": 13,
            "altitude2": 0,
            "speed_limit": 0,
            "vertical_angle": 0.0,
            "center_fix": "",
            "rnp": 0.0
          },
          {
            "type": "SID",
            "proc_ident": "CYVR1",
            "transition": "CYVR",
            "seq": 2,
            "leg_type": "CF",
            "fix_ident": "CYVRN",
            "fix_lat": 49.69436111111111,
            "fix_lon": -123.18390000000001,
            "recommended_navaid": "",
            "arc_radius": 0.0,
            "theta": 0.0,
            "rho": 0.0,
            "outbound_course": 0.0,
            "inbound_course": 0.0,
            "turn_direction": "",
            "altitude": 5000,
            "altitude2": 0,
            "speed_limit": 220,
            "vertical_angle": 0.0,
            "center_fix": "",
            "rnp": 0.0
          },
          {
            "type": "SID",
            "proc_ident": "CYVR1",
            "transition": "CYVR",
            "seq": 3,
            "leg_type": "TF",
            "fix_ident": "CYVRI",
            "fix_lat": 49.39456944444444,
            "fix_lon": -123.18390000000001,
            "recommended_navaid": "",
            "arc_radius": 0.0,
            "theta": 0.0,
            "rho": 0.0,
            "outbound_course": 0.0,
            "inbound_course": 0.0,
            "turn_direction": "",
            "altitude": 8000,
            "altitude2": 0,
            "speed_limit": 0,
            "vertical_angle": 0.0,
            "center_fix": "",
            "rnp": 0.0
          }
        ]
      }
    },
    {
      "type": "Feature",
      "geometry": {
        "type": "LineString",
        "coordinates": [
          [
            -123.18390000000001,
            49.69436111111111
          ],
          [
            -123.18390000000001,
            49.39456944444444
          ],
          [
            -123.18390000000001,
            49.29463055555556
          ],
          [
            -123.18390000000001,
            49.1947
          ]
        ]
      },
      "properties": {
        "class": "procedure",
        "type": "STAR",
        "proc_ident": "CYVR1",
        "transition": "CYVR",
        "legs": [
          {
            "type": "STAR",
            "proc_ident": "CYVR1",
            "transition": "CYVR",
            "seq": 1,
            "leg_type": "IF",
            "fix_ident": "CYVRN",
            "fix_lat": 49.69436111111111,
            "fix_lon": -123.18390000000001,
            "recommended_navaid": "",
            "arc_radius": 0.0,
            "theta": 0.0,
            "rho": 0.0,
            "outbound_course": 0.0,
            "inbound_course": 0.0,
            "turn_direction": "",
            "altitude": 12500,
            "altitude2": 0,
            "speed_limit": 0,
            "vertical_angle": 0.0,
            "center_fix": "",
            "rnp": 0.0
          },
          {
            "type": "STAR",
            "proc_ident": "CYVR1",
            "transition": "CYVR",
            "seq": 2,
            "leg_type": "TF",
            "fix_ident": "CYVRI",
            "fix_lat": 49.39456944444444,
            "fix_lon": -123.18390000000001,
            "recommended_navaid": "",
            "arc_radius": 0.0,
            "theta": 0.0,
            "rho": 0.0,
            "outbound_course": 180.0,
            "inbound_course": 0.0,
            "turn_direction": "0",
            "altitude": 10000,
            "altitude2": 0,
            "speed_limit": 0,
            "vertical_angle": 0.0,
            "center_fix": "",
            "rnp": 0.0
          },
          {
            "type": "STAR",
            "proc_ident": "CYVR1",
            "transition": "CYVR",
            "seq": 3,
            "leg_type": "CF",
            "fix_ident": "CYVRF",
            "fix_lat": 49.29463055555556,
            "fix_lon": -123.18390000000001,
            "recommended_navaid": "",
            "arc_radius": 0.0,
            "theta": 0.0,
            "rho": 0.0,
            "outbound_course": 180.0,
            "inbound_course": 0.0,
            "turn_direction": "0",
            "altitude": 6000,
            "altitude2": 0,
            "speed_limit": 250,
            "vertical_angle": 0.0,
            "center_fix": "",
            "rnp": 0.0
          },
          {
            "type": "STAR",
            "proc_ident": "CYVR1",
            "transition": "CYVR",
            "seq": 4,
            "leg_type": "TF",
            "fix_ident": "CYVR",
            "fix_lat": 49.1947,
            "fix_lon": -123.18390000000001,
            "recommended_navaid": "",
            "arc_radius": 0.0,
            "theta": 0.0,
            "rho": 0.0,
            "outbound_course": 180.0,
            "inbound_course": 0.0,
            "turn_direction": "0",
            "altitude": 4000,
            "altitude2": 0,
            "speed_limit": 220,
            "vertical_angle": 0.0,
            "center_fix": "",
            "rnp": 0.0
          }
        ]
      }
    },
    {
      "type": "Feature",
      "geometry": {
        "type": "LineString",
        "coordinates": [
          [
            -79.6248,
            43.677699999999994
          ],
          [
            -79.6248,
            44.17736111111111
          ],
          [
            -79.6248,
            43.87756944444445
          ]
        ]
      },
      "properties": {
        "class": "procedure",
        "type": "SID",
        "proc_ident": "CYYZ1",
        "transition": "CYYZ",
        "legs": [
          {
            "type": "SID",
            "proc_ident": "CYYZ1",
            "transition": "CYYZ",
            "seq": 1,
            "leg_type": "IF",
            "fix_ident": "CYYZ",
            "fix_lat": 43.677699999999994,
            "fix_lon": -79.6248,
            "recommended_navaid": "",
            "arc_radius": 0.0,
            "theta": 0.0,
            "rho": 0.0,
            "outbound_course": 0.0,
            "inbound_course": 0.0,
            "turn_direction": "",
            "altitude": 569,
            "altitude2": 0,
            "speed_limit": 0,
            "vertical_angle": 0.0,
            "center_fix": "",
            "rnp": 0.0
          },
          {
            "type": "SID",
            "proc_ident": "CYYZ1",
            "transition": "CYYZ",
            "seq": 2,
            "leg_type": "CF",
            "fix_ident": "CYYZN",
            "fix_lat": 44.17736111111111,
            "fix_lon": -79.6248,
            "recommended_navaid": "",
            "arc_radius": 0.0,
            "theta": 0.0,
            "rho": 0.0,
            "outbound_course": 0.0,
            "inbound_course": 0.0,
            "turn_direction": "",
            "altitude": 5000,
            "altitude2": 0,
            "speed_limit": 220,
            "vertical_angle": 0.0,
            "center_fix": "",
            "rnp": 0.0
          },
          {
            "type": "SID",
            "proc_ident": "CYYZ1",
            "transition": "CYYZ",
            "seq": 3,
            "leg_type": "TF",
            "fix_ident": "CYYZI",
            "fix_lat": 43.87756944444445,
            "fix_lon": -79.6248,
            "recommended_navaid": "",
            "arc_radius": 0.0,
            "theta": 0.0,
            "rho": 0.0,
            "outbound_course": 0.0,
            "inbound_course": 0.0,
            "turn_direction": "",
            "altitude": 8000,
            "altitude2": 0,
            "speed_limit": 0,
            "vertical_angle": 0.0,
            "center_fix": "",
            "rnp": 0.0
          }
        ]
      }
    },
    {
      "type": "Feature",
      "geometry": {
        "type": "LineString",
        "coordinates": [
          [
            -79.6248,
            44.17736111111111
          ],
          [
            -79.6248,
            43.87756944444445
          ],
          [
            -79.6248,
            43.777630555555554
          ],
          [
            -79.6248,
            43.677699999999994
          ]
        ]
      },
      "properties": {
        "class": "procedure",
        "type": "STAR",
        "proc_ident": "CYYZ1",
        "transition": "CYYZ",
        "legs": [
          {
            "type": "STAR",
            "proc_ident": "CYYZ1",
            "transition": "CYYZ",
            "seq": 1,
            "leg_type": "IF",
            "fix_ident": "CYYZN",
            "fix_lat": 44.17736111111111,
            "fix_lon": -79.6248,
            "recommended_navaid": "",
            "arc_radius": 0.0,
            "theta": 0.0,
            "rho": 0.0,
            "outbound_course": 0.0,
            "inbound_course": 0.0,
            "turn_direction": "",
            "altitude": 12500,
            "altitude2": 0,
            "speed_limit": 0,
            "vertical_angle": 0.0,
            "center_fix": "",
            "rnp": 0.0
          },
          {
            "type": "STAR",
            "proc_ident": "CYYZ1",
            "transition": "CYYZ",
            "seq": 2,
            "leg_type": "TF",
            "fix_ident": "CYYZI",
            "fix_lat": 43.87756944444445,
            "fix_lon": -79.6248,
            "recommended_navaid": "",
            "arc_radius": 0.0,
            "theta": 0.0,
            "rho": 0.0,
            "outbound_course": 180.0,
            "inbound_course": 0.0,
            "turn_direction": "0",
            "altitude": 10000,
            "altitude2": 0,
            "speed_limit": 0,
            "vertical_angle": 0.0,
            "center_fix": "",
            "rnp": 0.0
          },
          {
            "type": "STAR",
            "proc_ident": "CYYZ1",
            "transition": "CYYZ",
            "seq": 3,
            "leg_type": "CF",
            "fix_ident": "CYYZF",
            "fix_lat": 43.777630555555554,
            "fix_lon": -79.6248,
            "recommended_navaid": "",
            "arc_radius": 0.0,
            "theta": 0.0,
            "rho": 0.0,
            "outbound_course": 180.0,
            "inbound_course": 0.0,
            "turn_direction": "0",
            "altitude": 6000,
            "altitude2": 0,
            "speed_limit": 250,
            "vertical_angle": 0.0,
            "center_fix": "",
            "rnp": 0.0
          },
          {
            "type": "STAR",
            "proc_ident": "CYYZ1",
            "transition": "CYYZ",
            "seq": 4,
            "leg_type": "TF",
            "fix_ident": "CYYZ",
            "fix_lat": 43.677699999999994,
            "fix_lon": -79.6248,
            "recommended_navaid": "",
            "arc_radius": 0.0,
            "theta": 0.0,
            "rho": 0.0,
            "outbound_course": 180.0,
            "inbound_course": 0.0,
            "turn_direction": "0",
            "altitude": 4000,
            "altitude2": 0,
            "speed_limit": 220,
            "vertical_angle": 0.0,
            "center_fix": "",
            "rnp": 0.0
          }
        ]
      }
    },
    {
      "type": "Feature",
      "geometry": {
        "type": "LineString",
        "coordinates": [
          [
            151.1772,
            -33.946099999999994
          ],
          [
            151.1772,
            -33.446438888888885
          ],
          [
            151.1772,
            -33.746230555555556
          ]
        ]
      },
      "properties": {
        "class": "procedure",
        "type": "SID",
        "proc_ident": "YSSY1",
        "transition": "YSSY",
        "legs": [
          {
            "type": "SID",
            "proc_ident": "YSSY1",
            "transition": "YSSY",
            "seq": 1,
            "leg_type": "IF",
            "fix_ident": "YSSY",
            "fix_lat": -33.946099999999994,
            "fix_lon": 151.1772,
            "recommended_navaid": "",
            "arc_radius": 0.0,
            "theta": 0.0,
            "rho": 0.0,
            "outbound_course": 0.0,
            "inbound_course": 0.0,
            "turn_direction": "",
            "altitude": 21,
            "altitude2": 0,
            "speed_limit": 0,
            "vertical_angle": 0.0,
            "center_fix": "",
            "rnp": 0.0
          },
          {
            "type": "SID",
            "proc_ident": "YSSY1",
            "transition": "YSSY",
            "seq": 2,
            "leg_type": "CF",
            "fix_ident": "YSSYN",
            "fix_lat": -33.446438888888885,
            "fix_lon": 151.1772,
            "recommended_navaid": "",
            "arc_radius": 0.0,
            "theta": 0.0,
            "rho": 0.0,
            "outbound_course": 0.0,
            "inbound_course": 0.0,
            "turn_direction": "",
            "altitude": 5000,
            "altitude2": 0,
            "speed_limit": 220,
            "vertical_angle": 0.0,
            "center_fix": "",
            "rnp": 0.0
          },
          {
            "type": "SID",
            "proc_ident": "YSSY1",
            "transition": "YSSY",
            "seq": 3,
            "leg_type": "TF",
            "fix_ident": "YSSYI",
            "fix_lat": -33.746230555555556,
            "fix_lon": 151.1772,
            "recommended_navaid": "",
            "arc_radius": 0.0,
            "theta": 0.0,
            "rho": 0.0,
            "outbound_course": 0.0,
            "inbound_course": 0.0,
            "turn_direction": "",
            "altitude": 8000,
            "altitude2": 0,
            "speed_limit": 0,
            "vertical_angle": 0.0,
            "center_fix": "",
            "rnp": 0.0
          }
        ]
      }
    },
    {
      "type": "Feature",
      "geometry": {
        "type": "LineString",
        "coordinates": [
          [
            151.1772,
            -33.446438888888885
          ],
          [
            151.1772,
            -33.746230555555556
          ],
          [
            151.1772,
            -33.84616944444445
          ],
          [
            151.1772,
            -33.946099999999994
          ]
        ]
      },
      "properties": {
        "class": "procedure",
        "type": "STAR",
        "proc_ident": "YSSY1",
        "transition": "YSSY",
        "legs": [
          {
            "type": "STAR",
            "proc_ident": "YSSY1",
            "transition": "YSSY",
            "seq": 1,
            "leg_type": "IF",
            "fix_ident": "YSSYN",
            "fix_lat": -33.446438888888885,
            "fix_lon": 151.1772,
            "recommended_navaid": "",
            "arc_radius": 0.0,
            "theta": 0.0,
            "rho": 0.0,
            "outbound_course": 0.0,
            "inbound_course": 0.0,
            "turn_direction": "",
            "altitude": 12500,
            "altitude2": 0,
            "speed_limit": 0,
            "vertical_angle": 0.0,
            "center_fix": "",
            "rnp": 0.0
          },
          {
            "type": "STAR",
            "proc_ident": "YSSY1",
            "transition": "YSSY",
            "seq": 2,
            "leg_type": "TF",
            "fix_ident": "YSSYI",
            "fix_lat": -33.746230555555556,
            "fix_lon": 151.1772,
            "recommended_navaid": "",
            "arc_radius": 0.0,
            "theta": 0.0,
            "rho": 0.0,
            "outbound_course": 180.0,
            "inbound_course": 0.0,
            "turn_direction": "0",
            "altitude": 10000,
            "altitude2": 0,
            "speed_limit": 0,
            "vertical_angle": 0.0,
            "center_fix": "",
            "rnp": 0.0
          },
          {
            "type": "STAR",
            "proc_ident": "YSSY1",
            "transition": "YSSY",
            "seq": 3,
            "leg_type": "CF",
            "fix_ident": "YSSYF",
            "fix_lat": -33.84616944444445,
            "fix_lon": 151.1772,
            "recommended_navaid": "",
            "arc_radius": 0.0,
            "theta": 0.0,
            "rho": 0.0,
            "outbound_course": 180.0,
            "inbound_course": 0.0,
            "turn_direction": "0",
            "altitude": 6000,
            "altitude2": 0,
            "speed_limit": 250,
            "vertical_angle": 0.0,
            "center_fix": "",
            "rnp": 0.0
          },
          {
            "type": "STAR",
            "proc_ident": "YSSY1",
            "transition": "YSSY",
            "seq": 4,
            "leg_type": "TF",
            "fix_ident": "YSSY",
            "fix_lat": -33.946099999999994,
            "fix_lon": 151.1772,
            "recommended_navaid": "",
            "arc_radius": 0.0,
            "theta": 0.0,
            "rho": 0.0,
            "outbound_course": 180.0,
            "inbound_course": 0.0,
            "turn_direction": "0",
            "altitude": 4000,
            "altitude2": 0,
            "speed_limit": 220,
            "vertical_angle": 0.0,
            "center_fix": "",
            "rnp": 0.0
          }
        ]
      }
    },
    {
      "type": "Feature",
      "geometry": {
        "type": "LineString",
        "coordinates": [
          [
            144.841,
            -37.669
          ],
          [
            144.841,
            -37.16933888888889
          ],
          [
            144.841,
            -37.46913055555556
          ]
        ]
      },
      "properties": {
        "class": "procedure",
        "type": "SID",
        "proc_ident": "YMML1",
        "transition": "YMML",
        "legs": [
          {
            "type": "SID",
            "proc_ident": "YMML1",
            "transition": "YMML",
            "seq": 1,
            "leg_type": "IF",
            "fix_ident": "YMML",
            "fix_lat": -37.669,
            "fix_lon": 144.841,
            "recommended_navaid": "",
            "arc_radius": 0.0,
            "theta": 0.0,
            "rho": 0.0,
            "outbound_course": 0.0,
            "inbound_course": 0.0,
            "turn_direction": "",
            "altitude": 434,
            "altitude2": 0,
            "speed_limit": 0,
            "vertical_angle": 0.0,
            "center_fix": "",
            "rnp": 0.0
          },
          {
            "type": "SID",
            "proc_ident": "YMML1",
            "transition": "YMML",
            "seq": 2,
            "leg_type": "CF",
            "fix_ident": "YMMLN",
            "fix_lat": -37.16933888888889,
            "fix_lon": 144.841,
            "recommended_navaid": "",
            "arc_radius": 0.0,
            "theta": 0.0,
            "rho": 0.0,
            "outbound_course": 0.0,
            "inbound_course": 0.0,
            "turn_direction": "",
            "altitude": 5000,
            "altitude2": 0,
            "speed_limit": 220,
            "vertical_angle": 0.0,
            "center_fix": "",
            "rnp": 0.0
          },
          {
            "type": "SID",
            "proc_ident": "YMML1",
            "transition": "YMML",
            "seq": 3,
            "leg_type": "TF",
            "fix_ident": "YMMLI",
            "fix_lat": -37.46913055555556,
            "fix_lon": 144.841,
            "recommended_navaid": "",
            "arc_radius": 0.0,
            "theta": 0.0,
            "rho": 0.0,
            "outbound_course": 0.0,
            "inbound_course": 0.0,
            "turn_direction": "",
            "altitude": 8000,
            "altitude2": 0,
            "speed_limit": 0,
            "vertical_angle": 0.0,
            "center_fix": "",
            "rnp": 0.0
          }
        ]
      }
    },
    {
      "type": "Feature",
      "geometry": {
        "type": "LineString",
        "coordinates": [
          [
            144.841,
            -37.16933888888889
          ],
          [
            144.841,
            -37.46913055555556
          ],
          [
            144.841,
            -37.569069444444445
          ],
          [
            144.841,
            -37.669
          ]
        ]
      },
      "properties": {
        "class": "procedure",
        "type": "STAR",
        "proc_ident": "YMML1",
        "transition": "YMML",
        "legs": [
          {
            "type": "STAR",
            "proc_ident": "YMML1",
            "transition": "YMML",
            "seq": 1,
            "leg_type": "IF",
            "fix_ident": "YMMLN",
            "fix_lat": -37.16933888888889,
            "fix_lon": 144.841,
            "recommended_navaid": "",
            "arc_radius": 0.0,
            "theta": 0.0,
            "rho": 0.0,
            "outbound_course": 0.0,
            "inbound_course": 0.0,
            "turn_direction": "",
            "altitude": 12500,
            "altitude2": 0,
            "speed_limit": 0,
            "vertical_angle": 0.0,
            "center_fix": "",
            "rnp": 0.0
          },
          {
            "type": "STAR",
            "proc_ident": "YMML1",
            "transition": "YMML",
            "seq": 2,
            "leg_type": "TF",
            "fix_ident": "YMMLI",
            "fix_lat": -37.46913055555556,
            "fix_lon": 144.841,
            "recommended_navaid": "",
            "arc_radius": 0.0,
            "theta": 0.0,
            "rho": 0.0,
            "outbound_course": 180.0,
            "inbound_course": 0.0,
            "turn_direction": "0",
            "altitude": 10000,
            "altitude2": 0,
            "speed_limit": 0,
            "vertical_angle": 0.0,
            "center_fix": "",
            "rnp": 0.0
          },
          {
            "type": "STAR",
            "proc_ident": "YMML1",
            "transition": "YMML",
            "seq": 3,
            "leg_type": "CF",
            "fix_ident": "YMMLF",
            "fix_lat": -37.569069444444445,
            "fix_lon": 144.841,
            "recommended_navaid": "",
            "arc_radius": 0.0,
            "theta": 0.0,
            "rho": 0.0,
            "outbound_course": 180.0,
            "inbound_course": 0.0,
            "turn_direction": "0",
            "altitude": 6000,
            "altitude2": 0,
            "speed_limit": 250,
            "vertical_angle": 0.0,
            "center_fix": "",
            "rnp": 0.0
          },
          {
            "type": "STAR",
            "proc_ident": "YMML1",
            "transition": "YMML",
            "seq": 4,
            "leg_type": "TF",
            "fix_ident": "YMML",
            "fix_lat": -37.669,
            "fix_lon": 144.841,
            "recommended_navaid": "",
            "arc_radius": 0.0,
            "theta": 0.0,
            "rho": 0.0,
            "outbound_course": 180.0,
            "inbound_course": 0.0,
            "turn_direction": "0",
            "altitude": 4000,
            "altitude2": 0,
            "speed_limit": 220,
            "vertical_angle": 0.0,
            "center_fix": "",
            "rnp": 0.0
          }
        ]
      }
    },
    {
      "type": "Feature",
      "geometry": {
        "type": "LineString",
        "coordinates": [
          [
            174.785,
            -37.0082
          ],
          [
            174.785,
            -36.508538888888886
          ],
          [
            174.785,
            -36.80833055555555
          ]
        ]
      },
      "properties": {
        "class": "procedure",
        "type": "SID",
        "proc_ident": "NZAA1",
        "transition": "NZAA",
        "legs": [
          {
            "type": "SID",
            "proc_ident": "NZAA1",
            "transition": "NZAA",
            "seq": 1,
            "leg_type": "IF",
            "fix_ident": "NZAA",
            "fix_lat": -37.0082,
            "fix_lon": 174.785,
            "recommended_navaid": "",
            "arc_radius": 0.0,
            "theta": 0.0,
            "rho": 0.0,
            "outbound_course": 0.0,
            "inbound_course": 0.0,
            "turn_direction": "",
            "altitude": 23,
            "altitude2": 0,
            "speed_limit": 0,
            "vertical_angle": 0.0,
            "center_fix": "",
            "rnp": 0.0
          },
          {
            "type": "SID",
            "proc_ident": "NZAA1",
            "transition": "NZAA",
            "seq": 2,
            "leg_type": "CF",
            "fix_ident": "NZAAN",
            "fix_lat": -36.508538888888886,
            "fix_lon": 174.785,
            "recommended_navaid": "",
            "arc_radius": 0.0,
            "theta": 0.0,
            "rho": 0.0,
            "outbound_course": 0.0,
            "inbound_course": 0.0,
            "turn_direction": "",
            "altitude": 5000,
            "altitude2": 0,
            "speed_limit": 220,
            "vertical_angle": 0.0,
            "center_fix": "",
            "rnp": 0.0
          },
          {
            "type": "SID",
            "proc_ident": "NZAA1",
            "transition": "NZAA",
            "seq": 3,
            "leg_type": "TF",
            "fix_ident": "NZAAI",
            "fix_lat": -36.80833055555555,
            "fix_lon": 174.785,
            "recommended_navaid": "",
            "arc_radius": 0.0,
            "theta": 0.0,
            "rho": 0.0,
            "outbound_course": 0.0,
            "inbound_course": 0.0,
            "turn_direction": "",
            "altitude": 8000,
            "altitude2": 0,
            "speed_limit": 0,
            "vertical_angle": 0.0,
            "center_fix": "",
            "rnp": 0.0
          }
        ]
      }
    },
    {
      "type": "Feature",
      "geometry": {
        "type": "LineString",
        "coordinates": [
          [
            174.785,
            -36.508538888888886
          ],
          [
            174.785,
            -36.80833055555555
          ],
          [
            174.785,
            -36.90826944444444
          ],
          [
            174.785,
            -37.0082
          ]
        ]
      },
      "properties": {
        "class": "procedure",
        "type": "STAR",
        "proc_ident": "NZAA1",
        "transition": "NZAA",
        "legs": [
          {
            "type": "STAR",
            "proc_ident": "NZAA1",
            "transition": "NZAA",
            "seq": 1,
            "leg_type": "IF",
            "fix_ident": "NZAAN",
            "fix_lat": -36.508538888888886,
            "fix_lon": 174.785,
            "recommended_navaid": "",
            "arc_radius": 0.0,
            "theta": 0.0,
            "rho": 0.0,
            "outbound_course": 0.0,
            "inbound_course": 0.0,
            "turn_direction": "",
            "altitude": 12500,
            "altitude2": 0,
            "speed_limit": 0,
            "vertical_angle": 0.0,
            "center_fix": "",
            "rnp": 0.0
          },
          {
            "type": "STAR",
            "proc_ident": "NZAA1",
            "transition": "NZAA",
            "seq": 2,
            "leg_type": "TF",
            "fix_ident": "NZAAI",
            "fix_lat": -36.80833055555555,
            "fix_lon": 174.785,
            "recommended_navaid": "",
            "arc_radius": 0.0,
            "theta": 0.0,
            "rho": 0.0,
            "outbound_course": 180.0,
            "inbound_course": 0.0,
            "turn_direction": "0",
            "altitude": 10000,
            "altitude2": 0,
            "speed_limit": 0,
            "vertical_angle": 0.0,
            "center_fix": "",
            "rnp": 0.0
          },
          {
            "type": "STAR",
            "proc_ident": "NZAA1",
            "transition": "NZAA",
            "seq": 3,
            "leg_type": "CF",
            "fix_ident": "NZAAF",
            "fix_lat": -36.90826944444444,
            "fix_lon": 174.785,
            "recommended_navaid": "",
            "arc_radius": 0.0,
            "theta": 0.0,
            "rho": 0.0,
            "outbound_course": 180.0,
            "inbound_course": 0.0,
            "turn_direction": "0",
            "altitude": 6000,
            "altitude2": 0,
            "speed_limit": 250,
            "vertical_angle": 0.0,
            "center_fix": "",
            "rnp": 0.0
          },
          {
            "type": "STAR",
            "proc_ident": "NZAA1",
            "transition": "NZAA",
            "seq": 4,
            "leg_type": "TF",
            "fix_ident": "NZAA",
            "fix_lat": -37.0082,
            "fix_lon": 174.785,
            "recommended_navaid": "",
            "arc_radius": 0.0,
            "theta": 0.0,
            "rho": 0.0,
            "outbound_course": 180.0,
            "inbound_course": 0.0,
            "turn_direction": "0",
            "altitude": 4000,
            "altitude2": 0,
            "speed_limit": 220,
            "vertical_angle": 0.0,
            "center_fix": "",
            "rnp": 0.0
          }
        ]
      }
    },
    {
      "type": "Feature",
      "geometry": {
        "type": "LineString",
        "coordinates": [
          [
            31.4056,
            30.1219
          ],
          [
            31.4056,
            30.621561111111113
          ],
          [
            31.4056,
            30.321769444444445
          ]
        ]
      },
      "properties": {
        "class": "procedure",
        "type": "SID",
        "proc_ident": "HECA1",
        "transition": "HECA",
        "legs": [
          {
            "type": "SID",
            "proc_ident": "HECA1",
            "transition": "HECA",
            "seq": 1,
            "leg_type": "IF",
            "fix_ident": "HECA",
            "fix_lat": 30.1219,
            "fix_lon": 31.4056,
            "recommended_navaid": "",
            "arc_radius": 0.0,
            "theta": 0.0,
            "rho": 0.0,
            "outbound_course": 0.0,
            "inbound_course": 0.0,
            "turn_direction": "",
            "altitude": 389,
            "altitude2": 0,
            "speed_limit": 0,
            "vertical_angle": 0.0,
            "center_fix": "",
            "rnp": 0.0
          },
          {
            "type": "SID",
            "proc_ident": "HECA1",
            "transition": "HECA",
            "seq": 2,
            "leg_type": "CF",
            "fix_ident": "HECAN",
            "fix_lat": 30.621561111111113,
            "fix_lon": 31.4056,
            "recommended_navaid": "",
            "arc_radius": 0.0,
            "theta": 0.0,
            "rho": 0.0,
            "outbound_course": 0.0,
            "inbound_course": 0.0,
            "turn_direction": "",
            "altitude": 5000,
            "altitude2": 0,
            "speed_limit": 220,
            "vertical_angle": 0.0,
            "center_fix": "",
            "rnp": 0.0
          },
          {
            "type": "SID",
            "proc_ident": "HECA1",
            "transition": "HECA",
            "seq": 3,
            "leg_type": "TF",
            "fix_ident": "HECAI",
            "fix_lat": 30.321769444444445,
            "fix_lon": 31.4056,
            "recommended_navaid": "",
            "arc_radius": 0.0,
            "theta": 0.0,
            "rho": 0.0,
            "outbound_course": 0.0,
            "inbound_course": 0.0,
            "turn_direction": "",
            "altitude": 8000,
            "altitude2": 0,
            "speed_limit": 0,
            "vertical_angle": 0.0,
            "center_fix": "",
            "rnp": 0.0
          }
        ]
      }
    },
    {
      "type": "Feature",
      "geometry": {
        "type": "LineString",
        "coordinates": [
          [
            31.4056,
            30.621561111111113
          ],
          [
            31.4056,
            30.321769444444445
          ],
          [
            31.4056,
            30.221830555555552
          ],
          [
            31.4056,
            30.1219
          ]
        ]
      },
      "properties": {
        "class": "procedure",
        "type": "STAR",
        "proc_ident": "HECA1",
        "transition": "HECA",
        "legs": [
          {
            "type": "STAR",
            "proc_ident": "HECA1",
            "transition": "HECA",
            "seq": 1,
            "leg_type": "IF",
            "fix_ident": "HECAN",
            "fix_lat": 30.621561111111113,
            "fix_lon": 31.4056,
            "recommended_navaid": "",
            "arc_radius": 0.0,
            "theta": 0.0,
            "rho": 0.0,
            "outbound_course": 0.0,
            "inbound_course": 0.0,
            "turn_direction": "",
            "altitude": 12500,
            "altitude2": 0,
            "speed_limit": 0,
            "vertical_angle": 0.0,
            "center_fix": "",
            "rnp": 0.0
          },
          {
            "type": "STAR",
            "proc_ident": "HECA1",
            "transition": "HECA",
            "seq": 2,
            "leg_type": "TF",
            "fix_ident": "HECAI",
            "fix_lat": 30.321769444444445,
            "fix_lon": 31.4056,
            "recommended_navaid": "",
            "arc_radius": 0.0,
            "theta": 0.0,
            "rho": 0.0,
            "outbound_course": 180.0,
            "inbound_course": 0.0,
            "turn_direction": "0",
            "altitude": 10000,
            "altitude2": 0,
            "speed_limit": 0,
            "vertical_angle": 0.0,
            "center_fix": "",
            "rnp": 0.0
          },
          {
            "type": "STAR",
            "proc_ident": "HECA1",
            "transition": "HECA",
            "seq": 3,
            "leg_type": "CF",
            "fix_ident": "HECAF",
            "fix_lat": 30.221830555555552,
            "fix_lon": 31.4056,
            "recommended_navaid": "",
            "arc_radius": 0.0,
            "theta": 0.0,
            "rho": 0.0,
            "outbound_course": 180.0,
            "inbound_course": 0.0,
            "turn_direction": "0",
            "altitude": 6000,
            "altitude2": 0,
            "speed_limit": 250,
            "vertical_angle": 0.0,
            "center_fix": "",
            "rnp": 0.0
          },
          {
            "type": "STAR",
            "proc_ident": "HECA1",
            "transition": "HECA",
            "seq": 4,
            "leg_type": "TF",
            "fix_ident": "HECA",
            "fix_lat": 30.1219,
            "fix_lon": 31.4056,
            "recommended_navaid": "",
            "arc_radius": 0.0,
            "theta": 0.0,
            "rho": 0.0,
            "outbound_course": 180.0,
            "inbound_course": 0.0,
            "turn_direction": "0",
            "altitude": 4000,
            "altitude2": 0,
            "speed_limit": 220,
            "vertical_angle": 0.0,
            "center_fix": "",
            "rnp": 0.0
          }
        ]
      }
    },
    {
      "type": "Feature",
      "geometry": {
        "type": "LineString",
        "coordinates": [
          [
            28.246000000000002,
            -26.1392
          ],
          [
            28.246000000000002,
            -25.63953888888889
          ],
          [
            28.246000000000002,
            -25.939330555555557
          ]
        ]
      },
      "properties": {
        "class": "procedure",
        "type": "SID",
        "proc_ident": "FAOR1",
        "transition": "FAOR",
        "legs": [
          {
            "type": "SID",
            "proc_ident": "FAOR1",
            "transition": "FAOR",
            "seq": 1,
            "leg_type": "IF",
            "fix_ident": "FAOR",
            "fix_lat": -26.1392,
            "fix_lon": 28.246000000000002,
            "recommended_navaid": "",
            "arc_radius": 0.0,
            "theta": 0.0,
            "rho": 0.0,
            "outbound_course": 0.0,
            "inbound_course": 0.0,
            "turn_direction": "",
            "altitude": 5558,
            "altitude2": 0,
            "speed_limit": 0,
            "vertical_angle": 0.0,
            "center_fix": "",
            "rnp": 0.0
          },
          {
            "type": "SID",
            "proc_ident": "FAOR1",
            "transition": "FAOR",
            "seq": 2,
            "leg_type": "CF",
            "fix_ident": "FAORN",
            "fix_lat": -25.63953888888889,
            "fix_lon": 28.246000000000002,
            "recommended_navaid": "",
            "arc_radius": 0.0,
            "theta": 0.0,
            "rho": 0.0,
            "outbound_course": 0.0,
            "inbound_course": 0.0,
            "turn_direction": "",
            "altitude": 5000,
            "altitude2": 0,
            "speed_limit": 220,
            "vertical_angle": 0.0,
            "center_fix": "",
            "rnp": 0.0
          },
          {
            "type": "SID",
            "proc_ident": "FAOR1",
            "transition": "FAOR",
            "seq": 3,
            "leg_type": "TF",
            "fix_ident": "FAORI",
            "fix_lat": -25.939330555555557,
            "fix_lon": 28.246000000000002,
            "recommended_navaid": "",
            "arc_radius": 0.0,
            "theta": 0.0,
            "rho": 0.0,
            "outbound_course": 0.0,
            "inbound_course": 0.0,
            "turn_direction": "",
            "altitude": 8000,
            "altitude2": 0,
            "speed_limit": 0,
            "vertical_angle": 0.0,
            "center_fix": "",
            "rnp": 0.0
          }
        ]
      }
    },
    {
      "type": "Feature",
      "geometry": {
        "type": "LineString",
        "coordinates": [
          [
            28.246000000000002,
            -25.63953888888889
          ],
          [
            28.246000000000002,
            -25.939330555555557
          ],
          [
            28.246000000000002,
            -26.039269444444447
          ],
          [
            28.246000000000002,
            -26.1392
          ]
        ]
      },
      "properties": {
        "class": "procedure",
        "type": "STAR",
        "proc_ident": "FAOR1",
        "transition": "FAOR",
        "legs": [
          {
            "type": "STAR",
            "proc_ident": "FAOR1",
            "transition": "FAOR",
            "seq": 1,
            "leg_type": "IF",
            "fix_ident": "FAORN",
            "fix_lat": -25.63953888888889,
            "fix_lon": 28.246000000000002,
            "recommended_navaid": "",
            "arc_radius": 0.0,
            "theta": 0.0,
            "rho": 0.0,
            "outbound_course": 0.0,
            "inbound_course": 0.0,
            "turn_direction": "",
            "altitude": 12500,
            "altitude2": 0,
            "speed_limit": 0,
            "vertical_angle": 0.0,
            "center_fix": "",
            "rnp": 0.0
          },
          {
            "type": "STAR",
            "proc_ident": "FAOR1",
            "transition": "FAOR",
            "seq": 2,
            "leg_type": "TF",
            "fix_ident": "FAORI",
            "fix_lat": -25.939330555555557,
            "fix_lon": 28.246000000000002,
            "recommended_navaid": "",
            "arc_radius": 0.0,
            "theta": 0.0,
            "rho": 0.0,
            "outbound_course": 180.0,
            "inbound_course": 0.0,
            "turn_direction": "0",
            "altitude": 10000,
            "altitude2": 0,
            "speed_limit": 0,
            "vertical_angle": 0.0,
            "center_fix": "",
            "rnp": 0.0
          },
          {
            "type": "STAR",
            "proc_ident": "FAOR1",
            "transition": "FAOR",
            "seq": 3,
            "leg_type": "CF",
            "fix_ident": "FAORF",
            "fix_lat": -26.039269444444447,
            "fix_lon": 28.246000000000002,
            "recommended_navaid": "",
            "arc_radius": 0.0,
            "theta": 0.0,
            "rho": 0.0,
            "outbound_course": 180.0,
            "inbound_course": 0.0,
            "turn_direction": "0",
            "altitude": 6000,
            "altitude2": 0,
            "speed_limit": 250,
            "vertical_angle": 0.0,
            "center_fix": "",
            "rnp": 0.0
          },
          {
            "type": "STAR",
            "proc_ident": "FAOR1",
            "transition": "FAOR",
            "seq": 4,
            "leg_type": "TF",
            "fix_ident": "FAOR",
            "fix_lat": -26.1392,
            "fix_lon": 28.246000000000002,
            "recommended_navaid": "",
            "arc_radius": 0.0,
            "theta": 0.0,
            "rho": 0.0,
            "outbound_course": 180.0,
            "inbound_course": 0.0,
            "turn_direction": "0",
            "altitude": 4000,
            "altitude2": 0,
            "speed_limit": 220,
            "vertical_angle": 0.0,
            "center_fix": "",
            "rnp": 0.0
          }
        ]
      }
    },
    {
      "type": "Feature",
      "geometry": {
        "type": "LineString",
        "coordinates": [
          [
            36.9278,
            -1.3192
          ],
          [
            36.9278,
            -0.8195388888888889
          ],
          [
            36.9278,
            -1.1193305555555555
          ]
        ]
      },
      "properties": {
        "class": "procedure",
        "type": "SID",
        "proc_ident": "HKJK1",
        "transition": "HKJK",
        "legs": [
          {
            "type": "SID",
            "proc_ident": "HKJK1",
            "transition": "HKJK",
            "seq": 1,
            "leg_type": "IF",
            "fix_ident": "HKJK",
            "fix_lat": -1.3192,
            "fix_lon": 36.9278,
            "recommended_navaid": "",
            "arc_radius": 0.0,
            "theta": 0.0,
            "rho": 0.0,
            "outbound_course": 0.0,
            "inbound_course": 0.0,
            "turn_direction": "",
            "altitude": 5327,
            "altitude2": 0,
            "speed_limit": 0,
            "vertical_angle": 0.0,
            "center_fix": "",
            "rnp": 0.0
          },
          {
            "type": "SID",
            "proc_ident": "HKJK1",
            "transition": "HKJK",
            "seq": 2,
            "leg_type": "CF",
            "fix_ident": "HKJKN",
            "fix_lat": -0.8195388888888889,
            "fix_lon": 36.9278,
            "recommended_navaid": "",
            "arc_radius": 0.0,
            "theta": 0.0,
            "rho": 0.0,
            "outbound_course": 0.0,
            "inbound_course": 0.0,
            "turn_direction": "",
            "altitude": 5000,
            "altitude2": 0,
            "speed_limit": 220,
            "vertical_angle": 0.0,
            "center_fix": "",
            "rnp": 0.0
          },
          {
            "type": "SID",
            "proc_ident": "HKJK1",
            "transition": "HKJK",
            "seq": 3,
            "leg_type": "TF",
            "fix_ident": "HKJKI",
            "fix_lat": -1.1193305555555555,
            "fix_lon": 36.9278,
            "recommended_navaid": "",
            "arc_radius": 0.0,
            "theta": 0.0,
            "rho": 0.0,
            "outbound_course": 0.0,
            "inbound_course": 0.0,
            "turn_direction": "",
            "altitude": 8000,
            "altitude2": 0,
            "speed_limit": 0,
            "vertical_angle": 0.0,
            "center_fix": "",
            "rnp": 0.0
          }
        ]
      }
    },
    {
      "type": "Feature",
      "geometry": {
        "type": "LineString",
        "coordinates": [
          [
            36.9278,
            -0.8195388888888889
          ],
          [
            36.9278,
            -1.1193305555555555
          ],
          [
            36.9278,
            -1.2192694444444445
          ],
          [
            36.9278,
            -1.3192
          ]
        ]
      },
      "properties": {
        "class": "procedure",
        "type": "STAR",
        "proc_ident": "HKJK1",
        "transition": "HKJK",
        "legs": [
          {
            "type": "STAR",
            "proc_ident": "HKJK1",
            "transition": "HKJK",
            "seq": 1,
            "leg_type": "IF",
            "fix_ident": "HKJKN",
            "fix_lat": -0.8195388888888889,
            "fix_lon": 36.9278,
            "recommended_navaid": "",
            "arc_radius": 0.0,
            "theta": 0.0,
            "rho": 0.0,
            "outbound_course": 0.0,
            "inbound_course": 0.0,
            "turn_direction": "",
            "altitude": 12500,
            "altitude2": 0,
            "speed_limit": 0,
            "vertical_angle": 0.0,
            "center_fix": "",
            "rnp": 0.0
          },
          {
            "type": "STAR",
            "proc_ident": "HKJK1",
            "transition": "HKJK",
            "seq": 2,
            "leg_type": "TF",
            "fix_ident": "HKJKI",
            "fix_lat": -1.1193305555555555,
            "fix_lon": 36.9278,
            "recommended_navaid": "",
            "arc_radius": 0.0,
            "theta": 0.0,
            "rho": 0.0,
            "outbound_course": 180.0,
            "inbound_course": 0.0,
            "turn_direction": "0",
            "altitude": 10000,
            "altitude2": 0,
            "speed_limit": 0,
            "vertical_angle": 0.0,
            "center_fix": "",
            "rnp": 0.0
          },
          {
            "type": "STAR",
            "proc_ident": "HKJK1",
            "transition": "HKJK",
            "seq": 3,
            "leg_type": "CF",
            "fix_ident": "HKJKF",
            "fix_lat": -1.2192694444444445,
            "fix_lon": 36.9278,
            "recommended_navaid": "",
            "arc_radius": 0.0,
            "theta": 0.0,
            "rho": 0.0,
            "outbound_course": 180.0,
            "inbound_course": 0.0,
            "turn_direction": "0",
            "altitude": 6000,
            "altitude2": 0,
            "speed_limit": 250,
            "vertical_angle": 0.0,
            "center_fix": "",
            "rnp": 0.0
          },
          {
            "type": "STAR",
            "proc_ident": "HKJK1",
            "transition": "HKJK",
            "seq": 4,
            "leg_type": "TF",
            "fix_ident": "HKJK",
            "fix_lat": -1.3192,
            "fix_lon": 36.9278,
            "recommended_navaid": "",
            "arc_radius": 0.0,
            "theta": 0.0,
            "rho": 0.0,
            "outbound_course": 180.0,
            "inbound_course": 0.0,
            "turn_direction": "0",
            "altitude": 4000,
            "altitude2": 0,
            "speed_limit": 220,
            "vertical_angle": 0.0,
            "center_fix": "",
            "rnp": 0.0
          }
        ]
      }
    },
    {
      "type": "Feature",
      "geometry": {
        "type": "LineString",
        "coordinates": [
          [
            -46.4731,
            -23.4356
          ],
          [
            -46.4731,
            -22.935938888888888
          ],
          [
            -46.4731,
            -23.235730555555556
          ]
        ]
      },
      "properties": {
        "class": "procedure",
        "type": "SID",
        "proc_ident": "SBGR1",
        "transition": "SBGR",
        "legs": [
          {
            "type": "SID",
            "proc_ident": "SBGR1",
            "transition": "SBGR",
            "seq": 1,
            "leg_type": "IF",
            "fix_ident": "SBGR",
            "fix_lat": -23.4356,
            "fix_lon": -46.4731,
            "recommended_navaid": "",
            "arc_radius": 0.0,
            "theta": 0.0,
            "rho": 0.0,
            "outbound_course": 0.0,
            "inbound_course": 0.0,
            "turn_direction": "",
            "altitude": 2451,
            "altitude2": 0,
            "speed_limit": 0,
            "vertical_angle": 0.0,
            "center_fix": "",
            "rnp": 0.0
          },
          {
            "type": "SID",
            "proc_ident": "SBGR1",
            "transition": "SBGR",
            "seq": 2,
            "leg_type": "CF",
            "fix_ident": "SBGRN",
            "fix_lat": -22.935938888888888,
            "fix_lon": -46.4731,
            "recommended_navaid": "",
            "arc_radius": 0.0,
            "theta": 0.0,
            "rho": 0.0,
            "outbound_course": 0.0,
            "inbound_course": 0.0,
            "turn_direction": "",
            "altitude": 5000,
            "altitude2": 0,
            "speed_limit": 220,
            "vertical_angle": 0.0,
            "center_fix": "",
            "rnp": 0.0
          },
          {
            "type": "SID",
            "proc_ident": "SBGR1",
            "transition": "SBGR",
            "seq": 3,
            "leg_type": "TF",
            "fix_ident": "SBGRI",
            "fix_lat": -23.235730555555556,
            "fix_lon": -46.4731,
            "recommended_navaid": "",
            "arc_radius": 0.0,
            "theta": 0.0,
            "rho": 0.0,
            "outbound_course": 0.0,
            "inbound_course": 0.0,
            "turn_direction": "",
            "altitude": 8000,
            "altitude2": 0,
            "speed_limit": 0,
            "vertical_angle": 0.0,
            "center_fix": "",
            "rnp": 0.0
          }
        ]
      }
    },
    {
      "type": "Feature",
      "geometry": {
        "type": "LineString",
        "coordinates": [
          [
            -46.4731,
            -22.935938888888888
          ],
          [
            -46.4731,
            -23.235730555555556
          ],
          [
            -46.4731,
            -23.335669444444445
          ],
          [
            -46.4731,
            -23.4356
          ]
        ]
      },
      "properties": {
        "class": "procedure",
        "type": "STAR",
        "proc_ident": "SBGR1",
        "transition": "SBGR",
        "legs": [
          {
            "type": "STAR",
            "proc_ident": "SBGR1",
            "transition": "SBGR",
            "seq": 1,
            "leg_type": "IF",
            "fix_ident": "SBGRN",
            "fix_lat": -22.935938888888888,
            "fix_lon": -46.4731,
            "recommended_navaid": "",
            "arc_radius": 0.0,
            "theta": 0.0,
            "rho": 0.0,
            "outbound_course": 0.0,
            "inbound_course": 0.0,
            "turn_direction": "",
            "altitude": 12500,
            "altitude2": 0,
            "speed_limit": 0,
            "vertical_angle": 0.0,
            "center_fix": "",
            "rnp": 0.0
          },
          {
            "type": "STAR",
            "proc_ident": "SBGR1",
            "transition": "SBGR",
            "seq": 2,
            "leg_type": "TF",
            "fix_ident": "SBGRI",
            "fix_lat": -23.235730555555556,
            "fix_lon": -46.4731,
            "recommended_navaid": "",
            "arc_radius": 0.0,
            "theta": 0.0,
            "rho": 0.0,
            "outbound_course": 180.0,
            "inbound_course": 0.0,
            "turn_direction": "0",
            "altitude": 10000,
            "altitude2": 0,
            "speed_limit": 0,
            "vertical_angle": 0.0,
            "center_fix": "",
            "rnp": 0.0
          },
          {
            "type": "STAR",
            "proc_ident": "SBGR1",
            "transition": "SBGR",
            "seq": 3,
            "leg_type": "CF",
            "fix_ident": "SBGRF",
            "fix_lat": -23.335669444444445,
            "fix_lon": -46.4731,
            "recommended_navaid": "",
            "arc_radius": 0.0,
            "theta": 0.0,
            "rho": 0.0,
            "outbound_course": 180.0,
            "inbound_course": 0.0,
            "turn_direction": "0",
            "altitude": 6000,
            "altitude2": 0,
            "speed_limit": 250,
            "vertical_angle": 0.0,
            "center_fix": "",
            "rnp": 0.0
          },
          {
            "type": "STAR",
            "proc_ident": "SBGR1",
            "transition": "SBGR",
            "seq": 4,
            "leg_type": "TF",
            "fix_ident": "SBGR",
            "fix_lat": -23.4356,
            "fix_lon": -46.4731,
            "recommended_navaid": "",
            "arc_radius": 0.0,
            "theta": 0.0,
            "rho": 0.0,
            "outbound_course": 180.0,
            "inbound_course": 0.0,
            "turn_direction": "0",
            "altitude": 4000,
            "altitude2": 0,
            "speed_limit": 220,
            "vertical_angle": 0.0,
            "center_fix": "",
            "rnp": 0.0
          }
        ]
      }
    },
    {
      "type": "Feature",
      "geometry": {
        "type": "LineString",
        "coordinates": [
          [
            -58.535799999999995,
            -34.8222
          ],
          [
            -58.535799999999995,
            -34.32253888888889
          ],
          [
            -58.535799999999995,
            -34.62233055555556
          ]
        ]
      },
      "properties": {
        "class": "procedure",
        "type": "SID",
        "proc_ident": "SAEZ1",
        "transition": "SAEZ",
        "legs": [
          {
            "type": "SID",
            "proc_ident": "SAEZ1",
            "transition": "SAEZ",
            "seq": 1,
            "leg_type": "IF",
            "fix_ident": "SAEZ",
            "fix_lat": -34.8222,
            "fix_lon": -58.535799999999995,
            "recommended_navaid": "",
            "arc_radius": 0.0,
            "theta": 0.0,
            "rho": 0.0,
            "outbound_course": 0.0,
            "inbound_course": 0.0,
            "turn_direction": "",
            "altitude": 67,
            "altitude2": 0,
            "speed_limit": 0,
            "vertical_angle": 0.0,
            "center_fix": "",
            "rnp": 0.0
          },
          {
            "type": "SID",
            "proc_ident": "SAEZ1",
            "transition": "SAEZ",
            "seq": 2,
            "leg_type": "CF",
            "fix_ident": "SAEZN",
            "fix_lat": -34.32253888888889,
            "fix_lon": -58.535799999999995,
            "recommended_navaid": "",
            "arc_radius": 0.0,
            "theta": 0.0,
            "rho": 0.0,
            "outbound_course": 0.0,
            "inbound_course": 0.0,
            "turn_direction": "",
            "altitude": 5000,
            "altitude2": 0,
            "speed_limit": 220,
            "vertical_angle": 0.0,
            "center_fix": "",
            "rnp": 0.0
          },
          {
            "type": "SID",
            "proc_ident": "SAEZ1",
            "transition": "SAEZ",
            "seq": 3,
            "leg_type": "TF",
            "fix_ident": "SAEZI",
            "fix_lat": -34.62233055555556,
            "fix_lon": -58.535799999999995,
            "recommended_navaid": "",
            "arc_radius": 0.0,
            "theta": 0.0,
            "rho": 0.0,
            "outbound_course": 0.0,
            "inbound_course": 0.0,
            "turn_direction": "",
            "altitude": 8000,
            "altitude2": 0,
            "speed_limit": 0,
            "vertical_angle": 0.0,
            "center_fix": "",
            "rnp": 0.0
          }
        ]
      }
    },
    {
      "type": "Feature",
      "geometry": {
        "type": "LineString",
        "coordinates": [
          [
            -58.535799999999995,
            -34.32253888888889
          ],
          [
            -58.535799999999995,
            -34.62233055555556
          ],
          [
            -58.535799999999995,
            -34.72226944444444
          ],
          [
            -58.535799999999995,
            -34.8222
          ]
        ]
      },
      "properties": {
        "class": "procedure",
        "type": "STAR",
        "proc_ident": "SAEZ1",
        "transition": "SAEZ",
        "legs": [
          {
            "type": "STAR",
            "proc_ident": "SAEZ1",
            "transition": "SAEZ",
            "seq": 1,
            "leg_type": "IF",
            "fix_ident": "SAEZN",
            "fix_lat": -34.32253888888889,
            "fix_lon": -58.535799999999995,
            "recommended_navaid": "",
            "arc_radius": 0.0,
            "theta": 0.0,
            "rho": 0.0,
            "outbound_course": 0.0,
            "inbound_course": 0.0,
            "turn_direction": "",
            "altitude": 12500,
            "altitude2": 0,
            "speed_limit": 0,
            "vertical_angle": 0.0,
            "center_fix": "",
            "rnp": 0.0
          },
          {
            "type": "STAR",
            "proc_ident": "SAEZ1",
            "transition": "SAEZ",
            "seq": 2,
            "leg_type": "TF",
            "fix_ident": "SAEZI",
            "fix_lat": -34.62233055555556,
            "fix_lon": -58.535799999999995,
            "recommended_navaid": "",
            "arc_radius": 0.0,
            "theta": 0.0,
            "rho": 0.0,
            "outbound_course": 180.0,
            "inbound_course": 0.0,
            "turn_direction": "0",
            "altitude": 10000,
            "altitude2": 0,
            "speed_limit": 0,
            "vertical_angle": 0.0,
            "center_fix": "",
            "rnp": 0.0
          },
          {
            "type": "STAR",
            "proc_ident": "SAEZ1",
            "transition": "SAEZ",
            "seq": 3,
            "leg_type": "CF",
            "fix_ident": "SAEZF",
            "fix_lat": -34.72226944444444,
            "fix_lon": -58.535799999999995,
            "recommended_navaid": "",
            "arc_radius": 0.0,
            "theta": 0.0,
            "rho": 0.0,
            "outbound_course": 180.0,
            "inbound_course": 0.0,
            "turn_direction": "0",
            "altitude": 6000,
            "altitude2": 0,
            "speed_limit": 250,
            "vertical_angle": 0.0,
            "center_fix": "",
            "rnp": 0.0
          },
          {
            "type": "STAR",
            "proc_ident": "SAEZ1",
            "transition": "SAEZ",
            "seq": 4,
            "leg_type": "TF",
            "fix_ident": "SAEZ",
            "fix_lat": -34.8222,
            "fix_lon": -58.535799999999995,
            "recommended_navaid": "",
            "arc_radius": 0.0,
            "theta": 0.0,
            "rho": 0.0,
            "outbound_course": 180.0,
            "inbound_course": 0.0,
            "turn_direction": "0",
            "altitude": 4000,
            "altitude2": 0,
            "speed_limit": 220,
            "vertical_angle": 0.0,
            "center_fix": "",
            "rnp": 0.0
          }
        ]
      }
    },
    {
      "type": "Feature",
      "geometry": {
        "type": "LineString",
        "coordinates": [
          [
            -99.0719,
            19.4361
          ],
          [
            -99.0719,
            19.935761111111113
          ],
          [
            -99.0719,
            19.635969444444445
          ]
        ]
      },
      "properties": {
        "class": "procedure",
        "type": "SID",
        "proc_ident": "MMMX1",
        "transition": "MMMX",
        "legs": [
          {
            "type": "SID",
            "proc_ident": "MMMX1",
            "transition": "MMMX",
            "seq": 1,
            "leg_type": "IF",
            "fix_ident": "MMMX",
            "fix_lat": 19.4361,
            "fix_lon": -99.0719,
            "recommended_navaid": "",
            "arc_radius": 0.0,
            "theta": 0.0,
            "rho": 0.0,
            "outbound_course": 0.0,
            "inbound_course": 0.0,
            "turn_direction": "",
            "altitude": 7316,
            "altitude2": 0,
            "speed_limit": 0,
            "vertical_angle": 0.0,
            "center_fix": "",
            "rnp": 0.0
          },
          {
            "type": "SID",
            "proc_ident": "MMMX1",
            "transition": "MMMX",
            "seq": 2,
            "leg_type": "CF",
            "fix_ident": "MMMXN",
            "fix_lat": 19.935761111111113,
            "fix_lon": -99.0719,
            "recommended_navaid": "",
            "arc_radius": 0.0,
            "theta": 0.0,
            "rho": 0.0,
            "outbound_course": 0.0,
            "inbound_course": 0.0,
            "turn_direction": "",
            "altitude": 5000,
            "altitude2": 0,
            "speed_limit": 220,
            "vertical_angle": 0.0,
            "center_fix": "",
            "rnp": 0.0
          },
          {
            "type": "SID",
            "proc_ident": "MMMX1",
            "transition": "MMMX",
            "seq": 3,
            "leg_type": "TF",
            "fix_ident": "MMMXI",
            "fix_lat": 19.635969444444445,
            "fix_lon": -99.0719,
            "recommended_navaid": "",
            "arc_radius": 0.0,
            "theta": 0.0,
            "rho": 0.0,
            "outbound_course": 0.0,
            "inbound_course": 0.0,
            "turn_direction": "",
            "altitude": 8000,
            "altitude2": 0,
            "speed_limit": 0,
            "vertical_angle": 0.0,
            "center_fix": "",
            "rnp": 0.0
          }
        ]
      }
    },
    {
      "type": "Feature",
      "geometry": {
        "type": "LineString",
        "coordinates": [
          [
            -99.0719,
            19.935761111111113
          ],
          [
            -99.0719,
            19.635969444444445
          ],
          [
            -99.0719,
            19.536030555555556
          ],
          [
            -99.0719,
            19.4361
          ]
        ]
      },
      "properties": {
        "class": "procedure",
        "type": "STAR",
        "proc_ident": "MMMX1",
        "transition": "MMMX",
        "legs": [
          {
            "type": "STAR",
            "proc_ident": "MMMX1",
            "transition": "MMMX",
            "seq": 1,
            "leg_type": "IF",
            "fix_ident": "MMMXN",
            "fix_lat": 19.935761111111113,
            "fix_lon": -99.0719,
            "recommended_navaid": "",
            "arc_radius": 0.0,
            "theta": 0.0,
            "rho": 0.0,
            "outbound_course": 0.0,
            "inbound_course": 0.0,
            "turn_direction": "",
            "altitude": 12500,
            "altitude2": 0,
            "speed_limit": 0,
            "vertical_angle": 0.0,
            "center_fix": "",
            "rnp": 0.0
          },
          {
            "type": "STAR",
            "proc_ident": "MMMX1",
            "transition": "MMMX",
            "seq": 2,
            "leg_type": "TF",
            "fix_ident": "MMMXI",
            "fix_lat": 19.635969444444445,
            "fix_lon": -99.0719,
            "recommended_navaid": "",
            "arc_radius": 0.0,
            "theta": 0.0,
            "rho": 0.0,
            "outbound_course": 180.0,
            "inbound_course": 0.0,
            "turn_direction": "0",
            "altitude": 10000,
            "altitude2": 0,
            "speed_limit": 0,
            "vertical_angle": 0.0,
            "center_fix": "",
            "rnp": 0.0
          },
          {
            "type": "STAR",
            "proc_ident": "MMMX1",
            "transition": "MMMX",
            "seq": 3,
            "leg_type": "CF",
            "fix_ident": "MMMXF",
            "fix_lat": 19.536030555555556,
            "fix_lon": -99.0719,
            "recommended_navaid": "",
            "arc_radius": 0.0,
            "theta": 0.0,
            "rho": 0.0,
            "outbound_course": 180.0,
            "inbound_course": 0.0,
            "turn_direction": "0",
            "altitude": 6000,
            "altitude2": 0,
            "speed_limit": 250,
            "vertical_angle": 0.0,
            "center_fix": "",
            "rnp": 0.0
          },
          {
            "type": "STAR",
            "proc_ident": "MMMX1",
            "transition": "MMMX",
            "seq": 4,
            "leg_type": "TF",
            "fix_ident": "MMMX",
            "fix_lat": 19.4361,
            "fix_lon": -99.0719,
            "recommended_navaid": "",
            "arc_radius": 0.0,
            "theta": 0.0,
            "rho": 0.0,
            "outbound_course": 180.0,
            "inbound_course": 0.0,
            "turn_direction": "0",
            "altitude": 4000,
            "altitude2": 0,
            "speed_limit": 220,
            "vertical_angle": 0.0,
            "center_fix": "",
            "rnp": 0.0
          }
        ]
      }
    },
    {
      "type": "Feature",
      "geometry": {
        "type": "Polygon",
        "coordinates": [
          [
            [
              100.0,
              33.0
            ],
            [
              108.0,
              33.0
            ],
            [
              110.0,
              30.0
            ],
            [
              108.0,
              27.0
            ],
            [
              103.0,
              26.0
            ],
            [
              99.0,
              28.0
            ],
            [
              100.0,
              33.0
            ]
          ]
        ]
      },
      "properties": {
        "class": "airspace",
        "ident": "ZJFI",
        "type": "F",
        "name": "CHENGDU FIR",
        "upper_limit": 600,
        "lower_limit": 0
      }
    },
    {
      "type": "Feature",
      "geometry": {
        "type": "Polygon",
        "coordinates": [
          [
            [
              110.0,
              45.0
            ],
            [
              125.0,
              45.0
            ],
            [
              128.0,
              40.0
            ],
            [
              125.0,
              35.0
            ],
            [
              110.0,
              35.0
            ],
            [
              108.0,
              38.0
            ],
            [
              110.0,
              45.0
            ]
          ]
        ]
      },
      "properties": {
        "class": "airspace",
        "ident": "ZBPE",
        "type": "F",
        "name": "BEIJING FIR",
        "upper_limit": 600,
        "lower_limit": 0
      }
    },
    {
      "type": "Feature",
      "geometry": {
        "type": "Polygon",
        "coordinates": [
          [
            [
              118.0,
              35.0
            ],
            [
              130.0,
              35.0
            ],
            [
              132.0,
              30.0
            ],
            [
              128.0,
              25.0
            ],
            [
              118.0,
              25.0
            ],
            [
              116.0,
              28.0
            ],
            [
              118.0,
              35.0
            ]
          ]
        ]
      },
      "properties": {
        "class": "airspace",
        "ident": "ZSHA",
        "type": "F",
        "name": "SHANGHAI FIR",
        "upper_limit": 600,
        "lower_limit": 0
      }
    },
    {
      "type": "Feature",
      "geometry": {
        "type": "Polygon",
        "coordinates": [
          [
            [
              108.0,
              28.0
            ],
            [
              120.0,
              28.0
            ],
            [
              122.0,
              22.0
            ],
            [
              118.0,
              18.0
            ],
            [
              108.0,
              18.0
            ],
            [
              106.0,
              22.0
            ],
            [
              108.0,
              28.0
            ]
          ]
        ]
      },
      "properties": {
        "class": "airspace",
        "ident": "ZGZU",
        "type": "F",
        "name": "GUANGZHOU FIR",
        "upper_limit": 600,
        "lower_limit": 0
      }
    },
    {
      "type": "Feature",
      "geometry": {
        "type": "Polygon",
        "coordinates": [
          [
            [
              135.0,
              45.0
            ],
            [
              150.0,
              45.0
            ],
            [
              155.0,
              35.0
            ],
            [
              150.0,
              30.0
            ],
            [
              135.0,
              30.0
            ],
            [
              132.0,
              35.0
            ],
            [
              135.0,
              45.0
            ]
          ]
        ]
      },
      "properties": {
        "class": "airspace",
        "ident": "RJJT",
        "type": "F",
        "name": "TOKYO FIR",
        "upper_limit": 600,
        "lower_limit": 0
      }
    },
    {
      "type": "Feature",
      "geometry": {
        "type": "Polygon",
        "coordinates": [
          [
            [
              112.0,
              25.0
            ],
            [
              120.0,
              25.0
            ],
            [
              122.0,
              20.0
            ],
            [
              118.0,
              15.0
            ],
            [
              112.0,
              15.0
            ],
            [
              110.0,
              20.0
            ],
            [
              112.0,
              25.0
            ]
          ]
        ]
      },
      "properties": {
        "class": "airspace",
        "ident": "VHHK",
        "type": "F",
        "name": "HONG KONG FIR",
        "upper_limit": 600,
        "lower_limit": 0
      }
    },
    {
      "type": "Feature",
      "geometry": {
        "type": "Polygon",
        "coordinates": [
          [
            [
              100.0,
              5.0
            ],
            [
              110.0,
              5.0
            ],
            [
              112.0,
              0.0
            ],
            [
              108.0,
              -5.0
            ],
            [
              100.0,
              -5.0
            ],
            [
              98.0,
              0.0
            ],
            [
              100.0,
              5.0
            ]
          ]
        ]
      },
      "properties": {
        "class": "airspace",
        "ident": "WSJC",
        "type": "F",
        "name": "SINGAPORE FIR",
        "upper_limit": 600,
        "lower_limit": 0
      }
    },
    {
      "type": "Feature",
      "geometry": {
        "type": "Polygon",
        "coordinates": [
          [
            [
              50.0,
              30.0
            ],
            [
              60.0,
              30.0
            ],
            [
              62.0,
              25.0
            ],
            [
              58.0,
              20.0
            ],
            [
              50.0,
              20.0
            ],
            [
              48.0,
              25.0
            ],
            [
              50.0,
              30.0
            ]
          ]
        ]
      },
      "properties": {
        "class": "airspace",
        "ident": "OMAE",
        "type": "F",
        "name": "DUBAI FIR",
        "upper_limit": 600,
        "lower_limit": 0
      }
    },
    {
      "type": "Feature",
      "geometry": {
        "type": "Polygon",
        "coordinates": [
          [
            [
              -10.0,
              60.0
            ],
            [
              5.0,
              60.0
            ],
            [
              8.0,
              50.0
            ],
            [
              2.0,
              48.0
            ],
            [
              -10.0,
              48.0
            ],
            [
              -12.0,
              52.0
            ],
            [
              -10.0,
              60.0
            ]
          ]
        ]
      },
      "properties": {
        "class": "airspace",
        "ident": "EGTT",
        "type": "F",
        "name": "LONDON FIR",
        "upper_limit": 600,
        "lower_limit": 0
      }
    },
    {
      "type": "Feature",
      "geometry": {
        "type": "Polygon",
        "coordinates": [
          [
            [
              -5.0,
              55.0
            ],
            [
              10.0,
              55.0
            ],
            [
              12.0,
              45.0
            ],
            [
              8.0,
              42.0
            ],
            [
              -5.0,
              42.0
            ],
            [
              -8.0,
              48.0
            ],
            [
              -5.0,
              55.0
            ]
          ]
        ]
      },
      "properties": {
        "class": "airspace",
        "ident": "LFEE",
        "type": "F",
        "name": "PARIS FIR",
        "upper_limit": 600,
        "lower_limit": 0
      }
    },
    {
      "type": "Feature",
      "geometry": {
        "type": "Polygon",
        "coordinates": [
          [
            [
              5.0,
              55.0
            ],
            [
              15.0,
              55.0
            ],
            [
              17.0,
              48.0
            ],
            [
              12.0,
              45.0
            ],
            [
              5.0,
              45.0
            ],
            [
              3.0,
              50.0
            ],
            [
              5.0,
              55.0
            ]
          ]
        ]
      },
      "properties": {
        "class": "airspace",
        "ident": "EDUU",
        "type": "F",
        "name": "FRANKFURT FIR",
        "upper_limit": 600,
        "lower_limit": 0
      }
    },
    {
      "type": "Feature",
      "geometry": {
        "type": "Polygon",
        "coordinates": [
          [
            [
              -80.0,
              50.0
            ],
            [
              -60.0,
              50.0
            ],
            [
              -55.0,
              40.0
            ],
            [
              -65.0,
              35.0
            ],
            [
              -80.0,
              35.0
            ],
            [
              -85.0,
              42.0
            ],
            [
              -80.0,
              50.0
            ]
          ]
        ]
      },
      "properties": {
        "class": "airspace",
        "ident": "KZNY",
        "type": "F",
        "name": "NEW YORK FIR",
        "upper_limit": 600,
        "lower_limit": 0
      }
    },
    {
      "type": "Feature",
      "geometry": {
        "type": "Polygon",
        "coordinates": [
          [
            [
              -130.0,
              50.0
            ],
            [
              -115.0,
              50.0
            ],
            [
              -110.0,
              35.0
            ],
            [
              -118.0,
              30.0
            ],
            [
              -130.0,
              30.0
            ],
            [
              -135.0,
              40.0
            ],
            [
              -130.0,
              50.0
            ]
          ]
        ]
      },
      "properties": {
        "class": "airspace",
        "ident": "KZLA",
        "type": "F",
        "name": "LOS ANGELES FIR",
        "upper_limit": 600,
        "lower_limit": 0
      }
    },
    {
      "type": "Feature",
      "geometry": {
        "type": "Polygon",
        "coordinates": [
          [
            [
              -100.0,
              50.0
            ],
            [
              -80.0,
              50.0
            ],
            [
              -75.0,
              40.0
            ],
            [
              -85.0,
              35.0
            ],
            [
              -100.0,
              35.0
            ],
            [
              -105.0,
              42.0
            ],
            [
              -100.0,
              50.0
            ]
          ]
        ]
      },
      "properties": {
        "class": "airspace",
        "ident": "KZAU",
        "type": "F",
        "name": "CHICAGO FIR",
        "upper_limit": 600,
        "lower_limit": 0
      }
    },
    {
      "type": "Feature",
      "geometry": {
        "type": "Polygon",
        "coordinates": [
          [
            [
              -100.0,
              70.0
            ],
            [
              -60.0,
              70.0
            ],
            [
              -55.0,
              50.0
            ],
            [
              -70.0,
              45.0
            ],
            [
              -100.0,
              45.0
            ],
            [
              -110.0,
              55.0
            ],
            [
              -100.0,
              70.0
            ]
          ]
        ]
      },
      "properties": {
        "class": "airspace",
        "ident": "CZQM",
        "type": "F",
        "name": "TORONTO FIR",
        "upper_limit": 600,
        "lower_limit": 0
      }
    },
    {
      "type": "Feature",
      "geometry": {
        "type": "Polygon",
        "coordinates": [
          [
            [
              140.0,
              -10.0
            ],
            [
              160.0,
              -10.0
            ],
            [
              165.0,
              -30.0
            ],
            [
              155.0,
              -40.0
            ],
            [
              140.0,
              -40.0
            ],
            [
              135.0,
              -25.0
            ],
            [
              140.0,
              -10.0
            ]
          ]
        ]
      },
      "properties": {
        "class": "airspace",
        "ident": "YBBB",
        "type": "F",
        "name": "BRISBANE FIR",
        "upper_limit": 600,
        "lower_limit": 0
      }
    },
    {
      "type": "Feature",
      "geometry": {
        "type": "Polygon",
        "coordinates": [
          [
            [
              160.0,
              -25.0
            ],
            [
              180.0,
              -25.0
            ],
            [
              180.0,
              -50.0
            ],
            [
              160.0,
              -50.0
            ],
            [
              155.0,
              -40.0
            ],
            [
              158.0,
              -30.0
            ],
            [
              160.0,
              -25.0
            ]
          ]
        ]
      },
      "properties": {
        "class": "airspace",
        "ident": "NZZC",
        "type": "F",
        "name": "AUCKLAND FIR",
        "upper_limit": 600,
        "lower_limit": 0
      }
    },
    {
      "type": "Feature",
      "geometry": {
        "type": "Polygon",
        "coordinates": [
          [
            [
              25.0,
              35.0
            ],
            [
              40.0,
              35.0
            ],
            [
              42.0,
              25.0
            ],
            [
              35.0,
              20.0
            ],
            [
              25.0,
              20.0
            ],
            [
              22.0,
              28.0
            ],
            [
              25.0,
              35.0
            ]
          ]
        ]
      },
      "properties": {
        "class": "airspace",
        "ident": "HECC",
        "type": "F",
        "name": "CAIRO FIR",
        "upper_limit": 600,
        "lower_limit": 0
      }
    },
    {
      "type": "Feature",
      "geometry": {
        "type": "Polygon",
        "coordinates": [
          [
            [
              15.0,
              -10.0
            ],
            [
              35.0,
              -10.0
            ],
            [
              40.0,
              -30.0
            ],
            [
              30.0,
              -35.0
            ],
            [
              15.0,
              -35.0
            ],
            [
              10.0,
              -20.0
            ],
            [
              15.0,
              -10.0
            ]
          ]
        ]
      },
      "properties": {
        "class": "airspace",
        "ident": "FAJO",
        "type": "F",
        "name": "JOHANNESBURG FIR",
        "upper_limit": 600,
        "lower_limit": 0
      }
    },
    {
      "type": "Feature",
      "geometry": {
        "type": "Polygon",
        "coordinates": [
          [
            [
              -50.0,
              0.0
            ],
            [
              -35.0,
              0.0
            ],
            [
              -30.0,
              -25.0
            ],
            [
              -40.0,
              -35.0
            ],
            [
              -55.0,
              -35.0
            ],
            [
              -60.0,
              -15.0
            ],
            [
              -50.0,
              0.0
            ]
          ]
        ]
      },
      "properties": {
        "class": "airspace",
        "ident": "SBAO",
        "type": "F",
        "name": "SAO PAULO FIR",
        "upper_limit": 600,
        "lower_limit": 0
      }
    },
    {
      "type": "Feature",
      "geometry": {
        "type": "Polygon",
        "coordinates": [
          [
            [
              -105.0,
              30.0
            ],
            [
              -85.0,
              30.0
            ],
            [
              -80.0,
              15.0
            ],
            [
              -95.0,
              10.0
            ],
            [
              -110.0,
              10.0
            ],
            [
              -115.0,
              20.0
            ],
            [
              -105.0,
              30.0
            ]
          ]
        ]
      },
      "properties": {
        "class": "airspace",
        "ident": "MMFR",
        "type": "F",
        "name": "MEXICO FIR",
        "upper_limit": 600,
        "lower_limit": 0
      }
    },
    {
      "type": "Feature",
      "geometry": {
        "type": "Polygon",
        "coordinates": [
          [
            [
              116.6031,
              40.49628888888889
            ],
            [
              116.98956944444444,
              40.37368888888889
            ],
            [
              117.14728055555557,
              40.078630555555556
            ],
            [
              116.98625,
              39.784838888888885
            ],
            [
              116.6031,
              39.66351111111111
            ],
            [
              116.21995,
              39.784838888888885
            ],
            [
              116.05891944444444,
              40.078630555555556
            ],
            [
              116.21663055555555,
              40.37368888888889
            ],
            [
              116.6031,
              40.49628888888889
            ]
          ]
        ]
      },
      "properties": {
        "class": "airspace",
        "ident": "ZBAA",
        "type": "T",
        "name": "ZBAA CTR",
        "upper_limit": 1000,
        "lower_limit": 0
      }
    },
    {
      "type": "Feature",
      "geometry": {
        "type": "Polygon",
        "coordinates": [
          [
            [
              121.8083,
              31.56068888888889
            ],
            [
              122.1533888888889,
              31.438269444444444
            ],
            [
              122.2948,
              31.14338888888889
            ],
            [
              122.15125,
              30.849419444444443
            ],
            [
              121.8083,
              30.72791111111111
            ],
            [
              121.46535,
              30.849419444444443
            ],
            [
              121.3218,
              31.14338888888889
            ],
            [
              121.46321111111111,
              31.438269444444444
            ],
            [
              121.8083,
              31.56068888888889
            ]
          ]
        ]
      },
      "properties": {
        "class": "airspace",
        "ident": "ZSPD",
        "type": "T",
        "name": "ZSPD CTR",
        "upper_limit": 1000,
        "lower_limit": 0
      }
    },
    {
      "type": "Feature",
      "geometry": {
        "type": "Polygon",
        "coordinates": [
          [
            [
              113.2988,
              23.80878888888889
            ],
            [
              113.6203111111111,
              23.6865
            ],
            [
              113.75246944444444,
              23.39175
            ],
            [
              113.61888888888888,
              23.097649999999998
            ],
            [
              113.2988,
              22.97601111111111
            ],
            [
              112.97871111111111,
              23.097649999999998
            ],
            [
              112.84513055555556,
              23.39175
            ],
            [
              112.97728888888889,
              23.6865
            ],
            [
              113.2988,
              23.80878888888889
            ]
          ]
        ]
      },
      "properties": {
        "class": "airspace",
        "ident": "ZGGG",
        "type": "T",
        "name": "ZGGG CTR",
        "upper_limit": 1000,
        "lower_limit": 0
      }
    },
    {
      "type": "Feature",
      "geometry": {
        "type": "Polygon",
        "coordinates": [
          [
            [
              103.947,
              30.99488888888889
            ],
            [
              104.29003055555556,
              30.872480555555555
            ],
            [
              104.4306388888889,
              30.57761111111111
            ],
            [
              104.28796111111112,
              30.283630555555558
            ],
            [
              103.947,
              30.16211111111111
            ],
            [
              103.60603888888889,
              30.283630555555558
            ],
            [
              103.46336111111111,
              30.57761111111111
            ],
            [
              103.60396944444445,
              30.872480555555555
            ],
            [
              103.947,
              30.99488888888889
            ]
          ]
        ]
      },
      "properties": {
        "class": "airspace",
        "ident": "ZUUU",
        "type": "T",
        "name": "ZUUU CTR",
        "upper_limit": 1000,
        "lower_limit": 0
      }
    },
    {
      "type": "Feature",
      "geometry": {
        "type": "Polygon",
        "coordinates": [
          [
            [
              121.3363,
              31.61428888888889
            ],
            [
              121.68158055555556,
              31.491869444444447
            ],
            [
              121.82308055555555,
              31.196980555555555
            ],
            [
              121.6794388888889,
              30.903019444444443
            ],
            [
              121.3363,
              30.78151111111111
            ],
            [
              120.9931611111111,
              30.903019444444443
            ],
            [
              120.84951944444444,
              31.196980555555555
            ],
            [
              120.99101944444445,
              31.491869444444447
            ],
            [
              121.3363,
              31.61428888888889
            ]
          ]
        ]
      },
      "properties": {
        "class": "airspace",
        "ident": "ZSSS",
        "type": "T",
        "name": "ZSSS CTR",
        "upper_limit": 1000,
        "lower_limit": 0
      }
    },
    {
      "type": "Feature",
      "geometry": {
        "type": "Polygon",
        "coordinates": [
          [
            [
              108.7516,
              34.86348888888889
            ],
            [
              109.1099,
              34.74101111111111
            ],
            [
              109.25651944444445,
              34.446061111111106
            ],
            [
              109.10738055555555,
              34.15215
            ],
            [
              108.7516,
              34.03071111111111
            ],
            [
              108.39581944444446,
              34.15215
            ],
            [
              108.24668055555556,
              34.446061111111106
            ],
            [
              108.39330000000001,
              34.74101111111111
            ],
            [
              108.7516,
              34.86348888888889
            ]
          ]
        ]
      },
      "properties": {
        "class": "airspace",
        "ident": "ZLXY",
        "type": "T",
        "name": "ZLXY CTR",
        "upper_limit": 1000,
        "lower_limit": 0
      }
    },
    {
      "type": "Feature",
      "geometry": {
        "type": "Polygon",
        "coordinates": [
          [
            [
              139.77980000000002,
              35.965788888888895
            ],
            [
              140.1430111111111,
              35.84328888888889
            ],
            [
              140.29156944444443,
              35.548319444444445
            ],
            [
              140.1403611111111,
              35.25443055555556
            ],
            [
              139.77980000000002,
              35.13301111111111
            ],
            [
              139.41923888888888,
              35.25443055555556
            ],
            [
              139.26803055555555,
              35.548319444444445
            ],
            [
              139.4165888888889,
              35.84328888888889
            ],
            [
              139.77980000000002,
              35.965788888888895
            ]
          ]
        ]
      },
      "properties": {
        "class": "airspace",
        "ident": "RJTT",
        "type": "T",
        "name": "RJTT CTR",
        "upper_limit": 1000,
        "lower_limit": 0
      }
    },
    {
      "type": "Feature",
      "geometry": {
        "type": "Polygon",
        "coordinates": [
          [
            [
              135.233,
              34.85108888888889
            ],
            [
              135.59125,
              34.728611111111114
            ],
            [
              135.73784999999998,
              34.43366111111111
            ],
            [
              135.58873055555557,
              34.13976111111111
            ],
            [
              135.233,
              34.01831111111111
            ],
            [
              134.87726944444447,
              34.13976111111111
            ],
            [
              134.72815,
              34.43366111111111
            ],
            [
              134.87475,
              34.728611111111114
            ],
            [
              135.233,
              34.85108888888889
            ]
          ]
        ]
      },
      "properties": {
        "class": "airspace",
        "ident": "RJBB",
        "type": "T",
        "name": "RJBB CTR",
        "upper_limit": 1000,
        "lower_limit": 0
      }
    },
    {
      "type": "Feature",
      "geometry": {
        "type": "Polygon",
        "coordinates": [
          [
            [
              126.4407,
              37.87658888888889
            ],
            [
              126.81308888888888,
              37.75405
            ],
            [
              126.96526111111112,
              37.45903888888889
            ],
            [
              126.81016944444444,
              37.165188888888885
            ],
            [
              126.4407,
              37.04381111111111
            ],
            [
              126.07123055555556,
              37.165188888888885
            ],
            [
              125.9161388888889,
              37.45903888888889
            ],
            [
              126.0683111111111,
              37.75405
            ],
            [
              126.4407,
              37.87658888888889
            ]
          ]
        ]
      },
      "properties": {
        "class": "airspace",
        "ident": "RKSI",
        "type": "T",
        "name": "RKSI CTR",
        "upper_limit": 1000,
        "lower_limit": 0
      }
    },
    {
      "type": "Feature",
      "geometry": {
        "type": "Polygon",
        "coordinates": [
          [
            [
              113.91850000000001,
              22.72438888888889
            ],
            [
              114.23741944444444,
              22.602119444444448
            ],
            [
              114.36856944444443,
              22.307380555555557
            ],
            [
              114.23608055555556,
              22.01326111111111
            ],
            [
              113.91850000000001,
              21.89161111111111
            ],
            [
              113.60091944444444,
              22.01326111111111
            ],
            [
              113.46843055555556,
              22.307380555555557
            ],
            [
              113.59958055555555,
              22.602119444444448
            ],
            [
              113.91850000000001,
              22.72438888888889
            ]
          ]
        ]
      },
      "properties": {
        "class": "airspace",
        "ident": "VHHH",
        "type": "T",
        "name": "VHHH CTR",
        "upper_limit": 1000,
        "lower_limit": 0
      }
    }
  ],
  "metadata": {
    "airport_count": 46,
    "waypoint_count": 338,
    "navaid_count": 36,
    "airway_count": 24,
    "procedure_count": 93,
    "airspace_count": 31,
    "raw_record_count": 1355
  }
}